,Unnamed: 0.2,Unnamed: 0.1,Week,Team,Player,Slot,Pos,Status,Proj,Actual
0,0,0,1,1,Saquon Barkley,2,RB,ACTIVE,23.115309344000003,17.9
1,1,1,1,1,Alvin Kamara,2,RB,ACTIVE,21.168969965,23.9
2,2,2,1,1,James White,23,Flex,ACTIVE,13.946106435,13.2
3,3,3,1,1,Tyler Boyd,4,WR,ACTIVE,14.1355637949,14.3
4,4,4,1,1,Jared Goff,0,QB,ACTIVE,17.2441300371,9.44
5,5,5,1,1,Austin Hooper,6,TE,ACTIVE,9.3281575482,16.7
6,6,6,1,1,Marquez Valdes-Scantling,20,Bench,ACTIVE,8.848491298999999,9.2
7,7,7,1,1,Jordan Howard,20,Bench,QUESTIONABLE,8.8358438786,7.5
8,8,8,1,1,Donte Moncrief,23,Flex,ACTIVE,9.860879988,3.7
9,9,9,1,1,Michael Gallup,4,WR,ACTIVE,10.025585721,22.8
10,10,10,1,1,Giovani Bernard,20,Bench,ACTIVE,8.714693907,8.3
11,11,11,1,1,Frank Gore,20,Bench,ACTIVE,6.410121954,2.0
12,12,12,1,1,T.J. Hockenson,20,Bench,QUESTIONABLE,7.051754304,25.1
13,13,13,1,2,David Johnson,2,RB,ACTIVE,19.411101584000004,25.700000000000003
14,14,14,1,2,Brandin Cooks,4,WR,ACTIVE,14.4448739558,5.9
15,15,15,1,2,Mike Evans,4,WR,QUESTIONABLE,15.970178675,4.800000000000001
16,16,16,1,2,Mark Ingram II,2,RB,ACTIVE,14.348674559999996,22.700000000000003
17,17,17,1,2,Jameis Winston,0,QB,QUESTIONABLE,18.801919017,7.06
18,18,18,1,2,Nyheim Hines,20,Bench,ACTIVE,7.513730299,5.7
19,19,19,1,2,Malcolm Brown,20,Bench,ACTIVE,2.4735649615,17.3
20,20,20,1,2,KeeSean Johnson,23,Flex,ACTIVE,3.8783303398,9.6
21,21,21,1,2,Rashard Higgins,20,Bench,ACTIVE,7.484435894000001,6.6000000000000005
22,22,22,1,2,Alexander Mattison,20,Bench,ACTIVE,3.3032015940000004,4.9
23,23,23,1,2,N'Keal Harry,21,IR,ACTIVE,0.0,0.0
24,24,24,1,2,Kyler Murray,20,Bench,ACTIVE,17.883930577999998,21.62
25,25,25,1,2,T.Y. Hilton,23,Flex,ACTIVE,12.778991723,28.700000000000003
26,26,26,1,2,Greg Olsen,6,TE,ACTIVE,8.413158395,7.6
27,27,27,1,3,Todd Gurley II,2,RB,ACTIVE,16.979200933999998,11.1
28,28,28,1,3,Keenan Allen,4,WR,ACTIVE,15.9350595261,26.3
29,29,29,1,3,Tyler Lockett,4,WR,ACTIVE,12.711331242000002,11.4
30,30,30,1,3,Adam Thielen,23,Flex,ACTIVE,15.272118359199998,13.3
31,31,31,1,3,Carson Wentz,0,QB,QUESTIONABLE,19.252510704,25.02
32,32,32,1,3,Robby Anderson,23,Flex,ACTIVE,11.4139816439,5.300000000000001
33,33,33,1,3,Kenyan Drake,2,RB,ACTIVE,13.131430247,4.7
34,34,34,1,3,Derrius Guice,20,Bench,ACTIVE,12.716159191,6.8
35,35,35,1,3,Hunter Henry,6,TE,ACTIVE,9.973743067,10.0
36,36,36,1,3,Kareem Hunt,20,Bench,ACTIVE,0.0,0.0
37,37,37,1,3,Justin Jackson,20,Bench,ACTIVE,9.032645726,7.1000000000000005
38,38,38,1,3,Darrell Henderson Jr.,20,Bench,QUESTIONABLE,5.883932789,0.0
39,39,39,1,3,Ben Roethlisberger,20,Bench,QUESTIONABLE,17.3731268619,9.740000000000002
40,40,40,1,5,Christian McCaffrey,2,RB,ACTIVE,20.959282922000003,42.9
41,41,41,1,5,Patrick Mahomes,0,QB,ACTIVE,19.907314699,27.32
42,42,42,1,5,Chris Carson,2,RB,QUESTIONABLE,15.637184675,24.0
43,43,43,1,5,Dede Westbrook,4,WR,ACTIVE,12.533759862999998,14.2
44,44,44,1,5,O.J. Howard,6,TE,ACTIVE,10.321463142,5.2
45,45,45,1,5,Tony Pollard,20,Bench,ACTIVE,4.678987622200001,2.4000000000000004
46,46,46,1,5,Lamar Jackson,20,Bench,ACTIVE,18.852493907000003,33.56
47,47,47,1,5,Peyton Barber,20,Bench,ACTIVE,9.360197641,6.500000000000001
48,48,48,1,5,Sammy Watkins,4,WR,ACTIVE,10.7171153977,46.8
49,49,49,1,5,Curtis Samuel,20,Bench,ACTIVE,10.2443867125,6.2
50,50,50,1,5,Marvin Jones Jr.,23,Flex,QUESTIONABLE,12.188846924,10.0
51,51,51,1,5,Tyrell Williams,23,Flex,QUESTIONABLE,12.449865289,22.5
52,52,52,1,5,Marquise Goodwin,20,Bench,QUESTIONABLE,6.627318239000001,1.7000000000000002
53,53,53,1,6,Julian Edelman,23,Flex,QUESTIONABLE,16.3783064643,16.380000000000003
54,54,54,1,6,Evan Engram,6,TE,QUESTIONABLE,11.9676820396,28.6
55,55,55,1,6,Damien Williams,2,RB,ACTIVE,12.186201062,18.5
56,56,56,1,6,Leonard Fournette,2,RB,QUESTIONABLE,17.448394424,11.400000000000002
57,57,57,1,6,James Conner,23,Flex,QUESTIONABLE,15.23473426,10.5
58,58,58,1,6,DJ Moore,4,WR,QUESTIONABLE,13.0054759258,12.6
59,59,59,1,6,Alshon Jeffery,4,WR,QUESTIONABLE,12.220765912,22.1
60,60,60,1,6,Allen Robinson II,20,Bench,ACTIVE,12.871781834,17.200000000000003
61,61,61,1,6,Baker Mayfield,0,QB,ACTIVE,16.5818363087,9.4
62,62,62,1,6,Dak Prescott,20,Bench,ACTIVE,21.222477131,33.4
63,63,63,1,6,Keke Coutee,20,Bench,ACTIVE,7.415387510400001,0.0
64,64,64,1,6,Marqise Lee,20,Bench,QUESTIONABLE,6.0056596405,0.0
65,65,65,1,6,Kalen Ballage,20,Bench,QUESTIONABLE,6.997499500500001,2.2
66,66,66,1,7,Julio Jones,4,WR,ACTIVE,16.8534972319,15.1
67,67,67,1,7,Tyreek Hill,4,WR,ACTIVE,17.293652672799997,4.1
68,68,68,1,7,Robert Woods,23,Flex,ACTIVE,13.4009268611,16.6
69,69,69,1,7,Sony Michel,2,RB,ACTIVE,11.883758334,1.4
70,70,70,1,7,Phillip Lindsay,2,RB,QUESTIONABLE,11.870687790000002,10.6
71,71,71,1,7,Matt Ryan,0,QB,ACTIVE,17.5558978004,18.56
72,72,72,1,7,Larry Fitzgerald,20,Bench,ACTIVE,10.879771742,25.3
73,73,73,1,7,Tevin Coleman,23,Flex,ACTIVE,11.655203211,7.600000000000001
74,74,74,1,7,Vance McDonald,6,TE,ACTIVE,9.575599203,6.0
75,75,75,1,7,Jaylen Samuels,20,Bench,ACTIVE,6.336447719,1.6
76,76,76,1,7,Dante Pettis,20,Bench,ACTIVE,10.163918495,1.7000000000000002
77,77,77,1,7,James Washington,20,Bench,ACTIVE,9.096815221,7.1000000000000005
78,78,78,1,7,Mark Andrews,20,Bench,ACTIVE,8.519612818999999,24.8
79,79,79,1,8,Le'Veon Bell,2,RB,ACTIVE,15.869068654,23.2
80,80,80,1,8,Aaron Rodgers,20,Bench,ACTIVE,15.944781335999998,12.920000000000002
81,81,81,1,8,Michael Thomas,4,WR,ACTIVE,18.515716792000003,22.3
82,82,82,1,8,Josh Jacobs,2,RB,QUESTIONABLE,15.641104302,24.3
83,83,83,1,8,Marlon Mack,23,Flex,ACTIVE,11.048374284,25.4
84,84,84,1,8,Mike Williams,4,WR,ACTIVE,12.6707992318,4.9
85,85,85,1,8,Rashaad Penny,23,Flex,QUESTIONABLE,9.179991545999998,1.8
86,86,86,1,8,Delanie Walker,6,TE,QUESTIONABLE,9.348344113,22.5
87,87,87,1,8,David Njoku,20,Bench,ACTIVE,8.833058005,13.7
88,88,88,1,8,Mohamed Sanu Sr.,20,Bench,QUESTIONABLE,9.2034984785,10.7
89,89,89,1,8,Mitchell Trubisky,0,QB,QUESTIONABLE,18.356920329,8.22
90,90,90,1,8,Adam Humphries,20,Bench,ACTIVE,9.0569054445,1.5
91,91,91,1,8,Chris Conley,20,Bench,ACTIVE,9.122114065000002,21.700000000000003
92,92,92,1,9,Travis Kelce,6,TE,ACTIVE,16.695729236000002,11.8
93,93,93,1,9,Stefon Diggs,4,WR,ACTIVE,14.331195488,5.7
94,94,94,1,9,Chris Godwin,4,WR,QUESTIONABLE,12.59416925,14.3
95,95,95,1,9,Nick Chubb,23,Flex,ACTIVE,17.655834067,11.5
96,96,96,1,9,Aaron Jones,2,RB,ACTIVE,12.515832916,4.9
97,97,97,1,9,David Montgomery,2,RB,ACTIVE,11.130663292999998,5.5
98,98,98,1,9,Duke Johnson,23,Flex,ACTIVE,12.313012123,13.0
99,99,99,1,9,Kirk Cousins,0,QB,ACTIVE,17.3255872695,14.32
100,100,100,1,9,Latavius Murray,20,Bench,ACTIVE,8.340435077999999,12.7
101,101,101,1,9,Kenny Stills,20,Bench,ACTIVE,6.93855345,12.7
102,102,102,1,9,Justice Hill,20,Bench,ACTIVE,3.4502082817,2.7
103,103,103,1,9,Dion Lewis,20,Bench,ACTIVE,8.114425023,4.300000000000001
104,104,104,1,9,John Brown,20,Bench,ACTIVE,8.5966898074,25.3
105,105,105,1,10,Melvin Gordon,20,Bench,ACTIVE,0.0,0.0
106,106,106,1,10,JuJu Smith-Schuster,4,WR,ACTIVE,18.039474586,13.8
107,107,107,1,10,Odell Beckham Jr.,4,WR,QUESTIONABLE,16.2875372455,14.1
108,108,108,1,10,Will Fuller V,23,Flex,QUESTIONABLE,9.371417284,8.9
109,109,109,1,10,Cooper Kupp,23,Flex,ACTIVE,12.589364008,11.6
110,110,110,1,10,Matt Breida,2,RB,ACTIVE,10.676773925,3.7
111,111,111,1,10,Geronimo Allison,20,Bench,ACTIVE,7.385929017,0.0
112,112,112,1,10,Corey Davis,20,Bench,ACTIVE,10.1896204169,0.0
113,113,113,1,10,Devin Singletary,2,RB,ACTIVE,10.116021825,14.8
114,114,114,1,10,Anthony Miller,20,Bench,QUESTIONABLE,5.997885746100001,0.0
115,115,115,1,10,Antonio Brown,20,Bench,ACTIVE,0.0,0.0
116,116,116,1,10,Russell Wilson,0,QB,ACTIVE,18.18846575,16.6
117,117,117,1,10,Eric Ebron,6,TE,QUESTIONABLE,7.3983514908,1.8
118,118,118,1,11,Ezekiel Elliott,2,RB,ACTIVE,21.358941569,13.3
119,119,119,1,11,DeAndre Hopkins,4,WR,QUESTIONABLE,19.708130214,31.1
120,120,120,1,11,Joe Mixon,2,RB,ACTIVE,16.231848105,3.7
121,121,121,1,11,Calvin Ridley,4,WR,QUESTIONABLE,11.4733870476,16.4
122,122,122,1,11,Deshaun Watson,0,QB,ACTIVE,21.472903706,30.72
123,123,123,1,11,Jared Cook,6,TE,ACTIVE,10.679145775000002,5.7
124,124,124,1,11,Jarvis Landry,23,Flex,QUESTIONABLE,11.439377167900002,11.7
125,125,125,1,11,Ronald Jones II,20,Bench,ACTIVE,6.0545526443,10.3
126,126,126,1,11,DK Metcalf,20,Bench,ACTIVE,8.612327409,12.9
127,127,127,1,11,Philip Rivers,20,Bench,ACTIVE,16.679650447,23.92
128,128,128,1,11,DeSean Jackson,23,Flex,ACTIVE,8.872713483699998,35.4
129,129,129,1,11,Jalen Richard,20,Bench,QUESTIONABLE,8.696664614000001,0.3
130,130,130,1,11,Carlos Hyde,20,Bench,ACTIVE,3.6528852468,9.5
131,131,131,1,12,Kerryon Johnson,23,Flex,ACTIVE,14.968090783000005,8.200000000000001
132,132,132,1,12,Davante Adams,4,WR,ACTIVE,16.944905000000002,7.6
133,133,133,1,12,Dalvin Cook,2,RB,ACTIVE,16.58289751,26.0
134,134,134,1,12,Kenny Golladay,4,WR,ACTIVE,13.9940639417,14.2
135,135,135,1,12,Cam Newton,0,QB,QUESTIONABLE,18.493309009,5.36
136,136,136,1,12,Tarik Cohen,2,RB,ACTIVE,11.224650223,12.9
137,137,137,1,12,Miles Sanders,23,Flex,QUESTIONABLE,10.253761781,3.7
138,138,138,1,12,Christian Kirk,20,Bench,ACTIVE,10.3388020656,10.4
139,139,139,1,12,Royce Freeman,20,Bench,ACTIVE,9.739064775000005,7.1000000000000005
140,140,140,1,12,Golden Tate,20,Bench,ACTIVE,0.0,0.0
141,141,141,1,12,Jamison Crowder,20,Bench,ACTIVE,9.826164958500003,24.3
142,142,142,1,12,Courtland Sutton,20,Bench,ACTIVE,10.270137750000002,19.0
143,143,143,1,12,Darren Waller,6,TE,QUESTIONABLE,8.654820399,14.0
144,144,144,1,13,Derrick Henry,2,RB,ACTIVE,13.800856159,28.9
145,145,145,1,13,George Kittle,6,TE,ACTIVE,14.889676217999998,13.4
146,146,146,1,13,Amari Cooper,4,WR,ACTIVE,15.069220243400002,22.6
147,147,147,1,13,Zach Ertz,23,Flex,QUESTIONABLE,13.174507136,10.4
148,148,148,1,13,Devonta Freeman,2,RB,ACTIVE,14.335962946,4.1000000000000005
149,149,149,1,13,A.J. Green,20,Bench,QUESTIONABLE,0.0,0.0
150,150,150,1,13,Tom Brady,20,Bench,ACTIVE,18.217252347,25.64
151,151,151,1,13,Josh Gordon,20,Bench,OUT,12.702891195,16.3
152,152,152,1,13,Drew Brees,0,QB,ACTIVE,18.5272848897,20.8
153,153,153,1,13,Emmanuel Sanders,20,Bench,ACTIVE,11.967789206199996,19.6
154,154,154,1,13,LeSean McCoy,20,Bench,ACTIVE,5.1217352325,10.3
155,155,155,1,13,Austin Ekeler,23,Flex,ACTIVE,15.941498371,39.400000000000006
156,156,156,1,13,Sterling Shepard,4,WR,ACTIVE,13.8786587976,10.2
157,157,157,2,1,Saquon Barkley,2,RB,ACTIVE,23.028357559,22.500000000000004
158,158,158,2,1,Alvin Kamara,2,RB,ACTIVE,20.831770348000003,7.0
159,159,159,2,1,James White,23,Flex,ACTIVE,12.207303144,11.9
160,160,160,2,1,Tyler Boyd,4,WR,ACTIVE,12.862739741800002,22.200000000000003
161,161,161,2,1,Jared Goff,0,QB,ACTIVE,17.0533479534,19.12
162,162,162,2,1,Austin Hooper,20,Bench,ACTIVE,9.767052356,7.4
163,163,163,2,1,Marquez Valdes-Scantling,20,Bench,ACTIVE,8.791062305499999,4.9
164,164,164,2,1,Michael Gallup,23,Flex,ACTIVE,10.320334535,12.8
165,165,165,2,1,Giovani Bernard,20,Bench,ACTIVE,11.715615905000002,2.3000000000000003
166,166,166,2,1,T.J. Hockenson,6,TE,QUESTIONABLE,9.138019633,1.7000000000000002
167,167,167,2,1,Marquise Brown,20,Bench,QUESTIONABLE,8.707622675000001,16.6
168,168,168,2,1,John Ross III,4,WR,ACTIVE,11.5872762099,21.200000000000003
169,169,169,2,1,Jameis Winston,20,Bench,QUESTIONABLE,17.009458418,13.22
170,170,170,2,2,David Johnson,2,RB,ACTIVE,17.835364303,8.4
171,171,171,2,2,Brandin Cooks,4,WR,ACTIVE,14.374831336400002,16.6
172,172,172,2,2,Mike Evans,4,WR,QUESTIONABLE,14.019683288,10.1
173,173,173,2,2,Mark Ingram II,2,RB,ACTIVE,12.827068136,9.7
174,174,174,2,2,Nyheim Hines,20,Bench,ACTIVE,7.345951303,2.4
175,175,175,2,2,Malcolm Brown,23,Flex,ACTIVE,7.528036426100001,5.7
176,176,176,2,2,KeeSean Johnson,20,Bench,ACTIVE,7.339608945,6.1
177,177,177,2,2,Rashard Higgins,20,Bench,ACTIVE,6.279681307,0.0
178,178,178,2,2,Alexander Mattison,20,Bench,ACTIVE,3.2610238381,2.5
179,179,179,2,2,N'Keal Harry,21,IR,ACTIVE,0.0,0.0
180,180,180,2,2,Kyler Murray,0,QB,ACTIVE,15.324695575,16.36
181,181,181,2,2,T.Y. Hilton,23,Flex,ACTIVE,13.342860080000005,14.3
182,182,182,2,2,Greg Olsen,6,TE,ACTIVE,9.214111124,17.0
183,183,183,2,2,Corey Davis,20,Bench,ACTIVE,7.9557000871,6.800000000000001
184,184,184,2,3,Todd Gurley II,2,RB,ACTIVE,13.740985384,15.7
185,185,185,2,3,Keenan Allen,4,WR,ACTIVE,18.3898028518,17.8
186,186,186,2,3,Tyler Lockett,4,WR,ACTIVE,12.074937621700002,17.9
187,187,187,2,3,Adam Thielen,23,Flex,ACTIVE,15.362609969,12.5
188,188,188,2,3,Carson Wentz,0,QB,QUESTIONABLE,20.084051547,17.54
189,189,189,2,3,Robby Anderson,23,Flex,ACTIVE,10.8813814136,12.1
190,190,190,2,3,Kenyan Drake,2,RB,ACTIVE,11.63885833,9.8
191,191,191,2,3,Derrius Guice,20,Bench,ACTIVE,0.0,0.0
192,192,192,2,3,Hunter Henry,21,IR,ACTIVE,0.0,0.0
193,193,193,2,3,Kareem Hunt,20,Bench,ACTIVE,0.0,0.0
194,194,194,2,3,Justin Jackson,20,Bench,ACTIVE,9.210039426,7.4
195,195,195,2,3,Ben Roethlisberger,20,Bench,QUESTIONABLE,18.8469115626,3.0
196,196,196,2,3,Tyler Eifert,6,TE,ACTIVE,6.726768020000001,9.9
197,197,197,2,3,Ted Ginn Jr.,20,Bench,ACTIVE,9.3449970351,0.0
198,198,198,2,5,Christian McCaffrey,2,RB,ACTIVE,25.12085851,7.300000000000001
199,199,199,2,5,Patrick Mahomes,0,QB,ACTIVE,24.763503267000004,31.62
200,200,200,2,5,Chris Carson,2,RB,QUESTIONABLE,15.233578944,9.7
201,201,201,2,5,Dede Westbrook,4,WR,ACTIVE,10.8116786765,1.3
202,202,202,2,5,O.J. Howard,6,TE,ACTIVE,8.450672377999998,0.0
203,203,203,2,5,Tony Pollard,20,Bench,ACTIVE,4.381349746,3.5
204,204,204,2,5,Lamar Jackson,20,Bench,ACTIVE,19.894536092000003,30.880000000000003
205,205,205,2,5,Peyton Barber,20,Bench,ACTIVE,7.734731360999999,15.9
206,206,206,2,5,Sammy Watkins,4,WR,ACTIVE,15.6444827543,10.9
207,207,207,2,5,Curtis Samuel,20,Bench,ACTIVE,10.281994514100004,14.3
208,208,208,2,5,Marvin Jones Jr.,23,Flex,QUESTIONABLE,10.807649612000002,9.3
209,209,209,2,5,Tyrell Williams,23,Flex,QUESTIONABLE,14.794147071,15.6
210,210,210,2,5,Marquise Goodwin,20,Bench,QUESTIONABLE,6.9787058964,16.7
211,211,211,2,6,Julian Edelman,23,Flex,QUESTIONABLE,13.8003693567,9.2
212,212,212,2,6,Evan Engram,6,TE,QUESTIONABLE,12.629873858500002,10.8
213,213,213,2,6,Damien Williams,23,Flex,ACTIVE,13.885573442000002,8.600000000000001
214,214,214,2,6,Leonard Fournette,2,RB,QUESTIONABLE,15.583707274,12.7
215,215,215,2,6,James Conner,2,RB,QUESTIONABLE,16.954790162000002,13.5
216,216,216,2,6,DJ Moore,4,WR,QUESTIONABLE,13.0508605373,17.9
217,217,217,2,6,Alshon Jeffery,4,WR,QUESTIONABLE,13.010422222,0.0
218,218,218,2,6,Allen Robinson II,20,Bench,ACTIVE,12.815590617,8.100000000000001
219,219,219,2,6,Baker Mayfield,20,Bench,ACTIVE,17.7778331736,15.0
220,220,220,2,6,Dak Prescott,0,QB,ACTIVE,19.462384585,27.66
221,221,221,2,6,Keke Coutee,20,Bench,ACTIVE,7.136098343200002,2.7
222,222,222,2,6,Marqise Lee,21,IR,QUESTIONABLE,0.0,0.0
223,223,223,2,6,Donte Moncrief,20,Bench,ACTIVE,8.933334721000001,0.0
224,224,224,2,6,Jordan Howard,20,Bench,QUESTIONABLE,7.0462480745,3.6
225,225,225,2,7,Julio Jones,4,WR,ACTIVE,19.132007059000003,27.6
226,226,226,2,7,Tyreek Hill,21,IR,ACTIVE,0.0,0.0
227,227,227,2,7,Robert Woods,23,Flex,ACTIVE,14.424464042500002,6.2
228,228,228,2,7,Sony Michel,2,RB,ACTIVE,11.968553161,12.3
229,229,229,2,7,Phillip Lindsay,2,RB,QUESTIONABLE,13.088183646999996,10.6
230,230,230,2,7,Matt Ryan,0,QB,ACTIVE,19.2581800994,19.1
231,231,231,2,7,Larry Fitzgerald,4,WR,ACTIVE,11.872501044000002,15.4
232,232,232,2,7,Tevin Coleman,20,Bench,ACTIVE,0.0,0.0
233,233,233,2,7,Vance McDonald,20,Bench,ACTIVE,9.092123668,22.8
234,234,234,2,7,Jaylen Samuels,20,Bench,ACTIVE,6.738661421,4.1
235,235,235,2,7,Dante Pettis,20,Bench,ACTIVE,5.022486672,0.64
236,236,236,2,7,James Washington,23,Flex,ACTIVE,8.816488369,4.300000000000001
237,237,237,2,7,Mark Andrews,6,TE,ACTIVE,9.507607772,25.200000000000003
238,238,238,2,7,Trey Quinn,20,Bench,QUESTIONABLE,9.4143900908,7.6
239,239,239,2,8,Le'Veon Bell,2,RB,ACTIVE,19.124411305,20.9
240,240,240,2,8,Aaron Rodgers,0,QB,ACTIVE,17.147755214,14.36
241,241,241,2,8,Michael Thomas,4,WR,ACTIVE,18.462936074,18.9
242,242,242,2,8,Josh Jacobs,2,RB,QUESTIONABLE,16.705936523000002,9.9
243,243,243,2,8,Marlon Mack,23,Flex,ACTIVE,13.105331906,8.3
244,244,244,2,8,Mike Williams,4,WR,ACTIVE,9.9709293138,11.3
245,245,245,2,8,Rashaad Penny,20,Bench,QUESTIONABLE,6.8547479404,13.5
246,246,246,2,8,Delanie Walker,20,Bench,QUESTIONABLE,9.126807918,7.9
247,247,247,2,8,David Njoku,6,TE,ACTIVE,9.412032376,0.0
248,248,248,2,8,Mohamed Sanu Sr.,20,Bench,QUESTIONABLE,9.449484384299998,5.6
249,249,249,2,8,Mitchell Trubisky,20,Bench,QUESTIONABLE,16.791305681,5.6
250,250,250,2,8,Adam Humphries,20,Bench,ACTIVE,6.595912461600001,2.0
251,251,251,2,8,Chris Conley,23,Flex,ACTIVE,10.134025905,11.3
252,252,252,2,9,Travis Kelce,6,TE,ACTIVE,20.136662434,23.700000000000003
253,253,253,2,9,Stefon Diggs,4,WR,ACTIVE,14.6338776675,9.9
254,254,254,2,9,Chris Godwin,4,WR,QUESTIONABLE,14.35112271,26.1
255,255,255,2,9,Nick Chubb,23,Flex,ACTIVE,18.529737393,19.8
256,256,256,2,9,Aaron Jones,2,RB,ACTIVE,14.21299489,25.0
257,257,257,2,9,David Montgomery,20,Bench,ACTIVE,9.995138243,13.8
258,258,258,2,9,Duke Johnson,2,RB,ACTIVE,11.755089366,3.1
259,259,259,2,9,Latavius Murray,20,Bench,ACTIVE,7.975839066000002,3.3000000000000003
260,260,260,2,9,Kenny Stills,20,Bench,ACTIVE,6.083808895,5.800000000000001
261,261,261,2,9,Justice Hill,20,Bench,ACTIVE,3.4385619543000003,2.4
262,262,262,2,9,Dion Lewis,20,Bench,ACTIVE,8.063145965,2.4
263,263,263,2,9,John Brown,23,Flex,ACTIVE,10.00093261,14.2
264,264,264,2,9,Josh Allen,0,QB,ACTIVE,18.757954429,22.22
265,265,265,2,10,Melvin Gordon,20,Bench,ACTIVE,0.0,0.0
266,266,266,2,10,JuJu Smith-Schuster,4,WR,ACTIVE,16.287725085,13.4
267,267,267,2,10,Odell Beckham Jr.,4,WR,QUESTIONABLE,17.044761357499997,28.1
268,268,268,2,10,Will Fuller V,20,Bench,QUESTIONABLE,8.991401644,8.0
269,269,269,2,10,Cooper Kupp,23,Flex,ACTIVE,13.1845168129,17.6
270,270,270,2,10,Matt Breida,2,RB,ACTIVE,12.74031163,14.2
271,271,271,2,10,Geronimo Allison,20,Bench,ACTIVE,7.142548033000001,10.5
272,272,272,2,10,Devin Singletary,20,Bench,ACTIVE,10.868804861,11.7
273,273,273,2,10,Antonio Brown,23,Flex,ACTIVE,13.295201381999998,16.1
274,274,274,2,10,Russell Wilson,0,QB,ACTIVE,17.879610561,24.2
275,275,275,2,10,Adrian Peterson,20,Bench,ACTIVE,10.885895831,11.2
276,276,276,2,10,Jimmy Graham,6,TE,ACTIVE,8.315459717,0.0
277,277,277,2,10,Chris Thompson,2,RB,ACTIVE,11.624174306,10.1
278,278,278,2,11,Ezekiel Elliott,2,RB,ACTIVE,21.697060164000003,20.0
279,279,279,2,11,DeAndre Hopkins,4,WR,QUESTIONABLE,15.97145123,9.0
280,280,280,2,11,Joe Mixon,2,RB,ACTIVE,14.839322041000004,5.7
281,281,281,2,11,Calvin Ridley,4,WR,QUESTIONABLE,12.5216111564,24.5
282,282,282,2,11,Deshaun Watson,0,QB,ACTIVE,18.676715675,12.86
283,283,283,2,11,Jared Cook,6,TE,ACTIVE,10.481514941,4.5
284,284,284,2,11,Jarvis Landry,23,Flex,QUESTIONABLE,11.9051179454,6.2
285,285,285,2,11,Ronald Jones II,20,Bench,ACTIVE,10.44131775,0.9
286,286,286,2,11,DK Metcalf,20,Bench,ACTIVE,9.575175542,15.1
287,287,287,2,11,Philip Rivers,20,Bench,ACTIVE,16.839812553099996,10.920000000000002
288,288,288,2,11,DeSean Jackson,23,Flex,ACTIVE,11.716223531100002,0.0
289,289,289,2,11,Jalen Richard,20,Bench,QUESTIONABLE,8.307740148,2.5
290,290,290,2,11,Carlos Hyde,20,Bench,ACTIVE,7.731222361,9.0
291,291,291,2,12,Kerryon Johnson,2,RB,ACTIVE,14.518535167,16.8
292,292,292,2,12,Davante Adams,4,WR,ACTIVE,16.217662293,17.6
293,293,293,2,12,Dalvin Cook,2,RB,ACTIVE,15.903669795,28.1
294,294,294,2,12,Kenny Golladay,4,WR,ACTIVE,12.393973239,25.700000000000003
295,295,295,2,12,Cam Newton,0,QB,QUESTIONABLE,19.030975859,11.32
296,296,296,2,12,Tarik Cohen,20,Bench,ACTIVE,11.235898653,4.5
297,297,297,2,12,Miles Sanders,23,Flex,QUESTIONABLE,9.504738566,6.700000000000001
298,298,298,2,12,Christian Kirk,20,Bench,ACTIVE,11.2274643158,17.4
299,299,299,2,12,Royce Freeman,20,Bench,ACTIVE,9.668551562,15.2
300,300,300,2,12,Golden Tate,20,Bench,ACTIVE,0.0,0.0
301,301,301,2,12,Jamison Crowder,23,Flex,ACTIVE,11.9091707868,8.0
302,302,302,2,12,Courtland Sutton,20,Bench,ACTIVE,11.364838339,8.0
303,303,303,2,12,Darren Waller,6,TE,QUESTIONABLE,11.391620026,12.3
304,304,304,2,13,Derrick Henry,2,RB,ACTIVE,15.319959148000002,17.400000000000002
305,305,305,2,13,George Kittle,6,TE,ACTIVE,15.58416001,8.4
306,306,306,2,13,Amari Cooper,4,WR,ACTIVE,14.04726632,14.4
307,307,307,2,13,Zach Ertz,23,Flex,QUESTIONABLE,14.519917026,17.2
308,308,308,2,13,Devonta Freeman,2,RB,ACTIVE,15.768509144999998,9.4
309,309,309,2,13,A.J. Green,21,IR,QUESTIONABLE,0.0,0.0
310,310,310,2,13,Tom Brady,0,QB,ACTIVE,19.9952382941,24.66
311,311,311,2,13,Josh Gordon,20,Bench,OUT,11.589730865,3.9
312,312,312,2,13,Drew Brees,20,Bench,ACTIVE,17.0164522983,-0.48
313,313,313,2,13,Emmanuel Sanders,20,Bench,ACTIVE,10.6670846403,28.8
314,314,314,2,13,LeSean McCoy,20,Bench,ACTIVE,11.649896307,5.300000000000001
315,315,315,2,13,Austin Ekeler,23,Flex,ACTIVE,16.789621910000005,23.3
316,316,316,2,13,Sterling Shepard,4,WR,ACTIVE,0.0,0.0
317,317,317,2,13,Terry McLaurin,20,Bench,QUESTIONABLE,10.250300871,17.2
318,318,318,3,1,Saquon Barkley,2,RB,ACTIVE,20.729541731,7.7
319,319,319,3,1,Alvin Kamara,2,RB,ACTIVE,19.382671975,37.1
320,320,320,3,1,James White,20,Bench,ACTIVE,0.0,0.0
321,321,321,3,1,Tyler Boyd,4,WR,ACTIVE,13.5489094946,12.8
322,322,322,3,1,Jared Goff,20,Bench,ACTIVE,16.7684563362,14.12
323,323,323,3,1,Austin Hooper,6,TE,ACTIVE,9.417386099,24.6
324,324,324,3,1,Marquez Valdes-Scantling,20,Bench,ACTIVE,9.6161778894,21.9
325,325,325,3,1,Michael Gallup,21,IR,ACTIVE,0.0,0.0
326,326,326,3,1,T.J. Hockenson,20,Bench,QUESTIONABLE,9.065036118,1.1
327,327,327,3,1,Marquise Brown,23,Flex,QUESTIONABLE,12.9497490124,6.9
328,328,328,3,1,John Ross III,4,WR,ACTIVE,11.8325066487,2.2
329,329,329,3,1,Devin Smith,20,Bench,ACTIVE,8.309228447,5.9
330,330,330,3,1,Courtland Sutton,23,Flex,ACTIVE,11.024338202,13.7
331,331,331,3,1,Matthew Stafford,0,QB,ACTIVE,15.5174530709,12.14
332,332,332,3,2,David Johnson,2,RB,ACTIVE,18.287131,18.5
333,333,333,3,2,Brandin Cooks,4,WR,ACTIVE,12.7663328408,20.0
334,334,334,3,2,Mike Evans,4,WR,QUESTIONABLE,13.524683468,45.0
335,335,335,3,2,Mark Ingram II,2,RB,ACTIVE,11.078346492,35.5
336,336,336,3,2,Malcolm Brown,20,Bench,ACTIVE,7.126797445099999,0.7000000000000001
337,337,337,3,2,Alexander Mattison,20,Bench,ACTIVE,4.117969253100001,11.8
338,338,338,3,2,N'Keal Harry,21,IR,ACTIVE,0.0,0.0
339,339,339,3,2,Kyler Murray,0,QB,ACTIVE,16.753782121999997,17.82
340,340,340,3,2,T.Y. Hilton,23,Flex,ACTIVE,13.288835086,20.5
341,341,341,3,2,Greg Olsen,6,TE,ACTIVE,9.897533552,25.5
342,342,342,3,2,Corey Davis,20,Bench,ACTIVE,6.858778868600001,7.4
343,343,343,3,2,Deebo Samuel,23,Flex,ACTIVE,9.4695048584,7.4
344,344,344,3,2,Darwin Thompson,20,Bench,ACTIVE,8.215225415,0.8
345,345,345,3,2,Jamison Crowder,20,Bench,ACTIVE,11.6257426053,4.5
346,346,346,3,3,Todd Gurley II,2,RB,ACTIVE,14.852925944,4.3
347,347,347,3,3,Keenan Allen,4,WR,ACTIVE,17.1109194001,43.6
348,348,348,3,3,Tyler Lockett,4,WR,ACTIVE,13.0931557873,32.4
349,349,349,3,3,Adam Thielen,23,Flex,ACTIVE,14.320005122,20.6
350,350,350,3,3,Carson Wentz,0,QB,QUESTIONABLE,17.074183956,21.66
351,351,351,3,3,Robby Anderson,20,Bench,ACTIVE,10.0141062058,4.1
352,352,352,3,3,Kenyan Drake,2,RB,ACTIVE,10.642729736999998,8.200000000000001
353,353,353,3,3,Derrius Guice,20,Bench,ACTIVE,0.0,0.0
354,354,354,3,3,Hunter Henry,21,IR,ACTIVE,0.0,0.0
355,355,355,3,3,Kareem Hunt,20,Bench,ACTIVE,0.0,0.0
356,356,356,3,3,Justin Jackson,20,Bench,ACTIVE,8.577949933000001,7.0
357,357,357,3,3,Tyler Eifert,6,TE,ACTIVE,7.5114307234,2.8
358,358,358,3,3,Demarcus Robinson,23,Flex,ACTIVE,11.278138568,13.3
359,359,359,3,5,Christian McCaffrey,2,RB,ACTIVE,23.466457561,27.8
360,360,360,3,5,Patrick Mahomes,0,QB,ACTIVE,22.64864629,27.86
361,361,361,3,5,Chris Carson,2,RB,QUESTIONABLE,16.003507438,4.0
362,362,362,3,5,Dede Westbrook,20,Bench,ACTIVE,9.5750126413,10.0
363,363,363,3,5,O.J. Howard,6,TE,ACTIVE,7.819489317,9.6
364,364,364,3,5,Lamar Jackson,20,Bench,ACTIVE,21.064347058,21.28
365,365,365,3,5,Peyton Barber,23,Flex,ACTIVE,11.495103651000004,7.500000000000001
366,366,366,3,5,Sammy Watkins,4,WR,ACTIVE,15.0172399326,11.4
367,367,367,3,5,Curtis Samuel,20,Bench,ACTIVE,11.0011182381,16.3
368,368,368,3,5,Marvin Jones Jr.,20,Bench,QUESTIONABLE,11.5506366405,22.1
369,369,369,3,5,Tyrell Williams,23,Flex,QUESTIONABLE,13.054501167000002,11.9
370,370,370,3,5,Marquise Goodwin,20,Bench,QUESTIONABLE,6.511225187,6.1000000000000005
371,371,371,3,5,Randall Cobb,4,WR,ACTIVE,11.461104894899998,4.300000000000001
372,372,372,3,6,Julian Edelman,4,WR,QUESTIONABLE,14.297161424699995,19.2
373,373,373,3,6,Evan Engram,6,TE,QUESTIONABLE,11.9768892287,23.3
374,374,374,3,6,Damien Williams,21,IR,ACTIVE,0.0,0.0
375,375,375,3,6,Leonard Fournette,2,RB,QUESTIONABLE,16.579843449,15.2
376,376,376,3,6,James Conner,23,Flex,QUESTIONABLE,14.581324006,7.7
377,377,377,3,6,DJ Moore,4,WR,QUESTIONABLE,12.8197601028,13.4
378,378,378,3,6,Alshon Jeffery,20,Bench,QUESTIONABLE,0.0,0.0
379,379,379,3,6,Allen Robinson II,23,Flex,ACTIVE,12.658513388,12.0
380,380,380,3,6,Baker Mayfield,20,Bench,ACTIVE,15.9702814308,9.7
381,381,381,3,6,Dak Prescott,0,QB,ACTIVE,21.839718853,22.54
382,382,382,3,6,Keke Coutee,20,Bench,ACTIVE,8.6199433318,0.0
383,383,383,3,6,DJ Chark Jr.,20,Bench,ACTIVE,10.032473986,17.6
384,384,384,3,6,J.J. Arcega-Whiteside,20,Bench,ACTIVE,8.076668134,2.0
385,385,385,3,6,Rex Burkhead,2,RB,ACTIVE,12.441867331,18.9
386,386,386,3,7,Julio Jones,4,WR,ACTIVE,17.3492707686,26.8
387,387,387,3,7,Tyreek Hill,21,IR,ACTIVE,0.0,0.0
388,388,388,3,7,Robert Woods,23,Flex,ACTIVE,12.7636435111,8.8
389,389,389,3,7,Sony Michel,2,RB,ACTIVE,14.8885037713,7.1
390,390,390,3,7,Phillip Lindsay,2,RB,QUESTIONABLE,13.131683805,29.0
391,391,391,3,7,Matt Ryan,0,QB,ACTIVE,17.8771507141,22.46
392,392,392,3,7,Larry Fitzgerald,4,WR,ACTIVE,13.336768389,14.6
393,393,393,3,7,Tevin Coleman,20,Bench,ACTIVE,0.0,0.0
394,394,394,3,7,Vance McDonald,20,Bench,ACTIVE,9.678384383000004,2.0
395,395,395,3,7,Jaylen Samuels,20,Bench,ACTIVE,5.047641533,0.0
396,396,396,3,7,Dante Pettis,20,Bench,ACTIVE,3.980959923,12.0
397,397,397,3,7,James Washington,23,Flex,ACTIVE,7.446705123,3.4000000000000004
398,398,398,3,7,Mark Andrews,6,TE,ACTIVE,12.725002466,4.5
399,399,399,3,7,Trey Quinn,20,Bench,QUESTIONABLE,9.0070382158,8.0
400,400,400,3,8,Le'Veon Bell,2,RB,ACTIVE,18.732036616,10.3
401,401,401,3,8,Aaron Rodgers,0,QB,ACTIVE,17.866375276,13.3
402,402,402,3,8,Michael Thomas,4,WR,ACTIVE,17.343312115,16.4
403,403,403,3,8,Josh Jacobs,2,RB,QUESTIONABLE,12.790248784,4.4
404,404,404,3,8,Marlon Mack,23,Flex,ACTIVE,13.967378835000003,16.8
405,405,405,3,8,Mike Williams,4,WR,ACTIVE,11.876384776700002,7.5
406,406,406,3,8,Rashaad Penny,20,Bench,QUESTIONABLE,0.0,0.0
407,407,407,3,8,Delanie Walker,20,Bench,QUESTIONABLE,9.664207272,13.4
408,408,408,3,8,Mohamed Sanu Sr.,20,Bench,QUESTIONABLE,9.5762950099,13.7
409,409,409,3,8,Mitchell Trubisky,20,Bench,QUESTIONABLE,16.831804826000003,19.44
410,410,410,3,8,Adam Humphries,20,Bench,ACTIVE,5.563668109500001,15.3
411,411,411,3,8,Chris Conley,23,Flex,ACTIVE,9.722446247,5.0
412,412,412,3,8,Vernon Davis,6,TE,ACTIVE,8.271760448,5.0
413,413,413,3,9,Travis Kelce,6,TE,ACTIVE,18.276439655,15.9
414,414,414,3,9,Stefon Diggs,4,WR,ACTIVE,12.4774577191,4.5
415,415,415,3,9,Chris Godwin,23,Flex,QUESTIONABLE,13.52090329,7.0
416,416,416,3,9,Nick Chubb,2,RB,ACTIVE,17.773133740000006,17.1
417,417,417,3,9,Aaron Jones,2,RB,ACTIVE,16.953427402,15.3
418,418,418,3,9,David Montgomery,23,Flex,ACTIVE,12.369610124000005,11.1
419,419,419,3,9,Duke Johnson,20,Bench,ACTIVE,10.334335258,4.4
420,420,420,3,9,Latavius Murray,20,Bench,ACTIVE,7.280350725000001,0.2
421,421,421,3,9,Justice Hill,20,Bench,ACTIVE,4.035982641,0.1
422,422,422,3,9,John Brown,4,WR,ACTIVE,10.834245784999998,9.5
423,423,423,3,9,Josh Allen,0,QB,ACTIVE,19.405240198,18.32
424,424,424,3,9,Mecole Hardman,20,Bench,ACTIVE,10.427563462900002,18.4
425,425,425,3,9,Golden Tate,20,Bench,ACTIVE,0.0,0.0
426,426,426,3,10,Melvin Gordon,20,Bench,ACTIVE,0.0,0.0
427,427,427,3,10,JuJu Smith-Schuster,4,WR,ACTIVE,15.034336871,17.1
428,428,428,3,10,Odell Beckham Jr.,4,WR,QUESTIONABLE,18.419193139400004,11.6
429,429,429,3,10,Will Fuller V,23,Flex,QUESTIONABLE,10.166970137000002,10.1
430,430,430,3,10,Cooper Kupp,23,Flex,ACTIVE,13.885278587200002,33.1
431,431,431,3,10,Matt Breida,2,RB,ACTIVE,10.229950148,10.8
432,432,432,3,10,Geronimo Allison,20,Bench,ACTIVE,6.048954391,0.9
433,433,433,3,10,Devin Singletary,20,Bench,ACTIVE,0.0,0.0
434,434,434,3,10,Antonio Brown,20,Bench,ACTIVE,0.0,
435,435,435,3,10,Russell Wilson,0,QB,ACTIVE,17.982963308,41.34
436,436,436,3,10,Adrian Peterson,20,Bench,ACTIVE,8.7233847673,4.4
437,437,437,3,10,Chris Thompson,2,RB,ACTIVE,11.649975486,14.8
438,438,438,3,10,Will Dissly,6,TE,QUESTIONABLE,7.104983926,18.2
439,439,439,3,11,Ezekiel Elliott,2,RB,ACTIVE,23.444226294,15.9
440,440,440,3,11,DeAndre Hopkins,4,WR,QUESTIONABLE,17.10299533,12.7
441,441,441,3,11,Joe Mixon,2,RB,ACTIVE,13.168240498,17.4
442,442,442,3,11,Calvin Ridley,4,WR,QUESTIONABLE,12.2712406482,1.6
443,443,443,3,11,Deshaun Watson,0,QB,ACTIVE,19.000351301,25.840000000000003
444,444,444,3,11,Jared Cook,6,TE,ACTIVE,8.875114756,1.7000000000000002
445,445,445,3,11,Jarvis Landry,23,Flex,QUESTIONABLE,11.8150271028,9.2
446,446,446,3,11,Ronald Jones II,20,Bench,ACTIVE,8.463265820800002,13.1
447,447,447,3,11,DK Metcalf,23,Flex,ACTIVE,9.890371381,8.7
448,448,448,3,11,Philip Rivers,20,Bench,ACTIVE,16.8124894046,19.62
449,449,449,3,11,DeSean Jackson,20,Bench,ACTIVE,0.0,0.0
450,450,450,3,11,Jalen Richard,20,Bench,QUESTIONABLE,4.991906266600001,5.9
451,451,451,3,11,Carlos Hyde,20,Bench,ACTIVE,8.088070763600001,7.9
452,452,452,3,12,Kerryon Johnson,2,RB,ACTIVE,13.233090815000004,11.3
453,453,453,3,12,Davante Adams,4,WR,ACTIVE,16.193672265999997,9.6
454,454,454,3,12,Dalvin Cook,2,RB,ACTIVE,18.792107404,24.3
455,455,455,3,12,Kenny Golladay,4,WR,ACTIVE,14.6645610112,3.7
456,456,456,3,12,Tarik Cohen,20,Bench,ACTIVE,11.240145362000002,4.4
457,457,457,3,12,Miles Sanders,20,Bench,QUESTIONABLE,10.687802941,12.6
458,458,458,3,12,Christian Kirk,20,Bench,ACTIVE,12.7469353085,15.9
459,459,459,3,12,Royce Freeman,20,Bench,ACTIVE,10.634324376,11.3
460,460,460,3,12,Darren Waller,6,TE,QUESTIONABLE,10.666284803,27.1
461,461,461,3,12,Frank Gore,23,Flex,ACTIVE,12.044059218,16.900000000000002
462,462,462,3,12,Raheem Mostert,20,Bench,ACTIVE,9.067431278,5.9
463,463,463,3,12,Nelson Agholor,23,Flex,QUESTIONABLE,11.7765572368,23.0
464,464,464,3,12,Jacoby Brissett,0,QB,ACTIVE,15.841920224,20.8
465,465,465,3,13,Derrick Henry,2,RB,ACTIVE,14.097339000000002,11.6
466,466,466,3,13,George Kittle,6,TE,ACTIVE,14.084899469,11.7
467,467,467,3,13,Amari Cooper,4,WR,ACTIVE,13.8567456515,26.8
468,468,468,3,13,Zach Ertz,23,Flex,QUESTIONABLE,14.273019494,10.4
469,469,469,3,13,Devonta Freeman,2,RB,ACTIVE,13.502430682,12.5
470,470,470,3,13,A.J. Green,21,IR,QUESTIONABLE,0.0,0.0
471,471,471,3,13,Tom Brady,0,QB,ACTIVE,17.728547814000002,20.14
472,472,472,3,13,Josh Gordon,20,Bench,OUT,11.896571626999998,14.4
473,473,473,3,13,Drew Brees,20,Bench,ACTIVE,0.0,0.0
474,474,474,3,13,Emmanuel Sanders,4,WR,ACTIVE,13.0822336477,3.0
475,475,475,3,13,LeSean McCoy,20,Bench,ACTIVE,11.879122123,23.0
476,476,476,3,13,Austin Ekeler,23,Flex,ACTIVE,18.564633886,15.1
477,477,477,3,13,Sterling Shepard,20,Bench,ACTIVE,11.2423127052,27.1
478,478,478,3,13,Terry McLaurin,20,Bench,QUESTIONABLE,11.815380002,19.0
479,479,479,4,1,Saquon Barkley,21,IR,ACTIVE,0.0,0.0
480,480,480,4,1,Alvin Kamara,2,RB,ACTIVE,21.232194818000004,11.9
481,481,481,4,1,James White,2,RB,ACTIVE,12.652400921,13.8
482,482,482,4,1,Tyler Boyd,23,Flex,ACTIVE,15.712955694800002,6.300000000000001
483,483,483,4,1,Austin Hooper,6,TE,ACTIVE,9.755618509,22.0
484,484,484,4,1,Marquez Valdes-Scantling,4,WR,ACTIVE,12.1672653016,7.7
485,485,485,4,1,Michael Gallup,20,Bench,ACTIVE,0.0,0.0
486,486,486,4,1,T.J. Hockenson,20,Bench,QUESTIONABLE,9.841703827,11.7
487,487,487,4,1,Marquise Brown,4,WR,QUESTIONABLE,12.807124066899998,6.2
488,488,488,4,1,John Ross III,23,Flex,ACTIVE,11.8594101237,6.6
489,489,489,4,1,Courtland Sutton,20,Bench,ACTIVE,11.386996546,24.2
490,490,490,4,1,Paul Richardson Jr.,20,Bench,QUESTIONABLE,12.2282224364,4.4
491,491,491,4,1,Tom Brady,20,Bench,ACTIVE,16.9307453083,3.7
492,492,492,4,1,Kyle Allen,0,QB,ACTIVE,16.081502338,3.28
493,493,493,4,2,David Johnson,2,RB,ACTIVE,15.88651721,21.9
494,494,494,4,2,Brandin Cooks,4,WR,ACTIVE,13.2157813853,13.1
495,495,495,4,2,Mike Evans,4,WR,QUESTIONABLE,15.360262644,18.9
496,496,496,4,2,Mark Ingram II,2,RB,ACTIVE,14.717001542,8.100000000000001
497,497,497,4,2,Malcolm Brown,20,Bench,ACTIVE,6.281850053099999,1.4
498,498,498,4,2,Alexander Mattison,20,Bench,ACTIVE,3.5764784561,2.3
499,499,499,4,2,Kyler Murray,0,QB,ACTIVE,18.979560972,16.34
500,500,500,4,2,T.Y. Hilton,21,IR,ACTIVE,0.0,0.0
501,501,501,4,2,Greg Olsen,6,TE,ACTIVE,12.101754922,2.5
502,502,502,4,2,Corey Davis,23,Flex,ACTIVE,8.2025609692,20.1
503,503,503,4,2,Jamison Crowder,20,Bench,ACTIVE,0.0,
504,504,504,4,2,Kenny Stills,23,Flex,ACTIVE,9.4063558141,4.4
505,505,505,4,2,Dante Pettis,20,Bench,ACTIVE,0.0,
506,506,506,4,2,Jordan Wilkins,20,Bench,QUESTIONABLE,2.0827462045000003,3.8
507,507,507,4,3,Todd Gurley II,2,RB,ACTIVE,15.59631219,26.0
508,508,508,4,3,Keenan Allen,4,WR,ACTIVE,22.0722615459,9.8
509,509,509,4,3,Tyler Lockett,4,WR,ACTIVE,15.527598677,9.1
510,510,510,4,3,Adam Thielen,23,Flex,ACTIVE,13.9118310389,2.6
511,511,511,4,3,Carson Wentz,0,QB,QUESTIONABLE,17.633102403,19.700000000000003
512,512,512,4,3,Robby Anderson,20,Bench,ACTIVE,0.0,
513,513,513,4,3,Kenyan Drake,20,Bench,ACTIVE,10.786991943,10.3
514,514,514,4,3,Derrius Guice,20,Bench,ACTIVE,0.0,0.0
515,515,515,4,3,Hunter Henry,21,IR,ACTIVE,0.0,0.0
516,516,516,4,3,Kareem Hunt,20,Bench,ACTIVE,0.0,0.0
517,517,517,4,3,Justin Jackson,20,Bench,ACTIVE,0.0,0.0
518,518,518,4,3,Tyler Eifert,6,TE,ACTIVE,6.5534857214,4.7
519,519,519,4,3,Demarcus Robinson,23,Flex,ACTIVE,11.444933026,7.5
520,520,520,4,3,Wayne Gallman,2,RB,ACTIVE,11.992297453000004,27.8
521,521,521,4,5,Christian McCaffrey,2,RB,ACTIVE,22.620449346,33.9
522,522,522,4,5,Patrick Mahomes,0,QB,ACTIVE,24.274363542000003,18.0
523,523,523,4,5,Chris Carson,2,RB,QUESTIONABLE,14.120429513,18.5
524,524,524,4,5,Dede Westbrook,20,Bench,ACTIVE,10.595776188700002,11.6
525,525,525,4,5,O.J. Howard,6,TE,ACTIVE,7.609130160999999,6.300000000000001
526,526,526,4,5,Lamar Jackson,20,Bench,ACTIVE,20.351555027000003,24.480000000000004
527,527,527,4,5,Peyton Barber,20,Bench,ACTIVE,9.849955723,7.9
528,528,528,4,5,Sammy Watkins,4,WR,ACTIVE,16.015793675,6.4
529,529,529,4,5,Curtis Samuel,4,WR,ACTIVE,12.1925433933,6.300000000000001
530,530,530,4,5,Marvin Jones Jr.,23,Flex,QUESTIONABLE,13.3917572832,10.7
531,531,531,4,5,Tyrell Williams,23,Flex,QUESTIONABLE,12.397624377,12.6
532,532,532,4,5,Randall Cobb,20,Bench,ACTIVE,10.5861378234,7.1000000000000005
533,533,533,4,5,Chris Herndon,20,Bench,QUESTIONABLE,0.0,
534,534,534,4,6,Julian Edelman,4,WR,QUESTIONABLE,15.9480764584,7.0
535,535,535,4,6,Evan Engram,6,TE,QUESTIONABLE,13.7044827207,9.4
536,536,536,4,6,Damien Williams,21,IR,ACTIVE,0.0,0.0
537,537,537,4,6,Leonard Fournette,2,RB,QUESTIONABLE,16.468432,26.5
538,538,538,4,6,James Conner,2,RB,QUESTIONABLE,17.042227456,26.5
539,539,539,4,6,DJ Moore,4,WR,QUESTIONABLE,13.4904411108,7.4
540,540,540,4,6,Alshon Jeffery,20,Bench,QUESTIONABLE,12.132307902,12.8
541,541,541,4,6,Allen Robinson II,23,Flex,ACTIVE,12.39639,14.7
542,542,542,4,6,Baker Mayfield,20,Bench,ACTIVE,15.1872373309,15.78
543,543,543,4,6,Dak Prescott,0,QB,ACTIVE,19.27142242,7.62
544,544,544,4,6,Keke Coutee,20,Bench,ACTIVE,4.8860782332,3.1
545,545,545,4,6,DJ Chark Jr.,23,Flex,ACTIVE,11.433522014,8.4
546,546,546,4,6,Rex Burkhead,20,Bench,ACTIVE,9.715750992,1.7000000000000002
547,547,547,4,6,Chase Edmonds,20,Bench,ACTIVE,4.712740306,3.7
548,548,548,4,7,Julio Jones,4,WR,ACTIVE,17.887399102599996,9.3
549,549,549,4,7,Tyreek Hill,21,IR,ACTIVE,0.0,0.0
550,550,550,4,7,Robert Woods,23,Flex,ACTIVE,13.0176267703,29.4
551,551,551,4,7,Sony Michel,2,RB,ACTIVE,9.0597855509,6.300000000000001
552,552,552,4,7,Phillip Lindsay,2,RB,QUESTIONABLE,14.974526049,7.000000000000001
553,553,553,4,7,Matt Ryan,0,QB,ACTIVE,18.5147790756,15.68
554,554,554,4,7,Larry Fitzgerald,4,WR,ACTIVE,14.11722353,9.7
555,555,555,4,7,Tevin Coleman,20,Bench,ACTIVE,0.0,
556,556,556,4,7,Vance McDonald,20,Bench,ACTIVE,0.0,0.0
557,557,557,4,7,Jaylen Samuels,20,Bench,ACTIVE,4.7995917278,23.54
558,558,558,4,7,James Washington,20,Bench,ACTIVE,7.636712188,0.0
559,559,559,4,7,Mark Andrews,6,TE,ACTIVE,12.18293898,13.1
560,560,560,4,7,Phillip Dorsett II,23,Flex,ACTIVE,10.1407412629,3.9
561,561,561,4,7,Jay Ajayi,20,Bench,ACTIVE,0.0,
562,562,562,4,8,Le'Veon Bell,20,Bench,ACTIVE,0.0,
563,563,563,4,8,Aaron Rodgers,0,QB,ACTIVE,18.219445694,25.48
564,564,564,4,8,Michael Thomas,4,WR,ACTIVE,17.084980538,18.5
565,565,565,4,8,Josh Jacobs,2,RB,QUESTIONABLE,13.022838609000004,12.8
566,566,566,4,8,Marlon Mack,23,Flex,ACTIVE,14.972141075,3.9
567,567,567,4,8,Mike Williams,4,WR,ACTIVE,0.0,0.0
568,568,568,4,8,Delanie Walker,23,Flex,QUESTIONABLE,12.155586577,1.4
569,569,569,4,8,Mohamed Sanu Sr.,20,Bench,QUESTIONABLE,9.721458816199998,18.1
570,570,570,4,8,Adam Humphries,20,Bench,ACTIVE,8.5615224053,3.5
571,571,571,4,8,Chris Conley,20,Bench,ACTIVE,9.741572851,2.7
572,572,572,4,8,Vernon Davis,6,TE,ACTIVE,8.405673495000002,1.5
573,573,573,4,8,Jordan Howard,20,Bench,QUESTIONABLE,8.591222166100001,32.5
574,574,574,4,8,Giovani Bernard,2,RB,ACTIVE,7.634401218999998,5.9
575,575,575,4,9,Travis Kelce,6,TE,ACTIVE,18.823381903,15.5
576,576,576,4,9,Stefon Diggs,4,WR,ACTIVE,10.9317108455,15.8
577,577,577,4,9,Chris Godwin,23,Flex,QUESTIONABLE,13.555489916,41.2
578,578,578,4,9,Nick Chubb,2,RB,ACTIVE,16.130332245,39.3
579,579,579,4,9,Aaron Jones,2,RB,ACTIVE,14.372867742,17.8
580,580,580,4,9,David Montgomery,23,Flex,ACTIVE,12.126412197000002,9.7
581,581,581,4,9,Duke Johnson,20,Bench,ACTIVE,8.376080197,9.8
582,582,582,4,9,Latavius Murray,20,Bench,ACTIVE,6.469384027999999,3.0000000000000004
583,583,583,4,9,Justice Hill,20,Bench,ACTIVE,2.8787223422,3.7
584,584,584,4,9,John Brown,20,Bench,ACTIVE,10.924138032999998,11.9
585,585,585,4,9,Mecole Hardman,4,WR,ACTIVE,11.340969005800002,0.9
586,586,586,4,9,Golden Tate,20,Bench,ACTIVE,0.0,0.0
587,587,587,4,9,Jared Goff,0,QB,ACTIVE,17.649915951300002,20.68
588,588,588,4,10,Melvin Gordon,20,Bench,ACTIVE,6.227891411,0.0
589,589,589,4,10,JuJu Smith-Schuster,4,WR,ACTIVE,14.564194611,4.5
590,590,590,4,10,Odell Beckham Jr.,4,WR,QUESTIONABLE,17.581124867700005,4.0
591,591,591,4,10,Will Fuller V,23,Flex,QUESTIONABLE,9.451045978999998,5.300000000000001
592,592,592,4,10,Cooper Kupp,23,Flex,ACTIVE,16.0331538694,26.9
593,593,593,4,10,Matt Breida,20,Bench,ACTIVE,0.0,
594,594,594,4,10,Devin Singletary,20,Bench,ACTIVE,0.0,0.0
595,595,595,4,10,Antonio Brown,20,Bench,ACTIVE,0.0,
596,596,596,4,10,Russell Wilson,0,QB,ACTIVE,20.672554627,14.3
597,597,597,4,10,Adrian Peterson,2,RB,ACTIVE,11.820272876,2.8000000000000003
598,598,598,4,10,Chris Thompson,2,RB,ACTIVE,13.66575061,10.0
599,599,599,4,10,Will Dissly,6,TE,QUESTIONABLE,8.348772041,18.7
600,600,600,4,10,Darrel Williams,20,Bench,QUESTIONABLE,11.343244637000002,18.6
601,601,601,4,11,Ezekiel Elliott,2,RB,ACTIVE,20.490874718000004,16.5
602,602,602,4,11,DeAndre Hopkins,4,WR,QUESTIONABLE,17.697589223,7.1000000000000005
603,603,603,4,11,Joe Mixon,2,RB,ACTIVE,13.831089099,10.3
604,604,604,4,11,Calvin Ridley,4,WR,QUESTIONABLE,12.382059990800002,6.2
605,605,605,4,11,Deshaun Watson,20,Bench,ACTIVE,21.299877572,11.6
606,606,606,4,11,Jarvis Landry,23,Flex,QUESTIONABLE,12.5665554892,24.7
607,607,607,4,11,Ronald Jones II,20,Bench,ACTIVE,5.892988582599999,15.2
608,608,608,4,11,DK Metcalf,23,Flex,ACTIVE,10.093922308,1.6
609,609,609,4,11,Philip Rivers,0,QB,ACTIVE,19.2016477463,20.4
610,610,610,4,11,DeSean Jackson,20,Bench,ACTIVE,0.0,0.0
611,611,611,4,11,Jalen Richard,20,Bench,QUESTIONABLE,5.947715012299999,2.8000000000000003
612,612,612,4,11,Carlos Hyde,20,Bench,ACTIVE,10.4672444142,10.4
613,613,613,4,11,Jason Witten,6,TE,ACTIVE,7.8081868,7.0
614,614,614,4,12,Kerryon Johnson,2,RB,ACTIVE,14.695468002999998,15.7
615,615,615,4,12,Davante Adams,4,WR,ACTIVE,17.262571864,28.0
616,616,616,4,12,Dalvin Cook,2,RB,ACTIVE,18.389983535,19.0
617,617,617,4,12,Kenny Golladay,4,WR,ACTIVE,14.1621864081,23.7
618,618,618,4,12,Tarik Cohen,20,Bench,ACTIVE,10.586645426,9.8
619,619,619,4,12,Miles Sanders,20,Bench,QUESTIONABLE,10.191353785,7.2
620,620,620,4,12,Christian Kirk,20,Bench,ACTIVE,13.8614519653,8.3
621,621,621,4,12,Royce Freeman,20,Bench,ACTIVE,11.458915215,9.0
622,622,622,4,12,Darren Waller,6,TE,QUESTIONABLE,13.06748538,12.3
623,623,623,4,12,Frank Gore,23,Flex,ACTIVE,10.392098373,10.9
624,624,624,4,12,Raheem Mostert,20,Bench,ACTIVE,0.0,
625,625,625,4,12,Nelson Agholor,23,Flex,QUESTIONABLE,11.3210745791,0.0
626,626,626,4,12,Jacoby Brissett,0,QB,ACTIVE,16.69495438,22.5
627,627,627,4,13,Derrick Henry,2,RB,ACTIVE,14.846337582,11.8
628,628,628,4,13,George Kittle,20,Bench,ACTIVE,0.0,
629,629,629,4,13,Amari Cooper,4,WR,ACTIVE,15.4079995857,9.8
630,630,630,4,13,Zach Ertz,6,TE,QUESTIONABLE,13.862441686,13.5
631,631,631,4,13,Devonta Freeman,20,Bench,ACTIVE,13.585218420000002,18.0
632,632,632,4,13,A.J. Green,21,IR,QUESTIONABLE,0.0,0.0
633,633,633,4,13,Josh Gordon,20,Bench,OUT,12.813810189400002,7.6
634,634,634,4,13,Drew Brees,20,Bench,ACTIVE,0.0,0.0
635,635,635,4,13,Emmanuel Sanders,20,Bench,ACTIVE,11.0228435378,15.4
636,636,636,4,13,LeSean McCoy,2,RB,ACTIVE,12.265261959999998,16.900000000000002
637,637,637,4,13,Austin Ekeler,23,Flex,ACTIVE,20.17567258,29.2
638,638,638,4,13,Sterling Shepard,4,WR,ACTIVE,13.1134432045,16.900000000000002
639,639,639,4,13,Terry McLaurin,23,Flex,QUESTIONABLE,0.0,0.0
640,640,640,4,13,Daniel Jones,0,QB,ACTIVE,18.292437706,12.3
641,641,641,5,1,Saquon Barkley,21,IR,ACTIVE,0.0,0.0
642,642,642,5,1,Alvin Kamara,2,RB,ACTIVE,21.312009223,16.919999999999998
643,643,643,5,1,James White,2,RB,ACTIVE,14.555486354,13.2
644,644,644,5,1,Tyler Boyd,4,WR,ACTIVE,14.7888813968,28.3
645,645,645,5,1,Austin Hooper,6,TE,ACTIVE,11.820655351,13.6
646,646,646,5,1,Marquez Valdes-Scantling,23,Flex,ACTIVE,13.329745506400002,2.8
647,647,647,5,1,Michael Gallup,20,Bench,ACTIVE,11.5048675,24.3
648,648,648,5,1,T.J. Hockenson,20,Bench,QUESTIONABLE,0.0,
649,649,649,5,1,Marquise Brown,4,WR,QUESTIONABLE,11.760543406699998,11.2
650,650,650,5,1,Courtland Sutton,23,Flex,ACTIVE,11.601616265,19.200000000000003
651,651,651,5,1,Tom Brady,0,QB,ACTIVE,18.1574632993,23.92
652,652,652,5,1,Geronimo Allison,20,Bench,ACTIVE,10.600519213,4.800000000000001
653,653,653,5,1,Diontae Johnson,20,Bench,QUESTIONABLE,10.201925747,7.7
654,654,654,5,1,Jimmy Graham,20,Bench,ACTIVE,9.851354536,7.1000000000000005
655,655,655,5,2,David Johnson,2,RB,ACTIVE,19.437822938,18.6
656,656,656,5,2,Brandin Cooks,4,WR,ACTIVE,13.7551695694,6.6000000000000005
657,657,657,5,2,Mike Evans,4,WR,QUESTIONABLE,16.000220773,0.0
658,658,658,5,2,Mark Ingram II,2,RB,ACTIVE,13.923140035,12.9
659,659,659,5,2,Malcolm Brown,20,Bench,ACTIVE,5.1772928284,0.3
660,660,660,5,2,Alexander Mattison,20,Bench,ACTIVE,4.2339966373,5.2
661,661,661,5,2,Kyler Murray,0,QB,ACTIVE,19.147189393,25.42
662,662,662,5,2,T.Y. Hilton,23,Flex,ACTIVE,16.242224798000002,7.7
663,663,663,5,2,Greg Olsen,6,TE,ACTIVE,10.505325337,0.0
664,664,664,5,2,Corey Davis,20,Bench,ACTIVE,8.771967996100003,4.800000000000001
665,665,665,5,2,Jamison Crowder,23,Flex,ACTIVE,11.1274766841,3.0
666,666,666,5,2,Kenny Stills,21,IR,ACTIVE,0.0,0.0
667,667,667,5,2,Dante Pettis,20,Bench,ACTIVE,3.826226696,2.1
668,668,668,5,2,Jordan Wilkins,20,Bench,QUESTIONABLE,2.0596023114000004,2.8000000000000003
669,669,669,5,3,Todd Gurley II,2,RB,ACTIVE,16.651381562,18.700000000000003
670,670,670,5,3,Keenan Allen,4,WR,ACTIVE,17.776978702300003,5.8
671,671,671,5,3,Tyler Lockett,4,WR,ACTIVE,15.353958784499998,14.3
672,672,672,5,3,Adam Thielen,23,Flex,ACTIVE,13.6861901089,32.0
673,673,673,5,3,Carson Wentz,0,QB,QUESTIONABLE,17.532425758,12.06
674,674,674,5,3,Robby Anderson,20,Bench,ACTIVE,10.6906705703,2.6
675,675,675,5,3,Kenyan Drake,20,Bench,ACTIVE,0.0,
676,676,676,5,3,Derrius Guice,20,Bench,ACTIVE,0.0,0.0
677,677,677,5,3,Hunter Henry,21,IR,ACTIVE,0.0,0.0
678,678,678,5,3,Kareem Hunt,20,Bench,ACTIVE,0.0,0.0
679,679,679,5,3,Tyler Eifert,6,TE,ACTIVE,7.877487027,3.4000000000000004
680,680,680,5,3,Demarcus Robinson,23,Flex,ACTIVE,10.563811109999998,6.1
681,681,681,5,3,Wayne Gallman,2,RB,ACTIVE,14.972290266000002,1.4
682,682,682,5,3,Deebo Samuel,20,Bench,ACTIVE,9.259491816,1.3
683,683,683,5,5,Christian McCaffrey,2,RB,ACTIVE,23.924242037,47.7
684,684,684,5,5,Patrick Mahomes,0,QB,ACTIVE,23.748749491,18.54
685,685,685,5,5,Chris Carson,2,RB,QUESTIONABLE,14.613800125000004,19.3
686,686,686,5,5,Dede Westbrook,23,Flex,ACTIVE,9.8035441352,15.2
687,687,687,5,5,O.J. Howard,6,TE,ACTIVE,6.374146023000001,2.0
688,688,688,5,5,Lamar Jackson,20,Bench,ACTIVE,21.022774136,11.44
689,689,689,5,5,Peyton Barber,20,Bench,ACTIVE,8.76488536,10.1
690,690,690,5,5,Sammy Watkins,4,WR,ACTIVE,15.086304196000002,0.0
691,691,691,5,5,Curtis Samuel,4,WR,ACTIVE,11.2690995047,7.4
692,692,692,5,5,Marvin Jones Jr.,20,Bench,QUESTIONABLE,0.0,
693,693,693,5,5,Tyrell Williams,23,Flex,QUESTIONABLE,0.0,0.0
694,694,694,5,5,Randall Cobb,20,Bench,ACTIVE,8.119542047100001,8.3
695,695,695,5,5,Chris Herndon,20,Bench,QUESTIONABLE,0.0,0.0
696,696,696,5,6,Julian Edelman,4,WR,QUESTIONABLE,14.812299942200005,25.0
697,697,697,5,6,Evan Engram,6,TE,QUESTIONABLE,14.4044120667,10.7
698,698,698,5,6,Damien Williams,23,Flex,ACTIVE,13.422820627000002,6.800000000000001
699,699,699,5,6,Leonard Fournette,2,RB,QUESTIONABLE,16.404191924,23.700000000000003
700,700,700,5,6,James Conner,2,RB,QUESTIONABLE,15.558440215,11.5
701,701,701,5,6,DJ Moore,20,Bench,QUESTIONABLE,12.1987928055,15.1
702,702,702,5,6,Alshon Jeffery,4,WR,QUESTIONABLE,11.641465221,11.2
703,703,703,5,6,Allen Robinson II,23,Flex,ACTIVE,13.344959408,28.700000000000003
704,704,704,5,6,Baker Mayfield,20,Bench,ACTIVE,16.1870077278,-2.0
705,705,705,5,6,Dak Prescott,0,QB,ACTIVE,19.469484897,23.22
706,706,706,5,6,Keke Coutee,20,Bench,ACTIVE,9.4033403024,10.2
707,707,707,5,6,DJ Chark Jr.,20,Bench,ACTIVE,11.441743353,36.400000000000006
708,708,708,5,6,Nyheim Hines,20,Bench,ACTIVE,7.477224905000002,8.5
709,709,709,5,7,Julio Jones,4,WR,ACTIVE,18.775061266,7.2
710,710,710,5,7,Tyreek Hill,21,IR,ACTIVE,0.0,0.0
711,711,711,5,7,Robert Woods,23,Flex,ACTIVE,14.4802025906,9.8
712,712,712,5,7,Sony Michel,2,RB,ACTIVE,13.4083216724,21.3
713,713,713,5,7,Phillip Lindsay,2,RB,QUESTIONABLE,13.878709015,24.7
714,714,714,5,7,Matt Ryan,0,QB,ACTIVE,19.1090793467,31.9
715,715,715,5,7,Larry Fitzgerald,4,WR,ACTIVE,14.974502059000002,11.8
716,716,716,5,7,Tevin Coleman,23,Flex,ACTIVE,10.240321299,15.7
717,717,717,5,7,Vance McDonald,20,Bench,ACTIVE,7.667324585999999,6.4
718,718,718,5,7,Jaylen Samuels,20,Bench,ACTIVE,8.232329511000001,2.46
719,719,719,5,7,Mark Andrews,6,TE,ACTIVE,14.58137938,9.5
720,720,720,5,7,Phillip Dorsett II,20,Bench,ACTIVE,11.0389157932,0.0
721,721,721,5,7,Cole Beasley,20,Bench,ACTIVE,11.126989203,5.1
722,722,722,5,8,Le'Veon Bell,2,RB,ACTIVE,17.380870059,15.8
723,723,723,5,8,Aaron Rodgers,0,QB,ACTIVE,18.589993219,9.42
724,724,724,5,8,Michael Thomas,4,WR,ACTIVE,17.112046895000002,41.2
725,725,725,5,8,Josh Jacobs,2,RB,QUESTIONABLE,11.950713833,29.3
726,726,726,5,8,Marlon Mack,23,Flex,ACTIVE,13.581071242000002,17.800000000000004
727,727,727,5,8,Mike Williams,4,WR,ACTIVE,10.926985699,13.4
728,728,728,5,8,Delanie Walker,6,TE,QUESTIONABLE,10.36554894,2.0
729,729,729,5,8,Mohamed Sanu Sr.,20,Bench,QUESTIONABLE,10.343201876699998,15.3
730,730,730,5,8,Adam Humphries,20,Bench,ACTIVE,6.668404989599999,7.0
731,731,731,5,8,Chris Conley,20,Bench,ACTIVE,8.701703370999999,3.6
732,732,732,5,8,Vernon Davis,20,Bench,ACTIVE,0.0,0.0
733,733,733,5,8,Jordan Howard,23,Flex,QUESTIONABLE,11.7024764328,12.2
734,734,734,5,8,Giovani Bernard,20,Bench,ACTIVE,8.229929363999998,5.6
735,735,735,5,9,Travis Kelce,6,TE,ACTIVE,17.603889457,11.0
736,736,736,5,9,Stefon Diggs,4,WR,ACTIVE,11.124750698300002,7.4
737,737,737,5,9,Chris Godwin,23,Flex,QUESTIONABLE,15.570977435,31.5
738,738,738,5,9,Nick Chubb,2,RB,ACTIVE,19.764141091000003,10.900000000000002
739,739,739,5,9,Aaron Jones,2,RB,ACTIVE,15.160688034,49.2
740,740,740,5,9,David Montgomery,23,Flex,ACTIVE,14.246982045,10.6
741,741,741,5,9,Duke Johnson,20,Bench,ACTIVE,8.843898307000002,7.7
742,742,742,5,9,Latavius Murray,20,Bench,ACTIVE,6.598162780000001,5.4
743,743,743,5,9,John Brown,4,WR,ACTIVE,11.455230963,12.5
744,744,744,5,9,Mecole Hardman,20,Bench,ACTIVE,10.481925249,11.3
745,745,745,5,9,Golden Tate,20,Bench,ACTIVE,10.5520051019,4.3
746,746,746,5,9,Jared Goff,0,QB,ACTIVE,17.1959005844,17.900000000000002
747,747,747,5,9,Jimmy Garoppolo,20,Bench,ACTIVE,14.2471701785,14.94
748,748,748,5,10,Melvin Gordon,2,RB,ACTIVE,12.506399989999997,7.8
749,749,749,5,10,JuJu Smith-Schuster,23,Flex,ACTIVE,12.341542679,18.5
750,750,750,5,10,Odell Beckham Jr.,4,WR,QUESTIONABLE,16.8642526119,5.0
751,751,751,5,10,Will Fuller V,4,WR,QUESTIONABLE,10.355555283,53.7
752,752,752,5,10,Cooper Kupp,23,Flex,ACTIVE,16.634541956600003,26.700000000000003
753,753,753,5,10,Matt Breida,20,Bench,ACTIVE,9.081134225000003,27.9
754,754,754,5,10,Devin Singletary,20,Bench,ACTIVE,0.0,0.0
755,755,755,5,10,Antonio Brown,20,Bench,ACTIVE,0.0,
756,756,756,5,10,Russell Wilson,0,QB,ACTIVE,19.491589031000004,29.92
757,757,757,5,10,Chris Thompson,2,RB,ACTIVE,11.273492113,8.8
758,758,758,5,10,Will Dissly,6,TE,QUESTIONABLE,10.145787886,12.8
759,759,759,5,10,Darrel Williams,20,Bench,QUESTIONABLE,3.2154071703,0.0
760,760,760,5,10,Rashaad Penny,20,Bench,QUESTIONABLE,6.2866544765,6.9
761,761,761,5,11,Ezekiel Elliott,2,RB,ACTIVE,21.259579277,17.1
762,762,762,5,11,DeAndre Hopkins,4,WR,QUESTIONABLE,16.668051940999998,15.8
763,763,763,5,11,Joe Mixon,2,RB,ACTIVE,14.647144665,11.9
764,764,764,5,11,Calvin Ridley,4,WR,QUESTIONABLE,12.1920918259,19.8
765,765,765,5,11,Deshaun Watson,0,QB,ACTIVE,20.235981388,41.74
766,766,766,5,11,Jarvis Landry,23,Flex,QUESTIONABLE,13.695843149500002,11.5
767,767,767,5,11,Ronald Jones II,23,Flex,ACTIVE,8.707599730700002,7.6
768,768,768,5,11,DK Metcalf,20,Bench,ACTIVE,10.013461247,12.4
769,769,769,5,11,Philip Rivers,20,Bench,ACTIVE,16.818430853499997,4.14
770,770,770,5,11,DeSean Jackson,20,Bench,ACTIVE,0.0,0.0
771,771,771,5,11,Jalen Richard,20,Bench,QUESTIONABLE,4.0836900767,5.2
772,772,772,5,11,Carlos Hyde,20,Bench,ACTIVE,10.6599950357,12.0
773,773,773,5,11,Jason Witten,6,TE,ACTIVE,7.801946267,5.9
774,774,774,5,12,Kerryon Johnson,20,Bench,ACTIVE,0.0,
775,775,775,5,12,Davante Adams,20,Bench,ACTIVE,0.0,0.0
776,776,776,5,12,Dalvin Cook,2,RB,ACTIVE,21.999904619,25.800000000000004
777,777,777,5,12,Kenny Golladay,20,Bench,ACTIVE,0.0,
778,778,778,5,12,Tarik Cohen,20,Bench,ACTIVE,11.301660072,10.9
779,779,779,5,12,Miles Sanders,23,Flex,QUESTIONABLE,10.701001908,10.4
780,780,780,5,12,Christian Kirk,20,Bench,ACTIVE,0.0,0.0
781,781,781,5,12,Royce Freeman,2,RB,ACTIVE,12.285992664,8.700000000000001
782,782,782,5,12,Darren Waller,6,TE,QUESTIONABLE,14.621915553,7.9
783,783,783,5,12,Frank Gore,23,Flex,ACTIVE,10.697207546,8.9
784,784,784,5,12,Jacoby Brissett,0,QB,ACTIVE,19.482655312,10.94
785,785,785,5,12,Auden Tate,4,WR,QUESTIONABLE,10.360993356,11.6
786,786,786,5,12,Nelson Agholor,4,WR,QUESTIONABLE,8.8838422618,3.0
787,787,787,5,13,Derrick Henry,2,RB,ACTIVE,16.012205703,13.8
788,788,788,5,13,George Kittle,6,TE,ACTIVE,13.663428389,20.8
789,789,789,5,13,Amari Cooper,4,WR,ACTIVE,14.4665790647,39.6
790,790,790,5,13,Zach Ertz,20,Bench,QUESTIONABLE,13.008032486,16.7
791,791,791,5,13,Devonta Freeman,2,RB,ACTIVE,13.394698732999998,18.0
792,792,792,5,13,A.J. Green,21,IR,QUESTIONABLE,0.0,0.0
793,793,793,5,13,Josh Gordon,20,Bench,OUT,12.6875131268,10.9
794,794,794,5,13,Drew Brees,20,Bench,ACTIVE,0.0,0.0
795,795,795,5,13,Emmanuel Sanders,20,Bench,ACTIVE,12.6794697394,1.9
796,796,796,5,13,LeSean McCoy,20,Bench,ACTIVE,11.088271488000002,2.3000000000000003
797,797,797,5,13,Austin Ekeler,23,Flex,ACTIVE,14.45159657,22.3
798,798,798,5,13,Sterling Shepard,4,WR,ACTIVE,13.1043216914,9.7
799,799,799,5,13,Terry McLaurin,23,Flex,QUESTIONABLE,11.105017591,8.100000000000001
800,800,800,5,13,Jameis Winston,0,QB,QUESTIONABLE,19.034945258,17.46
801,801,801,6,1,Saquon Barkley,21,IR,ACTIVE,0.0,0.0
802,802,802,6,1,Alvin Kamara,2,RB,ACTIVE,20.605786760000004,13.6
803,803,803,6,1,James White,2,RB,ACTIVE,16.355611231999998,13.5
804,804,804,6,1,Tyler Boyd,4,WR,ACTIVE,15.6603681112,4.0
805,805,805,6,1,Austin Hooper,6,TE,ACTIVE,14.856252804,25.700000000000003
806,806,806,6,1,Marquez Valdes-Scantling,20,Bench,ACTIVE,10.8637134196,7.700000000000001
807,807,807,6,1,Michael Gallup,23,Flex,ACTIVE,12.660623426,8.8
808,808,808,6,1,T.J. Hockenson,20,Bench,QUESTIONABLE,7.429521997999999,6.1
809,809,809,6,1,Marquise Brown,20,Bench,QUESTIONABLE,0.0,0.0
810,810,810,6,1,Courtland Sutton,23,Flex,ACTIVE,13.050555005,11.6
811,811,811,6,1,Tom Brady,0,QB,ACTIVE,19.1817654223,21.96
812,812,812,6,1,Diontae Johnson,20,Bench,QUESTIONABLE,10.159117169499998,3.4000000000000004
813,813,813,6,1,Jimmy Graham,20,Bench,ACTIVE,8.352609794000001,3.7
814,814,814,6,1,Auden Tate,4,WR,QUESTIONABLE,10.435889639,14.1
815,815,815,6,2,David Johnson,23,Flex,ACTIVE,18.229959375,28.2
816,816,816,6,2,Brandin Cooks,23,Flex,ACTIVE,12.5571753426,6.2
817,817,817,6,2,Mike Evans,4,WR,QUESTIONABLE,14.085996134000002,20.6
818,818,818,6,2,Mark Ingram II,2,RB,ACTIVE,15.992628804,15.4
819,819,819,6,2,Malcolm Brown,2,RB,ACTIVE,13.443395092,4.0
820,820,820,6,2,Alexander Mattison,20,Bench,ACTIVE,4.1666401001,4.300000000000001
821,821,821,6,2,Kyler Murray,0,QB,ACTIVE,19.731992836000003,28.8
822,822,822,6,2,T.Y. Hilton,20,Bench,ACTIVE,0.0,
823,823,823,6,2,Greg Olsen,6,TE,ACTIVE,10.07727552,9.2
824,824,824,6,2,Corey Davis,20,Bench,ACTIVE,8.373268125000001,6.6
825,825,825,6,2,Jamison Crowder,4,WR,ACTIVE,9.865458059600002,15.8
826,826,826,6,2,Kenny Stills,21,IR,ACTIVE,0.0,0.0
827,827,827,6,2,Dante Pettis,20,Bench,ACTIVE,7.410800060000001,7.5
828,828,828,6,2,Tony Pollard,20,Bench,ACTIVE,3.4696532836000005,1.3
829,829,829,6,3,Todd Gurley II,20,Bench,ACTIVE,0.0,0.0
830,830,830,6,3,Keenan Allen,4,WR,ACTIVE,16.2406891449,5.300000000000001
831,831,831,6,3,Tyler Lockett,4,WR,ACTIVE,14.9331120275,12.8
832,832,832,6,3,Adam Thielen,23,Flex,ACTIVE,13.7120852276,17.7
833,833,833,6,3,Carson Wentz,0,QB,QUESTIONABLE,16.033822317000002,20.54
834,834,834,6,3,Robby Anderson,23,Flex,ACTIVE,9.194248023,23.5
835,835,835,6,3,Kenyan Drake,2,RB,ACTIVE,13.056067092999998,13.0
836,836,836,6,3,Derrius Guice,21,IR,ACTIVE,0.0,0.0
837,837,837,6,3,Hunter Henry,20,Bench,ACTIVE,6.819739473,30.0
838,838,838,6,3,Kareem Hunt,20,Bench,ACTIVE,0.0,0.0
839,839,839,6,3,Tyler Eifert,6,TE,ACTIVE,6.972981732,3.3
840,840,840,6,3,Demarcus Robinson,20,Bench,ACTIVE,9.690736743,0.0
841,841,841,6,3,Deebo Samuel,20,Bench,ACTIVE,8.541936581100002,4.9
842,842,842,6,3,Darrell Henderson Jr.,2,RB,QUESTIONABLE,7.221558118000001,5.800000000000001
843,843,843,6,5,Christian McCaffrey,2,RB,ACTIVE,26.603568716,21.700000000000003
844,844,844,6,5,Patrick Mahomes,20,Bench,ACTIVE,22.86947836,18.82
845,845,845,6,5,Chris Carson,2,RB,QUESTIONABLE,16.961127036,25.9
846,846,846,6,5,Dede Westbrook,23,Flex,ACTIVE,11.537848189599998,8.3
847,847,847,6,5,O.J. Howard,6,TE,ACTIVE,5.866793794,5.5
848,848,848,6,5,Lamar Jackson,0,QB,ACTIVE,23.468270722,30.64
849,849,849,6,5,Peyton Barber,20,Bench,ACTIVE,8.725650274,2.8000000000000003
850,850,850,6,5,Sammy Watkins,20,Bench,ACTIVE,0.0,0.0
851,851,851,6,5,Curtis Samuel,4,WR,ACTIVE,12.5431832347,23.8
852,852,852,6,5,Marvin Jones Jr.,23,Flex,QUESTIONABLE,11.9768596991,3.7
853,853,853,6,5,Tyrell Williams,20,Bench,QUESTIONABLE,0.0,
854,854,854,6,5,Randall Cobb,4,WR,ACTIVE,0.0,0.0
855,855,855,6,5,Chris Herndon,20,Bench,QUESTIONABLE,0.0,0.0
856,856,856,6,6,Julian Edelman,4,WR,QUESTIONABLE,15.0741385286,20.3
857,857,857,6,6,Evan Engram,21,IR,QUESTIONABLE,0.0,0.0
858,858,858,6,6,Damien Williams,23,Flex,ACTIVE,16.261948563,9.0
859,859,859,6,6,Leonard Fournette,2,RB,QUESTIONABLE,18.503325743,17.8
860,860,860,6,6,James Conner,2,RB,QUESTIONABLE,15.062133496,30.9
861,861,861,6,6,DJ Moore,4,WR,QUESTIONABLE,14.0679183247,15.6
862,862,862,6,6,Alshon Jeffery,20,Bench,QUESTIONABLE,12.8511973559,23.6
863,863,863,6,6,Allen Robinson II,20,Bench,ACTIVE,0.0,
864,864,864,6,6,Baker Mayfield,20,Bench,ACTIVE,15.1107569121,19.46
865,865,865,6,6,Dak Prescott,0,QB,ACTIVE,18.414093088,18.22
866,866,866,6,6,Keke Coutee,20,Bench,ACTIVE,8.6008733612,7.9
867,867,867,6,6,DJ Chark Jr.,23,Flex,ACTIVE,13.514178647,7.3
868,868,868,6,6,Gerald Everett,6,TE,ACTIVE,7.981217726999999,2.9
869,869,869,6,6,Latavius Murray,20,Bench,ACTIVE,5.350552327900001,10.9
870,870,870,6,7,Julio Jones,4,WR,ACTIVE,17.669511304199997,18.8
871,871,871,6,7,Tyreek Hill,23,Flex,ACTIVE,13.8260153362,25.0
872,872,872,6,7,Robert Woods,23,Flex,ACTIVE,14.0893441762,7.6
873,873,873,6,7,Sony Michel,2,RB,ACTIVE,15.334630819,13.3
874,874,874,6,7,Phillip Lindsay,20,Bench,QUESTIONABLE,15.654515526,15.5
875,875,875,6,7,Matt Ryan,0,QB,ACTIVE,19.9102681713,30.94
876,876,876,6,7,Larry Fitzgerald,4,WR,ACTIVE,13.556126942,12.9
877,877,877,6,7,Tevin Coleman,2,RB,ACTIVE,12.252963078,14.1
878,878,878,6,7,Vance McDonald,20,Bench,ACTIVE,6.694346451,1.5
879,879,879,6,7,Jaylen Samuels,20,Bench,ACTIVE,0.0,0.0
880,880,880,6,7,Mark Andrews,6,TE,ACTIVE,14.21911745,13.9
881,881,881,6,7,Cole Beasley,20,Bench,ACTIVE,0.0,
882,882,882,6,7,Reggie Bonnafon,20,Bench,ACTIVE,1.6093307895000002,0.0
883,883,883,6,8,Le'Veon Bell,2,RB,ACTIVE,20.172680191,12.3
884,884,884,6,8,Aaron Rodgers,0,QB,ACTIVE,17.994929354,18.32
885,885,885,6,8,Michael Thomas,4,WR,ACTIVE,19.597396164000003,16.9
886,886,886,6,8,Josh Jacobs,20,Bench,QUESTIONABLE,0.0,
887,887,887,6,8,Marlon Mack,20,Bench,ACTIVE,0.0,
888,888,888,6,8,Mike Williams,4,WR,ACTIVE,10.4342598576,12.2
889,889,889,6,8,Delanie Walker,6,TE,QUESTIONABLE,8.445636536,7.3
890,890,890,6,8,Mohamed Sanu Sr.,23,Flex,QUESTIONABLE,10.6109494465,5.9
891,891,891,6,8,Adam Humphries,20,Bench,ACTIVE,8.1745743487,10.7
892,892,892,6,8,Chris Conley,20,Bench,ACTIVE,8.191247834999999,0.0
893,893,893,6,8,Vernon Davis,20,Bench,ACTIVE,0.0,0.0
894,894,894,6,8,Jordan Howard,23,Flex,QUESTIONABLE,11.309051227,4.9
895,895,895,6,8,Giovani Bernard,2,RB,ACTIVE,6.335620457899999,4.4
896,896,896,6,9,Travis Kelce,6,TE,ACTIVE,17.203373692000003,9.8
897,897,897,6,9,Stefon Diggs,23,Flex,ACTIVE,10.183619856100002,43.5
898,898,898,6,9,Chris Godwin,4,WR,QUESTIONABLE,15.898774107,25.1
899,899,899,6,9,Nick Chubb,2,RB,ACTIVE,20.042442625,28.9
900,900,900,6,9,Aaron Jones,23,Flex,ACTIVE,17.457794575,8.0
901,901,901,6,9,Duke Johnson,20,Bench,ACTIVE,8.35224778,13.4
902,902,902,6,9,John Brown,20,Bench,ACTIVE,0.0,
903,903,903,6,9,Mecole Hardman,20,Bench,ACTIVE,8.5767235608,8.5
904,904,904,6,9,Golden Tate,20,Bench,ACTIVE,12.9913549668,22.200000000000003
905,905,905,6,9,Jared Goff,0,QB,ACTIVE,16.6307031874,1.12
906,906,906,6,9,Jimmy Garoppolo,20,Bench,ACTIVE,15.115518307400002,12.12
907,907,907,6,9,Adrian Peterson,2,RB,ACTIVE,10.7077242328,15.6
908,908,908,6,9,Josh Gordon,4,WR,OUT,12.6129448106,1.7000000000000002
909,909,909,6,10,Melvin Gordon,2,RB,ACTIVE,16.331665526000002,7.8
910,910,910,6,10,JuJu Smith-Schuster,23,Flex,ACTIVE,12.440809496000002,1.7000000000000002
911,911,911,6,10,Odell Beckham Jr.,4,WR,QUESTIONABLE,15.061625991799998,16.1
912,912,912,6,10,Will Fuller V,4,WR,QUESTIONABLE,14.996867772000002,9.4
913,913,913,6,10,Cooper Kupp,23,Flex,ACTIVE,17.829262496000002,5.7
914,914,914,6,10,Matt Breida,20,Bench,ACTIVE,10.700354125,10.3
915,915,915,6,10,Devin Singletary,20,Bench,ACTIVE,0.0,
916,916,916,6,10,Antonio Brown,20,Bench,ACTIVE,0.0,
917,917,917,6,10,Russell Wilson,0,QB,ACTIVE,20.361541652,28.9
918,918,918,6,10,Chris Thompson,2,RB,ACTIVE,13.898019066000003,4.0
919,919,919,6,10,Will Dissly,6,TE,QUESTIONABLE,10.925997496,0.0
920,920,920,6,10,Rashaad Penny,20,Bench,QUESTIONABLE,0.0,0.0
921,921,921,6,10,Chase Edmonds,20,Bench,ACTIVE,6.092867040000001,14.7
922,922,922,6,11,Ezekiel Elliott,2,RB,ACTIVE,18.689298907,26.3
923,923,923,6,11,DeAndre Hopkins,4,WR,QUESTIONABLE,17.355754106,16.5
924,924,924,6,11,Joe Mixon,2,RB,ACTIVE,13.413341533,5.9
925,925,925,6,11,Calvin Ridley,4,WR,QUESTIONABLE,12.5340981357,14.8
926,926,926,6,11,Deshaun Watson,0,QB,ACTIVE,21.473120877,29.4
927,927,927,6,11,Jarvis Landry,23,Flex,QUESTIONABLE,13.885953401500002,6.6
928,928,928,6,11,Ronald Jones II,20,Bench,ACTIVE,9.1774656213,7.0
929,929,929,6,11,DK Metcalf,20,Bench,ACTIVE,9.072298963,11.3
930,930,930,6,11,Philip Rivers,20,Bench,ACTIVE,15.809882145799998,14.8
931,931,931,6,11,DeSean Jackson,21,IR,ACTIVE,0.0,0.0
932,932,932,6,11,Jalen Richard,20,Bench,QUESTIONABLE,0.0,
933,933,933,6,11,Carlos Hyde,23,Flex,ACTIVE,10.0668554587,18.0
934,934,934,6,11,Jason Witten,6,TE,ACTIVE,7.234278190000001,10.7
935,935,935,6,12,Kerryon Johnson,2,RB,ACTIVE,13.853495006,14.1
936,936,936,6,12,Davante Adams,20,Bench,ACTIVE,0.0,0.0
937,937,937,6,12,Dalvin Cook,2,RB,ACTIVE,21.91445681,13.400000000000002
938,938,938,6,12,Kenny Golladay,4,WR,ACTIVE,15.644673711,17.1
939,939,939,6,12,Tarik Cohen,20,Bench,ACTIVE,0.0,
940,940,940,6,12,Miles Sanders,23,Flex,QUESTIONABLE,12.098333499,18.2
941,941,941,6,12,Christian Kirk,20,Bench,ACTIVE,0.0,0.0
942,942,942,6,12,Royce Freeman,23,Flex,ACTIVE,12.104496569000002,12.6
943,943,943,6,12,Darren Waller,20,Bench,QUESTIONABLE,0.0,
944,944,944,6,12,Frank Gore,20,Bench,ACTIVE,0.0,
945,945,945,6,12,Jared Cook,6,TE,ACTIVE,8.098590394,12.7
946,946,946,6,12,Gardner Minshew II,0,QB,ACTIVE,17.207816241,4.620000000000001
947,947,947,6,12,Preston Williams,4,WR,QUESTIONABLE,9.781408861,5.1
948,948,948,6,13,Derrick Henry,2,RB,ACTIVE,14.768094366,4.300000000000001
949,949,949,6,13,George Kittle,6,TE,ACTIVE,16.104735955500004,18.3
950,950,950,6,13,Amari Cooper,4,WR,ACTIVE,15.717017731,1.3
951,951,951,6,13,Zach Ertz,23,Flex,QUESTIONABLE,13.932450799,7.4
952,952,952,6,13,Devonta Freeman,2,RB,ACTIVE,15.424474269,26.8
953,953,953,6,13,A.J. Green,21,IR,QUESTIONABLE,0.0,0.0
954,954,954,6,13,Drew Brees,20,Bench,ACTIVE,0.0,0.0
955,955,955,6,13,Emmanuel Sanders,4,WR,ACTIVE,10.989208998000002,1.0
956,956,956,6,13,LeSean McCoy,20,Bench,ACTIVE,7.892265117,6.4
957,957,957,6,13,Austin Ekeler,20,Bench,ACTIVE,14.559358826,5.800000000000001
958,958,958,6,13,Sterling Shepard,20,Bench,ACTIVE,0.0,0.0
959,959,959,6,13,Terry McLaurin,23,Flex,QUESTIONABLE,13.383262401,26.0
960,960,960,6,13,Jameis Winston,0,QB,QUESTIONABLE,17.870051775,12.1
961,961,961,6,13,David Montgomery,20,Bench,ACTIVE,0.0,
962,962,962,7,1,Saquon Barkley,2,RB,ACTIVE,22.422639188,17.0
963,963,963,7,1,Alvin Kamara,21,IR,ACTIVE,0.0,0.0
964,964,964,7,1,James White,2,RB,ACTIVE,14.807636419,12.9
965,965,965,7,1,Tyler Boyd,4,WR,ACTIVE,14.450312706500002,8.5
966,966,966,7,1,Austin Hooper,6,TE,ACTIVE,15.710191373,14.6
967,967,967,7,1,Michael Gallup,23,Flex,ACTIVE,12.917122706,6.4
968,968,968,7,1,T.J. Hockenson,20,Bench,QUESTIONABLE,7.506057291,6.2
969,969,969,7,1,Marquise Brown,20,Bench,QUESTIONABLE,0.0,0.0
970,970,970,7,1,Courtland Sutton,4,WR,ACTIVE,14.436739957,14.7
971,971,971,7,1,Tom Brady,0,QB,ACTIVE,17.5229920306,11.96
972,972,972,7,1,Diontae Johnson,20,Bench,QUESTIONABLE,0.0,
973,973,973,7,1,Jimmy Graham,20,Bench,ACTIVE,8.327004348,16.5
974,974,974,7,1,Auden Tate,23,Flex,QUESTIONABLE,10.977610937,9.5
975,975,975,7,1,Benny Snell Jr.,20,Bench,ACTIVE,0.0,
976,976,976,7,2,David Johnson,2,RB,ACTIVE,18.890907369000004,0.2
977,977,977,7,2,Brandin Cooks,4,WR,ACTIVE,11.6554831778,9.9
978,978,978,7,2,Mike Evans,20,Bench,QUESTIONABLE,0.0,
979,979,979,7,2,Mark Ingram II,2,RB,ACTIVE,13.189324585,6.300000000000001
980,980,980,7,2,Malcolm Brown,21,IR,ACTIVE,0.0,0.0
981,981,981,7,2,Alexander Mattison,20,Bench,ACTIVE,4.7819123834,1.8
982,982,982,7,2,Kyler Murray,0,QB,ACTIVE,19.861259156000003,6.960000000000001
983,983,983,7,2,T.Y. Hilton,4,WR,ACTIVE,14.594128651999998,19.4
984,984,984,7,2,Corey Davis,20,Bench,ACTIVE,9.250355349,20.0
985,985,985,7,2,Jamison Crowder,23,Flex,ACTIVE,10.9846030593,6.6
986,986,986,7,2,Dante Pettis,23,Flex,ACTIVE,7.906164711000001,0.0
987,987,987,7,2,Dawson Knox,6,TE,ACTIVE,6.1503544660000005,4.2
988,988,988,7,2,O.J. Howard,20,Bench,ACTIVE,0.0,
989,989,989,7,2,Ito Smith,20,Bench,QUESTIONABLE,6.079835244000001,0.7000000000000001
990,990,990,7,3,Todd Gurley II,2,RB,ACTIVE,17.980221022000002,12.400000000000002
991,991,991,7,3,Keenan Allen,4,WR,ACTIVE,14.3814234272,10.1
992,992,992,7,3,Tyler Lockett,4,WR,ACTIVE,13.909759763,16.8
993,993,993,7,3,Adam Thielen,23,Flex,ACTIVE,14.6910819666,9.5
994,994,994,7,3,Carson Wentz,0,QB,QUESTIONABLE,18.349986445,6.840000000000001
995,995,995,7,3,Robby Anderson,23,Flex,ACTIVE,8.2636393367,2.0
996,996,996,7,3,Kenyan Drake,2,RB,ACTIVE,11.209479991000002,8.8
997,997,997,7,3,Derrius Guice,21,IR,ACTIVE,0.0,0.0
998,998,998,7,3,Hunter Henry,6,TE,ACTIVE,11.189323017,15.7
999,999,999,7,3,Kareem Hunt,20,Bench,ACTIVE,0.0,
1000,1000,1000,7,3,Tyler Eifert,20,Bench,ACTIVE,4.652549985,3.0
1001,1001,1001,7,3,Demarcus Robinson,20,Bench,ACTIVE,8.721407746000002,6.1
1002,1002,1002,7,3,Deebo Samuel,20,Bench,ACTIVE,0.0,0.0
1003,1003,1003,7,3,Darrell Henderson Jr.,20,Bench,QUESTIONABLE,4.6195748615,4.9
1004,1004,1004,7,5,Christian McCaffrey,20,Bench,ACTIVE,0.0,
1005,1005,1005,7,5,Patrick Mahomes,20,Bench,ACTIVE,21.071298068,7.24
1006,1006,1006,7,5,Chris Carson,2,RB,QUESTIONABLE,18.028072652,10.4
1007,1007,1007,7,5,Dede Westbrook,23,Flex,ACTIVE,11.9385578778,17.700000000000003
1008,1008,1008,7,5,Lamar Jackson,0,QB,ACTIVE,22.109439749,23.32
1009,1009,1009,7,5,Sammy Watkins,20,Bench,ACTIVE,0.0,0.0
1010,1010,1010,7,5,Curtis Samuel,20,Bench,ACTIVE,0.0,
1011,1011,1011,7,5,Marvin Jones Jr.,23,Flex,QUESTIONABLE,11.1984264431,43.3
1012,1012,1012,7,5,Tyrell Williams,20,Bench,QUESTIONABLE,0.0,0.0
1013,1013,1013,7,5,Randall Cobb,4,WR,ACTIVE,10.1049338326,4.9
1014,1014,1014,7,5,Jack Doyle,6,TE,ACTIVE,6.36495227,5.1
1015,1015,1015,7,5,Allen Lazard,4,WR,ACTIVE,3.597081229,7.2
1016,1016,1016,7,5,Nyheim Hines,2,RB,ACTIVE,7.388287038099999,2.6
1017,1017,1017,7,6,Julian Edelman,4,WR,QUESTIONABLE,16.1849899523,13.7
1018,1018,1018,7,6,Evan Engram,6,TE,QUESTIONABLE,15.4238842922,1.6
1019,1019,1019,7,6,Damien Williams,2,RB,ACTIVE,8.418428989,2.6
1020,1020,1020,7,6,Leonard Fournette,2,RB,QUESTIONABLE,20.736861897,16.5
1021,1021,1021,7,6,James Conner,20,Bench,QUESTIONABLE,0.0,
1022,1022,1022,7,6,DJ Moore,20,Bench,QUESTIONABLE,0.0,
1023,1023,1023,7,6,Alshon Jeffery,23,Flex,QUESTIONABLE,14.615422781,5.800000000000001
1024,1024,1024,7,6,Allen Robinson II,23,Flex,ACTIVE,12.829742613,24.700000000000003
1025,1025,1025,7,6,Baker Mayfield,20,Bench,ACTIVE,0.0,
1026,1026,1026,7,6,Dak Prescott,0,QB,ACTIVE,19.420724786,20.56
1027,1027,1027,7,6,DJ Chark Jr.,4,WR,ACTIVE,14.059954172,10.3
1028,1028,1028,7,6,Gerald Everett,20,Bench,ACTIVE,9.343971567,15.0
1029,1029,1029,7,6,Latavius Murray,20,Bench,ACTIVE,11.592275737,32.0
1030,1030,1030,7,7,Julio Jones,4,WR,ACTIVE,18.9208923736,15.3
1031,1031,1031,7,7,Tyreek Hill,4,WR,ACTIVE,17.482072208199998,16.4
1032,1032,1032,7,7,Robert Woods,23,Flex,ACTIVE,13.6673450839,13.6
1033,1033,1033,7,7,Sony Michel,20,Bench,ACTIVE,10.682245630000002,22.4
1034,1034,1034,7,7,Phillip Lindsay,2,RB,QUESTIONABLE,16.631142732000004,4.199999999999999
1035,1035,1035,7,7,Matt Ryan,0,QB,ACTIVE,21.4411947632,2.5600000000000005
1036,1036,1036,7,7,Larry Fitzgerald,23,Flex,ACTIVE,13.942736635,2.2
1037,1037,1037,7,7,Tevin Coleman,2,RB,ACTIVE,16.242576708999994,8.1
1038,1038,1038,7,7,Vance McDonald,20,Bench,ACTIVE,0.0,
1039,1039,1039,7,7,Jaylen Samuels,20,Bench,ACTIVE,0.0,
1040,1040,1040,7,7,Mark Andrews,6,TE,ACTIVE,16.132121663,5.9
1041,1041,1041,7,7,Cole Beasley,20,Bench,ACTIVE,9.84853074,10.6
1042,1042,1042,7,7,Reggie Bonnafon,20,Bench,ACTIVE,0.0,
1043,1043,1043,7,8,Le'Veon Bell,2,RB,ACTIVE,18.175468805,8.6
1044,1044,1044,7,8,Aaron Rodgers,0,QB,ACTIVE,18.90216842,43.760000000000005
1045,1045,1045,7,8,Michael Thomas,4,WR,ACTIVE,21.050008609,22.1
1046,1046,1046,7,8,Josh Jacobs,2,RB,QUESTIONABLE,12.70471403,16.4
1047,1047,1047,7,8,Marlon Mack,23,Flex,ACTIVE,14.415077735,8.600000000000001
1048,1048,1048,7,8,Mike Williams,4,WR,ACTIVE,11.5032066758,8.7
1049,1049,1049,7,8,Delanie Walker,6,TE,QUESTIONABLE,9.884574233,0.0
1050,1050,1050,7,8,Mohamed Sanu Sr.,20,Bench,QUESTIONABLE,10.0578356697,1.3
1051,1051,1051,7,8,Adam Humphries,20,Bench,ACTIVE,9.146760087,8.0
1052,1052,1052,7,8,Chris Conley,20,Bench,ACTIVE,7.469712865999999,13.3
1053,1053,1053,7,8,Vernon Davis,20,Bench,ACTIVE,0.0,0.0
1054,1054,1054,7,8,Jordan Howard,23,Flex,QUESTIONABLE,11.8702555753,7.6
1055,1055,1055,7,8,Giovani Bernard,20,Bench,ACTIVE,6.84932713,2.4
1056,1056,1056,7,9,Travis Kelce,6,TE,ACTIVE,16.118492652999997,10.4
1057,1057,1057,7,9,Stefon Diggs,23,Flex,ACTIVE,12.8615791068,21.3
1058,1058,1058,7,9,Chris Godwin,20,Bench,QUESTIONABLE,0.0,
1059,1059,1059,7,9,Nick Chubb,20,Bench,ACTIVE,0.0,
1060,1060,1060,7,9,Aaron Jones,2,RB,ACTIVE,17.856560266000002,18.3
1061,1061,1061,7,9,Duke Johnson,20,Bench,ACTIVE,7.944996848000001,7.6
1062,1062,1062,7,9,John Brown,4,WR,ACTIVE,11.4559486604,19.3
1063,1063,1063,7,9,Golden Tate,4,WR,ACTIVE,11.7957953659,14.0
1064,1064,1064,7,9,Jared Goff,0,QB,ACTIVE,17.5443161906,25.020000000000003
1065,1065,1065,7,9,Jimmy Garoppolo,20,Bench,ACTIVE,14.9358044554,6.04
1066,1066,1066,7,9,Adrian Peterson,2,RB,ACTIVE,10.554803851,6.1
1067,1067,1067,7,9,Josh Gordon,20,Bench,OUT,0.0,0.0
1068,1068,1068,7,9,Jamaal Williams,23,Flex,ACTIVE,10.390982456,13.1
1069,1069,1069,7,10,Melvin Gordon,2,RB,ACTIVE,14.326273667,8.899999999999999
1070,1070,1070,7,10,JuJu Smith-Schuster,20,Bench,ACTIVE,0.0,
1071,1071,1071,7,10,Odell Beckham Jr.,20,Bench,QUESTIONABLE,0.0,
1072,1072,1072,7,10,Will Fuller V,4,WR,QUESTIONABLE,13.706554841,1.6
1073,1073,1073,7,10,Cooper Kupp,4,WR,ACTIVE,17.342746409100002,11.0
1074,1074,1074,7,10,Matt Breida,2,RB,ACTIVE,11.168404674,4.6
1075,1075,1075,7,10,Devin Singletary,23,Flex,ACTIVE,9.987802423,2.6
1076,1076,1076,7,10,Russell Wilson,0,QB,ACTIVE,21.881144171000003,14.34
1077,1077,1077,7,10,Chase Edmonds,23,Flex,ACTIVE,6.247359874000002,35.0
1078,1078,1078,7,10,David Njoku,21,IR,ACTIVE,0.0,
1079,1079,1079,7,10,Rex Burkhead,20,Bench,ACTIVE,0.0,0.0
1080,1080,1080,7,10,Dallas Goedert,6,TE,ACTIVE,7.803412390000001,14.9
1081,1081,1081,7,10,Tony Pollard,20,Bench,ACTIVE,3.5838642509,2.8000000000000003
1082,1082,1082,7,10,Antonio Brown,20,Bench,ACTIVE,0.0,
1083,1083,1083,7,11,Ezekiel Elliott,2,RB,ACTIVE,19.937483211,26.700000000000003
1084,1084,1084,7,11,DeAndre Hopkins,4,WR,QUESTIONABLE,15.988541227,25.6
1085,1085,1085,7,11,Joe Mixon,2,RB,ACTIVE,13.76771182,7.4
1086,1086,1086,7,11,Calvin Ridley,4,WR,QUESTIONABLE,13.440917325,7.0
1087,1087,1087,7,11,Deshaun Watson,0,QB,ACTIVE,20.949458448,15.52
1088,1088,1088,7,11,Jarvis Landry,20,Bench,QUESTIONABLE,0.0,
1089,1089,1089,7,11,Ronald Jones II,20,Bench,ACTIVE,0.0,
1090,1090,1090,7,11,DK Metcalf,23,Flex,ACTIVE,9.325613677000002,7.300000000000001
1091,1091,1091,7,11,Philip Rivers,20,Bench,ACTIVE,15.2202906713,21.16
1092,1092,1092,7,11,DeSean Jackson,21,IR,ACTIVE,0.0,0.0
1093,1093,1093,7,11,Jalen Richard,20,Bench,QUESTIONABLE,4.411251584,1.7
1094,1094,1094,7,11,Carlos Hyde,23,Flex,ACTIVE,11.4346532583,3.5
1095,1095,1095,7,11,Jason Witten,6,TE,ACTIVE,7.50218314,7.300000000000001
1096,1096,1096,7,12,Kerryon Johnson,2,RB,ACTIVE,14.350703146,2.3000000000000003
1097,1097,1097,7,12,Davante Adams,20,Bench,ACTIVE,0.0,0.0
1098,1098,1098,7,12,Dalvin Cook,23,Flex,ACTIVE,20.614909784,27.9
1099,1099,1099,7,12,Kenny Golladay,4,WR,ACTIVE,15.582336593,3.1
1100,1100,1100,7,12,Tarik Cohen,20,Bench,ACTIVE,11.262081632,11.9
1101,1101,1101,7,12,Miles Sanders,20,Bench,QUESTIONABLE,10.486622593000002,6.199999999999999
1102,1102,1102,7,12,Christian Kirk,4,WR,ACTIVE,0.0,0.0
1103,1103,1103,7,12,Royce Freeman,2,RB,ACTIVE,12.615676742000002,16.7
1104,1104,1104,7,12,Darren Waller,6,TE,QUESTIONABLE,14.658724928,31.6
1105,1105,1105,7,12,Frank Gore,23,Flex,ACTIVE,12.849893823000002,7.6
1106,1106,1106,7,12,Preston Williams,20,Bench,QUESTIONABLE,9.350274881,12.2
1107,1107,1107,7,12,Josh Allen,0,QB,ACTIVE,21.719848148000004,21.28
1108,1108,1108,7,12,Phillip Dorsett II,20,Bench,ACTIVE,11.643864532600002,13.6
1109,1109,1109,7,13,Derrick Henry,2,RB,ACTIVE,16.096474305000005,17.8
1110,1110,1110,7,13,George Kittle,6,TE,ACTIVE,14.1759163602,6.800000000000001
1111,1111,1111,7,13,Amari Cooper,4,WR,ACTIVE,16.114764819,15.6
1112,1112,1112,7,13,Zach Ertz,23,Flex,QUESTIONABLE,14.273334032,5.800000000000001
1113,1113,1113,7,13,Devonta Freeman,2,RB,ACTIVE,15.841970950000002,4.5
1114,1114,1114,7,13,A.J. Green,21,IR,QUESTIONABLE,0.0,0.0
1115,1115,1115,7,13,Drew Brees,20,Bench,ACTIVE,0.0,0.0
1116,1116,1116,7,13,Emmanuel Sanders,4,WR,ACTIVE,11.562106355,11.0
1117,1117,1117,7,13,LeSean McCoy,20,Bench,ACTIVE,12.097605097,9.6
1118,1118,1118,7,13,Austin Ekeler,20,Bench,ACTIVE,13.028408057,25.5
1119,1119,1119,7,13,Terry McLaurin,23,Flex,QUESTIONABLE,12.623558802000002,2.1
1120,1120,1120,7,13,Jameis Winston,20,Bench,QUESTIONABLE,0.0,
1121,1121,1121,7,13,David Montgomery,20,Bench,ACTIVE,12.523874748,1.9
1122,1122,1122,7,13,Daniel Jones,0,QB,ACTIVE,17.603072216,10.42
1123,1123,1123,8,1,Saquon Barkley,2,RB,ACTIVE,19.978302089,28.3
1124,1124,1124,8,1,Alvin Kamara,21,IR,ACTIVE,0.0,0.0
1125,1125,1125,8,1,James White,2,RB,ACTIVE,13.669507029,11.9
1126,1126,1126,8,1,Tyler Boyd,4,WR,ACTIVE,14.5402379411,12.8
1127,1127,1127,8,1,Austin Hooper,6,TE,ACTIVE,12.842600006,18.5
1128,1128,1128,8,1,Michael Gallup,20,Bench,ACTIVE,0.0,
1129,1129,1129,8,1,Marquise Brown,20,Bench,QUESTIONABLE,0.0,
1130,1130,1130,8,1,Courtland Sutton,23,Flex,ACTIVE,13.456929732,10.2
1131,1131,1131,8,1,Tom Brady,0,QB,ACTIVE,17.4970221272,18.36
1132,1132,1132,8,1,Diontae Johnson,20,Bench,QUESTIONABLE,9.497219999,19.4
1133,1133,1133,8,1,Jimmy Graham,20,Bench,ACTIVE,9.340845084,5.0
1134,1134,1134,8,1,Auden Tate,4,WR,QUESTIONABLE,10.001117100000002,11.5
1135,1135,1135,8,1,A.J. Brown,23,Flex,ACTIVE,10.357712921,9.1
1136,1136,1136,8,1,Demaryius Thomas,20,Bench,QUESTIONABLE,9.173547432,11.3
1137,1137,1137,8,2,David Johnson,20,Bench,ACTIVE,0.0,0.0
1138,1138,1138,8,2,Brandin Cooks,4,WR,ACTIVE,12.045228641,0.0
1139,1139,1139,8,2,Mike Evans,23,Flex,QUESTIONABLE,15.460323177,42.8
1140,1140,1140,8,2,Mark Ingram II,20,Bench,ACTIVE,0.0,
1141,1141,1141,8,2,Malcolm Brown,21,IR,ACTIVE,0.0,0.0
1142,1142,1142,8,2,Alexander Mattison,20,Bench,ACTIVE,5.264552213699999,8.400000000000002
1143,1143,1143,8,2,Kyler Murray,0,QB,ACTIVE,18.893246436,10.1
1144,1144,1144,8,2,T.Y. Hilton,4,WR,ACTIVE,13.684567929,7.4
1145,1145,1145,8,2,Corey Davis,20,Bench,ACTIVE,11.897081042,2.9
1146,1146,1146,8,2,Jamison Crowder,23,Flex,ACTIVE,11.2664211665,5.4
1147,1147,1147,8,2,Mark Walton,2,RB,SUSPENSION,9.163544461,6.4
1148,1148,1148,8,2,Marquez Valdes-Scantling,20,Bench,ACTIVE,9.9715508823,1.4
1149,1149,1149,8,2,T.J. Hockenson,6,TE,QUESTIONABLE,8.222439706,3.1
1150,1150,1150,8,2,J.D. McKissic,2,RB,ACTIVE,8.119268429,3.1
1151,1151,1151,8,3,Todd Gurley II,2,RB,ACTIVE,17.298839065000003,10.4
1152,1152,1152,8,3,Keenan Allen,23,Flex,ACTIVE,10.878350608000002,12.3
1153,1153,1153,8,3,Tyler Lockett,4,WR,ACTIVE,14.2345538062,16.0
1154,1154,1154,8,3,Adam Thielen,20,Bench,ACTIVE,0.0,0.0
1155,1155,1155,8,3,Carson Wentz,0,QB,QUESTIONABLE,14.828395565,14.38
1156,1156,1156,8,3,Robby Anderson,23,Flex,ACTIVE,10.731561011699998,8.3
1157,1157,1157,8,3,Kenyan Drake,20,Bench,ACTIVE,0.0,0.0
1158,1158,1158,8,3,Derrius Guice,21,IR,ACTIVE,0.0,0.0
1159,1159,1159,8,3,Hunter Henry,6,TE,ACTIVE,13.234502083000002,8.7
1160,1160,1160,8,3,Kareem Hunt,20,Bench,ACTIVE,0.0,0.0
1161,1161,1161,8,3,Deebo Samuel,20,Bench,ACTIVE,4.1352561071,13.8
1162,1162,1162,8,3,Darrell Henderson Jr.,20,Bench,QUESTIONABLE,5.7390752231,8.9
1163,1163,1163,8,3,Kenny Stills,4,WR,ACTIVE,11.990518659,5.2
1164,1164,1164,8,3,Darrel Williams,2,RB,QUESTIONABLE,2.8075883655,1.0
1165,1165,1165,8,5,Christian McCaffrey,2,RB,ACTIVE,23.452754703,27.500000000000004
1166,1166,1166,8,5,Patrick Mahomes,20,Bench,ACTIVE,0.0,0.0
1167,1167,1167,8,5,Chris Carson,2,RB,QUESTIONABLE,19.656313686,15.0
1168,1168,1168,8,5,Dede Westbrook,23,Flex,ACTIVE,11.971906172800002,0.0
1169,1169,1169,8,5,Lamar Jackson,20,Bench,ACTIVE,0.0,
1170,1170,1170,8,5,Sammy Watkins,20,Bench,ACTIVE,9.075528292,9.5
1171,1171,1171,8,5,Curtis Samuel,4,WR,ACTIVE,11.282033522700004,8.600000000000001
1172,1172,1172,8,5,Marvin Jones Jr.,23,Flex,QUESTIONABLE,13.209392612600002,6.2
1173,1173,1173,8,5,Tyrell Williams,4,WR,QUESTIONABLE,13.866159166,18.1
1174,1174,1174,8,5,Jack Doyle,6,TE,ACTIVE,6.409804606000001,10.1
1175,1175,1175,8,5,Allen Lazard,20,Bench,ACTIVE,7.472441922000001,9.2
1176,1176,1176,8,5,Nyheim Hines,20,Bench,ACTIVE,6.641307384000001,7.6
1177,1177,1177,8,5,Matthew Stafford,0,QB,ACTIVE,19.441027143200003,23.38
1178,1178,1178,8,6,Julian Edelman,4,WR,QUESTIONABLE,15.179249632000005,27.5
1179,1179,1179,8,6,Evan Engram,6,TE,QUESTIONABLE,13.511861349400002,14.0
1180,1180,1180,8,6,Leonard Fournette,2,RB,QUESTIONABLE,19.882023278,20.6
1181,1181,1181,8,6,James Conner,2,RB,QUESTIONABLE,19.249659264,24.0
1182,1182,1182,8,6,DJ Moore,20,Bench,QUESTIONABLE,12.5582722581,8.8
1183,1183,1183,8,6,Alshon Jeffery,20,Bench,QUESTIONABLE,12.636692994,10.4
1184,1184,1184,8,6,Allen Robinson II,23,Flex,ACTIVE,13.224508879,11.2
1185,1185,1185,8,6,Dak Prescott,20,Bench,ACTIVE,0.0,
1186,1186,1186,8,6,DJ Chark Jr.,4,WR,ACTIVE,12.7690007158,19.9
1187,1187,1187,8,6,Gerald Everett,20,Bench,ACTIVE,10.26054846,3.5
1188,1188,1188,8,6,Latavius Murray,23,Flex,ACTIVE,19.314614578,36.7
1189,1189,1189,8,6,Ty Johnson,20,Bench,ACTIVE,12.604971331,4.8
1190,1190,1190,8,6,Gardner Minshew II,0,QB,ACTIVE,16.377001022,23.96
1191,1191,1191,8,7,Julio Jones,4,WR,ACTIVE,16.040134882300002,25.200000000000003
1192,1192,1192,8,7,Tyreek Hill,4,WR,ACTIVE,14.9458937276,14.1
1193,1193,1193,8,7,Robert Woods,23,Flex,ACTIVE,11.8750435561,6.2
1194,1194,1194,8,7,Sony Michel,23,Flex,ACTIVE,13.762646379700003,7.4
1195,1195,1195,8,7,Phillip Lindsay,2,RB,QUESTIONABLE,13.17779807,12.6
1196,1196,1196,8,7,Matt Ryan,21,IR,ACTIVE,0.0,0.0
1197,1197,1197,8,7,Larry Fitzgerald,20,Bench,ACTIVE,12.901059432,2.8
1198,1198,1198,8,7,Tevin Coleman,2,RB,ACTIVE,15.151422873,37.8
1199,1199,1199,8,7,Vance McDonald,6,TE,ACTIVE,6.650211462000001,4.9
1200,1200,1200,8,7,Jaylen Samuels,20,Bench,ACTIVE,0.0,0.0
1201,1201,1201,8,7,Mark Andrews,20,Bench,ACTIVE,0.0,
1202,1202,1202,8,7,Cole Beasley,20,Bench,ACTIVE,10.595299981999998,13.1
1203,1203,1203,8,7,Reggie Bonnafon,20,Bench,ACTIVE,1.5185341586,1.7
1204,1204,1204,8,7,Ryan Tannehill,0,QB,ACTIVE,15.21655935,19.42
1205,1205,1205,8,8,Le'Veon Bell,2,RB,ACTIVE,16.73240305,6.500000000000001
1206,1206,1206,8,8,Aaron Rodgers,0,QB,ACTIVE,19.12009207,27.1
1207,1207,1207,8,8,Michael Thomas,4,WR,ACTIVE,22.333718673,27.300000000000004
1208,1208,1208,8,8,Josh Jacobs,2,RB,QUESTIONABLE,14.501912916,10.1
1209,1209,1209,8,8,Marlon Mack,23,Flex,ACTIVE,14.091874552999998,16.0
1210,1210,1210,8,8,Mike Williams,4,WR,ACTIVE,11.3993695392,9.9
1211,1211,1211,8,8,Delanie Walker,6,TE,QUESTIONABLE,0.0,0.0
1212,1212,1212,8,8,Mohamed Sanu Sr.,20,Bench,QUESTIONABLE,10.747313263800002,4.300000000000001
1213,1213,1213,8,8,Adam Humphries,20,Bench,ACTIVE,8.5977199843,5.4
1214,1214,1214,8,8,Chris Conley,20,Bench,ACTIVE,8.700510674999999,20.3
1215,1215,1215,8,8,Vernon Davis,20,Bench,ACTIVE,0.0,0.0
1216,1216,1216,8,8,Jordan Howard,23,Flex,QUESTIONABLE,10.509640475600005,18.1
1217,1217,1217,8,8,Giovani Bernard,20,Bench,ACTIVE,6.7287234190000005,6.5
1218,1218,1218,8,9,Travis Kelce,6,TE,ACTIVE,12.989541271,16.3
1219,1219,1219,8,9,Stefon Diggs,23,Flex,ACTIVE,14.4148191439,19.3
1220,1220,1220,8,9,Chris Godwin,23,Flex,QUESTIONABLE,17.566882006,10.3
1221,1221,1221,8,9,Nick Chubb,2,RB,ACTIVE,16.735043715,10.8
1222,1222,1222,8,9,Aaron Jones,2,RB,ACTIVE,17.519465463,41.6
1223,1223,1223,8,9,Duke Johnson,20,Bench,ACTIVE,10.490067885,13.4
1224,1224,1224,8,9,John Brown,4,WR,ACTIVE,13.103649958700002,10.4
1225,1225,1225,8,9,Golden Tate,4,WR,ACTIVE,13.2644511753,16.5
1226,1226,1226,8,9,Jared Goff,0,QB,ACTIVE,16.599657838600002,22.880000000000003
1227,1227,1227,8,9,Jimmy Garoppolo,20,Bench,ACTIVE,13.4463428629,13.0
1228,1228,1228,8,9,Adrian Peterson,20,Bench,ACTIVE,11.612476968,12.3
1229,1229,1229,8,9,Josh Gordon,20,Bench,OUT,0.0,0.0
1230,1230,1230,8,9,Jamaal Williams,20,Bench,ACTIVE,11.033040537000002,18.6
1231,1231,1231,8,10,Melvin Gordon,2,RB,ACTIVE,13.645783127,11.4
1232,1232,1232,8,10,JuJu Smith-Schuster,23,Flex,ACTIVE,12.669875499000002,21.3
1233,1233,1233,8,10,Odell Beckham Jr.,4,WR,QUESTIONABLE,13.2508703944,10.2
1234,1234,1234,8,10,Will Fuller V,21,IR,QUESTIONABLE,0.0,0.0
1235,1235,1235,8,10,Cooper Kupp,4,WR,ACTIVE,14.634712890799998,35.0
1236,1236,1236,8,10,Matt Breida,23,Flex,ACTIVE,10.639176054000002,6.0
1237,1237,1237,8,10,Devin Singletary,20,Bench,ACTIVE,9.069242727,14.9
1238,1238,1238,8,10,Russell Wilson,0,QB,ACTIVE,22.139028291,15.68
1239,1239,1239,8,10,Chase Edmonds,2,RB,ACTIVE,15.322704113,3.3
1240,1240,1240,8,10,Dallas Goedert,20,Bench,ACTIVE,8.199778743000001,11.2
1241,1241,1241,8,10,Tony Pollard,20,Bench,ACTIVE,0.0,
1242,1242,1242,8,10,Greg Olsen,6,TE,ACTIVE,9.236726086,3.3
1243,1243,1243,8,10,Sterling Shepard,20,Bench,ACTIVE,0.0,0.0
1244,1244,1244,8,10,O.J. Howard,20,Bench,ACTIVE,0.0,0.0
1245,1245,1245,8,11,Ezekiel Elliott,20,Bench,ACTIVE,0.0,
1246,1246,1246,8,11,DeAndre Hopkins,4,WR,QUESTIONABLE,17.558857155000002,21.9
1247,1247,1247,8,11,Joe Mixon,2,RB,ACTIVE,12.966260409,17.700000000000003
1248,1248,1248,8,11,Calvin Ridley,4,WR,QUESTIONABLE,10.827883805,13.0
1249,1249,1249,8,11,Deshaun Watson,0,QB,ACTIVE,22.330726694,27.76
1250,1250,1250,8,11,Jarvis Landry,23,Flex,QUESTIONABLE,11.4869079079,11.5
1251,1251,1251,8,11,Ronald Jones II,20,Bench,ACTIVE,7.6456170359,6.2
1252,1252,1252,8,11,DK Metcalf,23,Flex,ACTIVE,10.422169404,16.3
1253,1253,1253,8,11,Philip Rivers,20,Bench,ACTIVE,14.569100140300002,10.04
1254,1254,1254,8,11,DeSean Jackson,20,Bench,ACTIVE,0.0,0.0
1255,1255,1255,8,11,Jalen Richard,20,Bench,QUESTIONABLE,4.597589299700001,4.7
1256,1256,1256,8,11,Carlos Hyde,2,RB,ACTIVE,12.6849705723,8.3
1257,1257,1257,8,11,Chris Herndon,6,TE,QUESTIONABLE,0.0,0.0
1258,1258,1258,8,12,Kerryon Johnson,21,IR,ACTIVE,0.0,0.0
1259,1259,1259,8,12,Davante Adams,20,Bench,ACTIVE,0.0,0.0
1260,1260,1260,8,12,Dalvin Cook,2,RB,ACTIVE,23.597939267,28.1
1261,1261,1261,8,12,Kenny Golladay,4,WR,ACTIVE,15.236039945,28.3
1262,1262,1262,8,12,Tarik Cohen,23,Flex,ACTIVE,11.810545496000003,7.6
1263,1263,1263,8,12,Miles Sanders,20,Bench,QUESTIONABLE,9.017334812,22.8
1264,1264,1264,8,12,Christian Kirk,4,WR,ACTIVE,11.52176943,17.8
1265,1265,1265,8,12,Royce Freeman,2,RB,ACTIVE,12.113093797,11.5
1266,1266,1266,8,12,Darren Waller,6,TE,QUESTIONABLE,15.904457573999998,9.1
1267,1267,1267,8,12,Frank Gore,23,Flex,ACTIVE,10.193884987,3.4000000000000004
1268,1268,1268,8,12,Preston Williams,20,Bench,QUESTIONABLE,10.7126161814,8.2
1269,1269,1269,8,12,Josh Allen,0,QB,ACTIVE,20.212879506,17.259999999999998
1270,1270,1270,8,12,DaeSean Hamilton,20,Bench,ACTIVE,8.857311171000001,0.0
1271,1271,1271,8,12,Keke Coutee,20,Bench,ACTIVE,9.7920727086,0.0
1272,1272,1272,8,13,Derrick Henry,2,RB,ACTIVE,16.113314553000002,7.3
1273,1273,1273,8,13,George Kittle,6,TE,ACTIVE,14.3093007207,14.6
1274,1274,1274,8,13,Amari Cooper,20,Bench,ACTIVE,0.0,
1275,1275,1275,8,13,Zach Ertz,23,Flex,QUESTIONABLE,12.653072365,4.0
1276,1276,1276,8,13,Devonta Freeman,2,RB,ACTIVE,15.015727299999998,16.200000000000003
1277,1277,1277,8,13,A.J. Green,21,IR,QUESTIONABLE,0.0,0.0
1278,1278,1278,8,13,Drew Brees,0,QB,ACTIVE,18.965964491900003,24.92
1279,1279,1279,8,13,Emmanuel Sanders,4,WR,ACTIVE,11.4387035,12.5
1280,1280,1280,8,13,LeSean McCoy,20,Bench,ACTIVE,12.177306113,8.3
1281,1281,1281,8,13,Austin Ekeler,23,Flex,ACTIVE,14.87785819,10.2
1282,1282,1282,8,13,Terry McLaurin,4,WR,QUESTIONABLE,12.689847251,7.9
1283,1283,1283,8,13,Jameis Winston,20,Bench,QUESTIONABLE,17.438850396000003,19.340000000000003
1284,1284,1284,8,13,David Montgomery,20,Bench,ACTIVE,11.430189852000003,24.7
1285,1285,1285,8,13,Geronimo Allison,20,Bench,ACTIVE,10.1904829291,1.7000000000000002
1286,1286,1286,9,1,Saquon Barkley,2,RB,ACTIVE,19.406286861,15.5
1287,1287,1287,9,1,Alvin Kamara,20,Bench,ACTIVE,0.0,
1288,1288,1288,9,1,James White,2,RB,ACTIVE,13.308025363000002,16.400000000000002
1289,1289,1289,9,1,Tyler Boyd,20,Bench,ACTIVE,0.0,
1290,1290,1290,9,1,Austin Hooper,20,Bench,ACTIVE,0.0,
1291,1291,1291,9,1,Michael Gallup,23,Flex,ACTIVE,12.380341633,11.3
1292,1292,1292,9,1,Marquise Brown,20,Bench,QUESTIONABLE,9.717032316,7.800000000000001
1293,1293,1293,9,1,Courtland Sutton,4,WR,ACTIVE,11.766285159,17.3
1294,1294,1294,9,1,Tom Brady,0,QB,ACTIVE,16.8951275216,13.4
1295,1295,1295,9,1,Diontae Johnson,23,Flex,QUESTIONABLE,10.0410599392,1.5
1296,1296,1296,9,1,DeVante Parker,4,WR,ACTIVE,10.853522806,15.7
1297,1297,1297,9,1,Will Fuller V,21,IR,QUESTIONABLE,0.0,0.0
1298,1298,1298,9,1,Darren Fells,6,TE,ACTIVE,7.394041547,7.1
1299,1299,1299,9,1,Zach Pascal,20,Bench,ACTIVE,8.246789961000001,18.6
1300,1300,1300,9,2,David Johnson,21,IR,ACTIVE,0.0,0.0
1301,1301,1301,9,2,Brandin Cooks,20,Bench,ACTIVE,0.0,
1302,1302,1302,9,2,Mike Evans,4,WR,QUESTIONABLE,17.164379258,36.0
1303,1303,1303,9,2,Mark Ingram II,2,RB,ACTIVE,11.645024516,14.4
1304,1304,1304,9,2,Alexander Mattison,23,Flex,ACTIVE,5.3388747544,0.6000000000000001
1305,1305,1305,9,2,Kyler Murray,20,Bench,ACTIVE,15.636955071,23.04
1306,1306,1306,9,2,T.Y. Hilton,20,Bench,ACTIVE,0.0,0.0
1307,1307,1307,9,2,Corey Davis,20,Bench,ACTIVE,10.195521335,8.8
1308,1308,1308,9,2,Jamison Crowder,4,WR,ACTIVE,10.5745907768,22.3
1309,1309,1309,9,2,Mark Walton,2,RB,SUSPENSION,12.180715854000002,7.1000000000000005
1310,1310,1310,9,2,Marquez Valdes-Scantling,20,Bench,ACTIVE,4.9092290093,0.0
1311,1311,1311,9,2,T.J. Hockenson,6,TE,QUESTIONABLE,9.090029424,8.600000000000001
1312,1312,1312,9,2,Damien Williams,23,Flex,ACTIVE,7.904715975000001,20.8
1313,1313,1313,9,2,Sam Darnold,0,QB,ACTIVE,14.959478471,12.5
1314,1314,1314,9,3,Todd Gurley II,20,Bench,ACTIVE,0.0,
1315,1315,1315,9,3,Keenan Allen,23,Flex,ACTIVE,14.763607812,7.0
1316,1316,1316,9,3,Tyler Lockett,4,WR,ACTIVE,15.704696294,40.2
1317,1317,1317,9,3,Adam Thielen,23,Flex,ACTIVE,14.5437911925,0.0
1318,1318,1318,9,3,Carson Wentz,0,QB,QUESTIONABLE,15.682735663000004,15.06
1319,1319,1319,9,3,Robby Anderson,4,WR,ACTIVE,11.484836789,5.300000000000001
1320,1320,1320,9,3,Kenyan Drake,2,RB,ACTIVE,13.415061391000002,28.2
1321,1321,1321,9,3,Derrius Guice,21,IR,ACTIVE,0.0,0.0
1322,1322,1322,9,3,Hunter Henry,6,TE,ACTIVE,13.792961821,15.4
1323,1323,1323,9,3,Kareem Hunt,20,Bench,ACTIVE,0.0,0.0
1324,1324,1324,9,3,Deebo Samuel,20,Bench,ACTIVE,6.5727286402,8.0
1325,1325,1325,9,3,Kenny Stills,20,Bench,ACTIVE,10.731569455,9.2
1326,1326,1326,9,3,Darrel Williams,20,Bench,QUESTIONABLE,2.4366808250000003,0.1
1327,1327,1327,9,3,Tra Carson,2,RB,ACTIVE,0.0,0.0
1328,1328,1328,9,5,Christian McCaffrey,2,RB,ACTIVE,25.546814275000003,37.6
1329,1329,1329,9,5,Patrick Mahomes,20,Bench,ACTIVE,0.0,0.0
1330,1330,1330,9,5,Chris Carson,2,RB,QUESTIONABLE,17.600928955,13.3
1331,1331,1331,9,5,Dede Westbrook,23,Flex,ACTIVE,0.0,0.0
1332,1332,1332,9,5,Lamar Jackson,20,Bench,ACTIVE,18.030207364,28.62
1333,1333,1333,9,5,Sammy Watkins,20,Bench,ACTIVE,10.062572034,13.3
1334,1334,1334,9,5,Curtis Samuel,4,WR,ACTIVE,11.8333587966,16.4
1335,1335,1335,9,5,Marvin Jones Jr.,23,Flex,QUESTIONABLE,13.6316940144,26.6
1336,1336,1336,9,5,Tyrell Williams,4,WR,QUESTIONABLE,12.623277637,7.800000000000001
1337,1337,1337,9,5,Jack Doyle,6,TE,ACTIVE,8.883450829000001,11.2
1338,1338,1338,9,5,Allen Lazard,20,Bench,ACTIVE,5.547105222,7.4
1339,1339,1339,9,5,Nyheim Hines,20,Bench,ACTIVE,7.1983042109,3.8
1340,1340,1340,9,5,Matthew Stafford,0,QB,ACTIVE,20.6152091087,24.840000000000003
1341,1341,1341,9,6,Julian Edelman,4,WR,QUESTIONABLE,17.3185009203,16.9
1342,1342,1342,9,6,Evan Engram,6,TE,QUESTIONABLE,12.3358683991,11.0
1343,1343,1343,9,6,Leonard Fournette,2,RB,QUESTIONABLE,19.224826349,12.2
1344,1344,1344,9,6,James Conner,20,Bench,QUESTIONABLE,0.0,0.0
1345,1345,1345,9,6,DJ Moore,23,Flex,QUESTIONABLE,12.7900529486,17.1
1346,1346,1346,9,6,Alshon Jeffery,20,Bench,QUESTIONABLE,11.299832595000002,7.6
1347,1347,1347,9,6,Allen Robinson II,23,Flex,ACTIVE,15.385184523999998,1.6
1348,1348,1348,9,6,Dak Prescott,0,QB,ACTIVE,19.050827388,21.48
1349,1349,1349,9,6,DJ Chark Jr.,4,WR,ACTIVE,14.8883311555,7.2
1350,1350,1350,9,6,Gerald Everett,20,Bench,ACTIVE,0.0,
1351,1351,1351,9,6,Latavius Murray,20,Bench,ACTIVE,0.0,
1352,1352,1352,9,6,Ty Johnson,2,RB,ACTIVE,11.268785724,6.6000000000000005
1353,1353,1353,9,6,Gardner Minshew II,20,Bench,ACTIVE,18.087556281,7.76
1354,1354,1354,9,7,Julio Jones,20,Bench,ACTIVE,0.0,
1355,1355,1355,9,7,Tyreek Hill,4,WR,ACTIVE,14.736923505999998,26.5
1356,1356,1356,9,7,Robert Woods,20,Bench,ACTIVE,0.0,
1357,1357,1357,9,7,Sony Michel,23,Flex,ACTIVE,10.3292465119,4.0
1358,1358,1358,9,7,Phillip Lindsay,2,RB,QUESTIONABLE,14.896126419000002,15.2
1359,1359,1359,9,7,Matt Ryan,21,IR,ACTIVE,0.0,
1360,1360,1360,9,7,Larry Fitzgerald,20,Bench,ACTIVE,10.26102806,7.800000000000001
1361,1361,1361,9,7,Tevin Coleman,2,RB,ACTIVE,16.463634242999998,5.6000000000000005
1362,1362,1362,9,7,Vance McDonald,20,Bench,ACTIVE,5.985783063,14.0
1363,1363,1363,9,7,Jaylen Samuels,23,Flex,ACTIVE,17.225477826000002,19.3
1364,1364,1364,9,7,Mark Andrews,6,TE,ACTIVE,13.607372597,4.1
1365,1365,1365,9,7,Cole Beasley,4,WR,ACTIVE,9.843464899,9.3
1366,1366,1366,9,7,Reggie Bonnafon,20,Bench,ACTIVE,1.9667442237,2.3000000000000003
1367,1367,1367,9,7,Kirk Cousins,0,QB,ACTIVE,15.212164127,21.3
1368,1368,1368,9,8,Le'Veon Bell,2,RB,ACTIVE,18.089728032000004,20.1
1369,1369,1369,9,8,Aaron Rodgers,0,QB,ACTIVE,19.302565652,12.94
1370,1370,1370,9,8,Michael Thomas,20,Bench,ACTIVE,0.0,
1371,1371,1371,9,8,Josh Jacobs,2,RB,QUESTIONABLE,17.571661612,24.0
1372,1372,1372,9,8,Marlon Mack,23,Flex,ACTIVE,13.139001241,8.9
1373,1373,1373,9,8,Mike Williams,4,WR,ACTIVE,11.3527772763,14.3
1374,1374,1374,9,8,Delanie Walker,20,Bench,QUESTIONABLE,0.0,0.0
1375,1375,1375,9,8,Mohamed Sanu Sr.,20,Bench,QUESTIONABLE,10.6805574674,24.1
1376,1376,1376,9,8,Adam Humphries,20,Bench,ACTIVE,8.842771739900002,10.5
1377,1377,1377,9,8,Chris Conley,4,WR,ACTIVE,11.134889326,5.2
1378,1378,1378,9,8,Jordan Howard,23,Flex,QUESTIONABLE,10.8501663384,15.3
1379,1379,1379,9,8,Giovani Bernard,20,Bench,ACTIVE,0.0,
1380,1380,1380,9,8,Eric Ebron,6,TE,QUESTIONABLE,8.290486474000001,3.6
1381,1381,1381,9,9,Travis Kelce,6,TE,ACTIVE,13.503797591,13.2
1382,1382,1382,9,9,Stefon Diggs,23,Flex,ACTIVE,13.1814664192,2.6
1383,1383,1383,9,9,Chris Godwin,23,Flex,QUESTIONABLE,18.226941169000003,13.9
1384,1384,1384,9,9,Nick Chubb,2,RB,ACTIVE,18.660664894,13.1
1385,1385,1385,9,9,Aaron Jones,2,RB,ACTIVE,17.717981923,3.9
1386,1386,1386,9,9,Duke Johnson,20,Bench,ACTIVE,10.226769249,19.1
1387,1387,1387,9,9,John Brown,4,WR,ACTIVE,11.977208635299998,11.6
1388,1388,1388,9,9,Golden Tate,4,WR,ACTIVE,12.7014648301,11.8
1389,1389,1389,9,9,Jared Goff,20,Bench,ACTIVE,0.0,
1390,1390,1390,9,9,Jimmy Garoppolo,0,QB,ACTIVE,14.773240854,28.88
1391,1391,1391,9,9,Adrian Peterson,20,Bench,ACTIVE,11.287004572,14.0
1392,1392,1392,9,9,Josh Gordon,21,IR,OUT,0.0,0.0
1393,1393,1393,9,9,Jamaal Williams,20,Bench,ACTIVE,9.852638516,16.9
1394,1394,1394,9,9,Jacoby Brissett,20,Bench,ACTIVE,16.760526629,2.76
1395,1395,1395,9,10,Melvin Gordon,2,RB,ACTIVE,12.337766820000004,25.9
1396,1396,1396,9,10,JuJu Smith-Schuster,4,WR,ACTIVE,12.099960793,4.6
1397,1397,1397,9,10,Odell Beckham Jr.,4,WR,QUESTIONABLE,12.9439710454,13.2
1398,1398,1398,9,10,Cooper Kupp,20,Bench,ACTIVE,0.0,
1399,1399,1399,9,10,Matt Breida,20,Bench,ACTIVE,10.64683197,11.2
1400,1400,1400,9,10,Devin Singletary,2,RB,ACTIVE,9.568780602,23.0
1401,1401,1401,9,10,Russell Wilson,0,QB,ACTIVE,22.985630764,39.22
1402,1402,1402,9,10,Dallas Goedert,20,Bench,ACTIVE,7.662488308,7.9
1403,1403,1403,9,10,Tony Pollard,20,Bench,ACTIVE,3.2613602379,4.0
1404,1404,1404,9,10,Greg Olsen,6,TE,ACTIVE,8.30882822,7.0
1405,1405,1405,9,10,Phillip Dorsett II,23,Flex,ACTIVE,10.996291999700002,3.3
1406,1406,1406,9,10,A.J. Brown,23,Flex,ACTIVE,9.634312091100002,12.1
1407,1407,1407,9,10,Wayne Gallman,20,Bench,ACTIVE,2.0285283278,0.0
1408,1408,1408,9,11,Ezekiel Elliott,2,RB,ACTIVE,21.71343157,13.9
1409,1409,1409,9,11,DeAndre Hopkins,4,WR,QUESTIONABLE,19.040457527,19.4
1410,1410,1410,9,11,Joe Mixon,20,Bench,ACTIVE,0.0,
1411,1411,1411,9,11,Calvin Ridley,20,Bench,QUESTIONABLE,0.0,
1412,1412,1412,9,11,Deshaun Watson,0,QB,ACTIVE,21.053230522,19.74
1413,1413,1413,9,11,Jarvis Landry,4,WR,QUESTIONABLE,10.6683716161,17.1
1414,1414,1414,9,11,Ronald Jones II,20,Bench,ACTIVE,7.994229394,16.2
1415,1415,1415,9,11,DK Metcalf,23,Flex,ACTIVE,11.897726167,27.0
1416,1416,1416,9,11,Philip Rivers,20,Bench,ACTIVE,15.678455711600002,11.76
1417,1417,1417,9,11,DeSean Jackson,23,Flex,ACTIVE,10.2049784798,1.5
1418,1418,1418,9,11,Carlos Hyde,2,RB,ACTIVE,11.5210546407,14.0
1419,1419,1419,9,11,Jason Witten,6,TE,ACTIVE,7.66903309,13.8
1420,1420,1420,9,11,Demaryius Thomas,20,Bench,QUESTIONABLE,9.541347145,3.9
1421,1421,1421,9,12,Davante Adams,23,Flex,ACTIVE,17.293845548,11.1
1422,1422,1422,9,12,Dalvin Cook,2,RB,ACTIVE,22.487982218000003,15.6
1423,1423,1423,9,12,Kenny Golladay,4,WR,ACTIVE,17.177280034,23.200000000000003
1424,1424,1424,9,12,Tarik Cohen,20,Bench,ACTIVE,9.168181286,3.6
1425,1425,1425,9,12,Miles Sanders,20,Bench,QUESTIONABLE,9.091718166,10.3
1426,1426,1426,9,12,Christian Kirk,4,WR,ACTIVE,11.8265213744,3.6
1427,1427,1427,9,12,Royce Freeman,2,RB,ACTIVE,12.460366386,2.4
1428,1428,1428,9,12,Darren Waller,6,TE,QUESTIONABLE,15.419897165,7.2
1429,1429,1429,9,12,Frank Gore,20,Bench,ACTIVE,10.0002705205,1.5
1430,1430,1430,9,12,Preston Williams,20,Bench,QUESTIONABLE,10.365853667,24.2
1431,1431,1431,9,12,Josh Allen,0,QB,ACTIVE,19.005536825,17.6
1432,1432,1432,9,12,Danny Amendola,23,Flex,ACTIVE,10.660730512,5.9
1433,1433,1433,9,12,Chase Edmonds,20,Bench,ACTIVE,0.0,0.0
1434,1434,1434,9,13,Derrick Henry,2,RB,ACTIVE,15.231765322,24.9
1435,1435,1435,9,13,George Kittle,6,TE,ACTIVE,14.510343105200002,19.9
1436,1436,1436,9,13,Amari Cooper,4,WR,ACTIVE,15.064009375,18.0
1437,1437,1437,9,13,Zach Ertz,20,Bench,QUESTIONABLE,11.140080331,25.3
1438,1438,1438,9,13,Devonta Freeman,20,Bench,ACTIVE,0.0,
1439,1439,1439,9,13,A.J. Green,21,IR,QUESTIONABLE,0.0,
1440,1440,1440,9,13,Drew Brees,20,Bench,ACTIVE,0.0,
1441,1441,1441,9,13,Emmanuel Sanders,23,Flex,ACTIVE,11.717901222000002,24.200000000000003
1442,1442,1442,9,13,LeSean McCoy,20,Bench,ACTIVE,10.483061133,1.9
1443,1443,1443,9,13,Austin Ekeler,2,RB,ACTIVE,13.843842530000003,13.3
1444,1444,1444,9,13,Terry McLaurin,4,WR,QUESTIONABLE,10.958428391,7.9
1445,1445,1445,9,13,Jameis Winston,0,QB,QUESTIONABLE,19.120537453,20.2
1446,1446,1446,9,13,David Montgomery,23,Flex,ACTIVE,11.674943946,22.6
1447,1447,1447,9,13,Geronimo Allison,20,Bench,ACTIVE,5.876852659800001,4.1
1448,1448,1448,10,1,Saquon Barkley,2,RB,ACTIVE,22.356970656,8.1
1449,1449,1449,10,1,Alvin Kamara,2,RB,ACTIVE,22.560179031,15.4
1450,1450,1450,10,1,James White,20,Bench,ACTIVE,0.0,
1451,1451,1451,10,1,Tyler Boyd,4,WR,ACTIVE,13.6198535589,12.2
1452,1452,1452,10,1,Austin Hooper,6,TE,ACTIVE,14.90997239,11.7
1453,1453,1453,10,1,Michael Gallup,23,Flex,ACTIVE,11.913754513,17.6
1454,1454,1454,10,1,Marquise Brown,20,Bench,QUESTIONABLE,9.504201759,18.0
1455,1455,1455,10,1,Courtland Sutton,20,Bench,ACTIVE,0.0,
1456,1456,1456,10,1,Tom Brady,20,Bench,ACTIVE,0.0,
1457,1457,1457,10,1,Diontae Johnson,20,Bench,QUESTIONABLE,9.0654793742,10.4
1458,1458,1458,10,1,DeVante Parker,4,WR,ACTIVE,11.056412483,11.9
1459,1459,1459,10,1,Will Fuller V,21,IR,QUESTIONABLE,0.0,
1460,1460,1460,10,1,Zach Pascal,23,Flex,ACTIVE,10.703217016000002,4.6
1461,1461,1461,10,1,Ryan Tannehill,0,QB,ACTIVE,15.794842704,18.94
1462,1462,1462,10,2,David Johnson,2,RB,ACTIVE,16.205778465,0.0
1463,1463,1463,10,2,Brandin Cooks,21,IR,ACTIVE,0.0,0.0
1464,1464,1464,10,2,Mike Evans,4,WR,QUESTIONABLE,19.133830651,12.2
1465,1465,1465,10,2,Mark Ingram II,2,RB,ACTIVE,15.753778597,9.4
1466,1466,1466,10,2,Alexander Mattison,20,Bench,ACTIVE,5.547544164700001,6.4
1467,1467,1467,10,2,Kyler Murray,0,QB,ACTIVE,18.998373666000003,26.76
1468,1468,1468,10,2,T.Y. Hilton,20,Bench,ACTIVE,0.0,0.0
1469,1469,1469,10,2,Corey Davis,20,Bench,ACTIVE,0.0,0.0
1470,1470,1470,10,2,Jamison Crowder,4,WR,ACTIVE,11.9091632512,19.1
1471,1471,1471,10,2,Marquez Valdes-Scantling,20,Bench,ACTIVE,5.189282743200001,0.0
1472,1472,1472,10,2,T.J. Hockenson,20,Bench,QUESTIONABLE,7.976888984,7.7
1473,1473,1473,10,2,Damien Williams,23,Flex,ACTIVE,14.015949896,13.9
1474,1474,1474,10,2,Josh Reynolds,23,Flex,ACTIVE,9.0330710915,7.9
1475,1475,1475,10,2,O.J. Howard,6,TE,ACTIVE,6.328051439,14.7
1476,1476,1476,10,3,Todd Gurley II,2,RB,ACTIVE,14.679418734,7.300000000000001
1477,1477,1477,10,3,Keenan Allen,23,Flex,ACTIVE,15.9816156939,16.6
1478,1478,1478,10,3,Tyler Lockett,4,WR,ACTIVE,16.297429568800002,5.9
1479,1479,1479,10,3,Adam Thielen,20,Bench,ACTIVE,0.0,0.0
1480,1480,1480,10,3,Carson Wentz,20,Bench,QUESTIONABLE,0.0,
1481,1481,1481,10,3,Robby Anderson,4,WR,ACTIVE,9.673599253,2.1
1482,1482,1482,10,3,Kenyan Drake,2,RB,ACTIVE,8.485170182000001,10.1
1483,1483,1483,10,3,Derrius Guice,20,Bench,ACTIVE,0.0,
1484,1484,1484,10,3,Hunter Henry,6,TE,ACTIVE,16.380966978000004,13.0
1485,1485,1485,10,3,Kareem Hunt,20,Bench,ACTIVE,7.530212864999999,14.4
1486,1486,1486,10,3,Kenny Stills,20,Bench,ACTIVE,0.0,
1487,1487,1487,10,3,Hunter Renfrow,23,Flex,ACTIVE,7.338161642,8.2
1488,1488,1488,10,3,Kyle Allen,0,QB,ACTIVE,14.568572949400002,13.48
1489,1489,1489,10,5,Christian McCaffrey,2,RB,ACTIVE,25.371369136,26.1
1490,1490,1490,10,5,Patrick Mahomes,20,Bench,ACTIVE,22.349120936,29.84
1491,1491,1491,10,5,Chris Carson,2,RB,QUESTIONABLE,14.444581793,19.1
1492,1492,1492,10,5,Dede Westbrook,20,Bench,ACTIVE,0.0,
1493,1493,1493,10,5,Lamar Jackson,0,QB,ACTIVE,23.623523161,33.42
1494,1494,1494,10,5,Sammy Watkins,23,Flex,ACTIVE,13.494868232999998,10.1
1495,1495,1495,10,5,Curtis Samuel,4,WR,ACTIVE,12.3758246557,13.5
1496,1496,1496,10,5,Marvin Jones Jr.,23,Flex,QUESTIONABLE,11.275986017700005,12.7
1497,1497,1497,10,5,Tyrell Williams,4,WR,QUESTIONABLE,11.851469012,5.5
1498,1498,1498,10,5,Jack Doyle,6,TE,ACTIVE,8.949748749,13.4
1499,1499,1499,10,5,Allen Lazard,20,Bench,ACTIVE,5.931234052,5.7
1500,1500,1500,10,5,Nyheim Hines,20,Bench,ACTIVE,7.903122160000001,8.4
1501,1501,1501,10,5,Matthew Stafford,20,Bench,ACTIVE,0.0,0.0
1502,1502,1502,10,6,Julian Edelman,20,Bench,QUESTIONABLE,0.0,
1503,1503,1503,10,6,Evan Engram,21,IR,QUESTIONABLE,0.0,0.0
1504,1504,1504,10,6,Leonard Fournette,20,Bench,QUESTIONABLE,0.0,
1505,1505,1505,10,6,James Conner,20,Bench,QUESTIONABLE,0.0,0.0
1506,1506,1506,10,6,DJ Moore,4,WR,QUESTIONABLE,14.1650960757,21.0
1507,1507,1507,10,6,Alshon Jeffery,20,Bench,QUESTIONABLE,0.0,
1508,1508,1508,10,6,Allen Robinson II,4,WR,ACTIVE,12.893127951000002,14.6
1509,1509,1509,10,6,Dak Prescott,0,QB,ACTIVE,17.694808497999997,25.880000000000003
1510,1510,1510,10,6,DJ Chark Jr.,20,Bench,ACTIVE,0.0,
1511,1511,1511,10,6,Gerald Everett,6,TE,ACTIVE,9.409923626,14.8
1512,1512,1512,10,6,Latavius Murray,2,RB,ACTIVE,10.895281306,3.9
1513,1513,1513,10,6,Ty Johnson,2,RB,ACTIVE,8.755919317,2.9000000000000004
1514,1514,1514,10,6,A.J. Brown,23,Flex,ACTIVE,11.530852933899997,2.7
1515,1515,1515,10,6,Auden Tate,23,Flex,QUESTIONABLE,11.614383179,6.6
1516,1516,1516,10,7,Julio Jones,23,Flex,ACTIVE,19.3454574081,10.9
1517,1517,1517,10,7,Tyreek Hill,4,WR,ACTIVE,18.7480166955,33.0
1518,1518,1518,10,7,Robert Woods,23,Flex,ACTIVE,12.7327955945,16.5
1519,1519,1519,10,7,Sony Michel,20,Bench,ACTIVE,0.0,
1520,1520,1520,10,7,Phillip Lindsay,20,Bench,QUESTIONABLE,0.0,
1521,1521,1521,10,7,Matt Ryan,21,IR,ACTIVE,19.4050473078,14.58
1522,1522,1522,10,7,Larry Fitzgerald,4,WR,ACTIVE,11.013422021,15.1
1523,1523,1523,10,7,Tevin Coleman,2,RB,ACTIVE,16.907461882,11.2
1524,1524,1524,10,7,Vance McDonald,20,Bench,ACTIVE,6.618669329,4.300000000000001
1525,1525,1525,10,7,Jaylen Samuels,2,RB,ACTIVE,15.774604805,7.0
1526,1526,1526,10,7,Mark Andrews,6,TE,ACTIVE,12.615965903,23.3
1527,1527,1527,10,7,Cole Beasley,20,Bench,ACTIVE,9.291670671,11.4
1528,1528,1528,10,7,Reggie Bonnafon,20,Bench,ACTIVE,2.5634518931,0.0
1529,1529,1529,10,7,Kirk Cousins,0,QB,ACTIVE,15.8853582943,19.3
1530,1530,1530,10,8,Le'Veon Bell,2,RB,ACTIVE,17.807244439,16.8
1531,1531,1531,10,8,Aaron Rodgers,0,QB,ACTIVE,21.376354351000003,10.02
1532,1532,1532,10,8,Michael Thomas,4,WR,ACTIVE,23.244154286000004,28.200000000000003
1533,1533,1533,10,8,Josh Jacobs,2,RB,QUESTIONABLE,17.369976244000004,19.1
1534,1534,1534,10,8,Marlon Mack,23,Flex,ACTIVE,16.719195895600002,9.2
1535,1535,1535,10,8,Mike Williams,4,WR,ACTIVE,12.0123487254,7.5
1536,1536,1536,10,8,Delanie Walker,20,Bench,QUESTIONABLE,0.0,0.0
1537,1537,1537,10,8,Mohamed Sanu Sr.,20,Bench,QUESTIONABLE,0.0,
1538,1538,1538,10,8,Adam Humphries,23,Flex,ACTIVE,10.073608389700002,9.3
1539,1539,1539,10,8,Chris Conley,20,Bench,ACTIVE,0.0,
1540,1540,1540,10,8,Jordan Howard,20,Bench,QUESTIONABLE,0.0,
1541,1541,1541,10,8,Giovani Bernard,20,Bench,ACTIVE,6.227690605,-0.1999999999999999
1542,1542,1542,10,8,Eric Ebron,6,TE,QUESTIONABLE,8.301183824,10.6
1543,1543,1543,10,9,Travis Kelce,6,TE,ACTIVE,17.229704248000004,20.5
1544,1544,1544,10,9,Stefon Diggs,23,Flex,ACTIVE,14.549882378,7.9
1545,1545,1545,10,9,Chris Godwin,23,Flex,QUESTIONABLE,16.208671603400003,13.4
1546,1546,1546,10,9,Nick Chubb,2,RB,ACTIVE,17.625797501,14.1
1547,1547,1547,10,9,Aaron Jones,2,RB,ACTIVE,19.057786006,27.3
1548,1548,1548,10,9,Duke Johnson,20,Bench,ACTIVE,0.0,
1549,1549,1549,10,9,John Brown,4,WR,ACTIVE,12.8901417214,12.7
1550,1550,1550,10,9,Golden Tate,4,WR,ACTIVE,13.4302194448,23.5
1551,1551,1551,10,9,Jared Goff,20,Bench,ACTIVE,15.5309314996,3.7200000000000006
1552,1552,1552,10,9,Jimmy Garoppolo,0,QB,ACTIVE,15.7047877283,10.02
1553,1553,1553,10,9,Adrian Peterson,20,Bench,ACTIVE,0.0,
1554,1554,1554,10,9,Josh Gordon,20,Bench,OUT,6.895749179,4.7
1555,1555,1555,10,9,Jamaal Williams,20,Bench,ACTIVE,11.217199921,6.300000000000001
1556,1556,1556,10,10,Melvin Gordon,2,RB,ACTIVE,15.645364736,20.3
1557,1557,1557,10,10,JuJu Smith-Schuster,23,Flex,ACTIVE,11.477541462,7.4
1558,1558,1558,10,10,Odell Beckham Jr.,4,WR,QUESTIONABLE,12.970280355400002,10.7
1559,1559,1559,10,10,Cooper Kupp,4,WR,ACTIVE,17.733376638299998,0.0
1560,1560,1560,10,10,Matt Breida,23,Flex,ACTIVE,10.841334137000002,4.5
1561,1561,1561,10,10,Devin Singletary,2,RB,ACTIVE,13.061541578,8.0
1562,1562,1562,10,10,Russell Wilson,0,QB,ACTIVE,18.405519096,16.58
1563,1563,1563,10,10,Dallas Goedert,20,Bench,ACTIVE,0.0,
1564,1564,1564,10,10,Tony Pollard,20,Bench,ACTIVE,3.9603263669,-0.4
1565,1565,1565,10,10,Greg Olsen,6,TE,ACTIVE,8.833872201,17.8
1566,1566,1566,10,10,Derek Carr,20,Bench,ACTIVE,15.6206890875,13.12
1567,1567,1567,10,10,Rashaad Penny,20,Bench,QUESTIONABLE,4.318959874,-1.8
1568,1568,1568,10,10,Gus Edwards,20,Bench,ACTIVE,5.468614871000001,1.7000000000000002
1569,1569,1569,10,11,Ezekiel Elliott,2,RB,ACTIVE,19.758583109,8.3
1570,1570,1570,10,11,DeAndre Hopkins,20,Bench,QUESTIONABLE,0.0,
1571,1571,1571,10,11,Joe Mixon,2,RB,ACTIVE,11.925856632,17.1
1572,1572,1572,10,11,Calvin Ridley,4,WR,QUESTIONABLE,12.959944876,7.700000000000001
1573,1573,1573,10,11,Deshaun Watson,20,Bench,ACTIVE,0.0,
1574,1574,1574,10,11,Jarvis Landry,4,WR,QUESTIONABLE,11.8208989295,24.700000000000003
1575,1575,1575,10,11,Ronald Jones II,23,Flex,ACTIVE,12.715951584,22.6
1576,1576,1576,10,11,DK Metcalf,23,Flex,ACTIVE,11.4309892078,11.0
1577,1577,1577,10,11,Philip Rivers,20,Bench,ACTIVE,17.828086957500002,10.28
1578,1578,1578,10,11,DeSean Jackson,21,IR,ACTIVE,0.0,
1579,1579,1579,10,11,Carlos Hyde,20,Bench,ACTIVE,0.0,
1580,1580,1580,10,11,Jason Witten,6,TE,ACTIVE,9.456449451,3.7
1581,1581,1581,10,11,Demaryius Thomas,20,Bench,QUESTIONABLE,7.782443567,14.4
1582,1582,1582,10,11,Brian Hoyer,0,QB,ACTIVE,16.5880487622,6.16
1583,1583,1583,10,12,Davante Adams,23,Flex,ACTIVE,17.908682406,18.8
1584,1584,1584,10,12,Dalvin Cook,2,RB,ACTIVE,20.611298537,31.300000000000004
1585,1585,1585,10,12,Kenny Golladay,4,WR,ACTIVE,13.218505422,14.7
1586,1586,1586,10,12,Tarik Cohen,2,RB,ACTIVE,10.385608943,13.7
1587,1587,1587,10,12,Miles Sanders,20,Bench,QUESTIONABLE,0.0,
1588,1588,1588,10,12,Christian Kirk,4,WR,ACTIVE,13.4379642169,37.8
1589,1589,1589,10,12,Royce Freeman,20,Bench,ACTIVE,0.0,
1590,1590,1590,10,12,Darren Waller,6,TE,QUESTIONABLE,13.990835745,7.0
1591,1591,1591,10,12,Josh Allen,0,QB,ACTIVE,18.219914601,25.44
1592,1592,1592,10,12,Danny Amendola,23,Flex,ACTIVE,9.203958282000002,6.9
1593,1593,1593,10,12,Sterling Shepard,20,Bench,ACTIVE,0.0,0.0
1594,1594,1594,10,12,Kalen Ballage,20,Bench,QUESTIONABLE,9.279163687,8.5
1595,1595,1595,10,12,Alex Erickson,20,Bench,ACTIVE,10.254362898000002,1.3
1596,1596,1596,10,13,Derrick Henry,2,RB,ACTIVE,15.416716661,33.099999999999994
1597,1597,1597,10,13,George Kittle,6,TE,ACTIVE,0.0,0.0
1598,1598,1598,10,13,Amari Cooper,4,WR,ACTIVE,15.415526756,31.700000000000003
1599,1599,1599,10,13,Zach Ertz,20,Bench,QUESTIONABLE,0.0,
1600,1600,1600,10,13,Devonta Freeman,23,Flex,ACTIVE,13.651134019,7.800000000000001
1601,1601,1601,10,13,A.J. Green,21,IR,QUESTIONABLE,0.0,0.0
1602,1602,1602,10,13,Drew Brees,0,QB,ACTIVE,20.0395789741,11.48
1603,1603,1603,10,13,Emmanuel Sanders,4,WR,ACTIVE,12.826301081,4.4
1604,1604,1604,10,13,LeSean McCoy,20,Bench,ACTIVE,0.0,0.0
1605,1605,1605,10,13,Austin Ekeler,2,RB,ACTIVE,14.090249974,12.8
1606,1606,1606,10,13,Terry McLaurin,20,Bench,QUESTIONABLE,0.0,
1607,1607,1607,10,13,Jameis Winston,20,Bench,QUESTIONABLE,20.120637182000003,18.32
1608,1608,1608,10,13,David Montgomery,23,Flex,ACTIVE,17.035543215,6.0
1609,1609,1609,10,13,Geronimo Allison,20,Bench,ACTIVE,5.663870965000001,3.6
1610,1610,1610,11,1,Saquon Barkley,20,Bench,ACTIVE,0.0,
1611,1611,1611,11,1,Alvin Kamara,2,RB,ACTIVE,19.852385357000003,22.2
1612,1612,1612,11,1,James White,2,RB,ACTIVE,13.101259491,9.6
1613,1613,1613,11,1,Tyler Boyd,23,Flex,ACTIVE,12.756358890600003,2.0
1614,1614,1614,11,1,Austin Hooper,20,Bench,ACTIVE,0.0,0.0
1615,1615,1615,11,1,Michael Gallup,4,WR,ACTIVE,12.68140825,23.8
1616,1616,1616,11,1,Marquise Brown,20,Bench,QUESTIONABLE,10.402077792000002,4.300000000000001
1617,1617,1617,11,1,Courtland Sutton,4,WR,ACTIVE,13.591476842300002,18.82
1618,1618,1618,11,1,Tom Brady,0,QB,ACTIVE,17.0551233601,8.540000000000001
1619,1619,1619,11,1,DeVante Parker,23,Flex,ACTIVE,10.60940893,20.5
1620,1620,1620,11,1,Will Fuller V,20,Bench,QUESTIONABLE,0.0,0.0
1621,1621,1621,11,1,Zach Pascal,20,Bench,ACTIVE,9.923274761,3.7
1622,1622,1622,11,1,Jared Cook,6,TE,ACTIVE,10.409323768,11.3
1623,1623,1623,11,2,David Johnson,2,RB,ACTIVE,9.894584855,0.0
1624,1624,1624,11,2,Brandin Cooks,21,IR,ACTIVE,0.0,0.0
1625,1625,1625,11,2,Mike Evans,4,WR,QUESTIONABLE,16.669812354,10.9
1626,1626,1626,11,2,Mark Ingram II,2,RB,ACTIVE,14.969171851000002,23.5
1627,1627,1627,11,2,Alexander Mattison,20,Bench,ACTIVE,5.8451930707,0.5
1628,1628,1628,11,2,Kyler Murray,0,QB,ACTIVE,15.016566632000002,26.7
1629,1629,1629,11,2,T.Y. Hilton,20,Bench,ACTIVE,0.0,0.0
1630,1630,1630,11,2,Corey Davis,20,Bench,ACTIVE,0.0,
1631,1631,1631,11,2,Jamison Crowder,4,WR,ACTIVE,12.1091361253,18.6
1632,1632,1632,11,2,Marquez Valdes-Scantling,20,Bench,ACTIVE,0.0,
1633,1633,1633,11,2,Damien Williams,23,Flex,ACTIVE,13.96756851,2.3000000000000003
1634,1634,1634,11,2,Josh Reynolds,20,Bench,ACTIVE,9.1011591529,8.0
1635,1635,1635,11,2,O.J. Howard,6,TE,ACTIVE,7.144821242,0.0
1636,1636,1636,11,2,Raheem Mostert,23,Flex,ACTIVE,8.1141498341,4.7
1637,1637,1637,11,3,Todd Gurley II,2,RB,ACTIVE,13.426558711000002,20.300000000000004
1638,1638,1638,11,3,Keenan Allen,4,WR,ACTIVE,14.2088557853,21.1
1639,1639,1639,11,3,Tyler Lockett,20,Bench,ACTIVE,0.0,
1640,1640,1640,11,3,Adam Thielen,20,Bench,ACTIVE,0.0,0.0
1641,1641,1641,11,3,Carson Wentz,0,QB,QUESTIONABLE,14.038800463,12.260000000000002
1642,1642,1642,11,3,Robby Anderson,4,WR,ACTIVE,8.047499338,7.6
1643,1643,1643,11,3,Kenyan Drake,2,RB,ACTIVE,11.196623353000003,14.0
1644,1644,1644,11,3,Derrius Guice,23,Flex,ACTIVE,7.009522393,13.9
1645,1645,1645,11,3,Hunter Henry,6,TE,ACTIVE,14.607154627,14.9
1646,1646,1646,11,3,Kareem Hunt,23,Flex,ACTIVE,10.451746946,11.8
1647,1647,1647,11,3,Kenny Stills,20,Bench,ACTIVE,9.836018313,6.7
1648,1648,1648,11,3,Hunter Renfrow,20,Bench,ACTIVE,8.361099391,11.6
1649,1649,1649,11,3,Kyle Allen,20,Bench,ACTIVE,15.415197786,5.7
1650,1650,1650,11,5,Christian McCaffrey,2,RB,ACTIVE,27.152375328000005,30.1
1651,1651,1651,11,5,Patrick Mahomes,20,Bench,ACTIVE,21.605339954,15.18
1652,1652,1652,11,5,Chris Carson,20,Bench,QUESTIONABLE,0.0,
1653,1653,1653,11,5,Dede Westbrook,20,Bench,ACTIVE,11.1374435143,7.2
1654,1654,1654,11,5,Lamar Jackson,0,QB,ACTIVE,23.994357593000004,32.78
1655,1655,1655,11,5,Sammy Watkins,23,Flex,ACTIVE,11.955984585,4.6
1656,1656,1656,11,5,Curtis Samuel,4,WR,ACTIVE,12.738764558,6.5
1657,1657,1657,11,5,Marvin Jones Jr.,23,Flex,QUESTIONABLE,10.3840821031,19.9
1658,1658,1658,11,5,Tyrell Williams,4,WR,QUESTIONABLE,11.124145469,12.2
1659,1659,1659,11,5,Jack Doyle,6,TE,ACTIVE,8.932701614,0.0
1660,1660,1660,11,5,Allen Lazard,20,Bench,ACTIVE,0.0,
1661,1661,1661,11,5,Nyheim Hines,2,RB,ACTIVE,9.456216265999998,12.5
1662,1662,1662,11,5,Matthew Stafford,20,Bench,ACTIVE,0.0,0.0
1663,1663,1663,11,6,Julian Edelman,23,Flex,QUESTIONABLE,17.0936836745,14.9
1664,1664,1664,11,6,Evan Engram,20,Bench,QUESTIONABLE,0.0,
1665,1665,1665,11,6,Leonard Fournette,2,RB,QUESTIONABLE,18.822168992,12.7
1666,1666,1666,11,6,James Conner,2,RB,QUESTIONABLE,16.514497833999997,2.6
1667,1667,1667,11,6,DJ Moore,4,WR,QUESTIONABLE,14.4455822001,17.5
1668,1668,1668,11,6,Alshon Jeffery,21,IR,QUESTIONABLE,0.0,0.0
1669,1669,1669,11,6,Allen Robinson II,4,WR,ACTIVE,12.440100978,5.5
1670,1670,1670,11,6,Dak Prescott,0,QB,ACTIVE,19.513428704,31.56
1671,1671,1671,11,6,DJ Chark Jr.,23,Flex,ACTIVE,14.1736168098,30.4
1672,1672,1672,11,6,Gerald Everett,6,TE,ACTIVE,9.859861393,3.0
1673,1673,1673,11,6,Latavius Murray,20,Bench,ACTIVE,8.418414558,5.2
1674,1674,1674,11,6,Ty Johnson,20,Bench,ACTIVE,7.789073345100001,1.6
1675,1675,1675,11,6,J.D. McKissic,20,Bench,ACTIVE,8.026281842000001,8.3
1676,1676,1676,11,6,Ryquell Armstead,20,Bench,ACTIVE,2.8989664996000006,3.9
1677,1677,1677,11,7,Julio Jones,4,WR,ACTIVE,17.849013096100002,14.7
1678,1678,1678,11,7,Tyreek Hill,4,WR,ACTIVE,19.403539686,0.0
1679,1679,1679,11,7,Robert Woods,21,IR,ACTIVE,0.0,0.0
1680,1680,1680,11,7,Sony Michel,23,Flex,ACTIVE,10.790958815000002,6.4
1681,1681,1681,11,7,Phillip Lindsay,2,RB,QUESTIONABLE,13.621887465,9.5
1682,1682,1682,11,7,Matt Ryan,0,QB,ACTIVE,18.5430046696,16.439999999999998
1683,1683,1683,11,7,Larry Fitzgerald,20,Bench,ACTIVE,9.854494868000002,12.7
1684,1684,1684,11,7,Tevin Coleman,2,RB,ACTIVE,14.97610966,9.2
1685,1685,1685,11,7,Vance McDonald,20,Bench,ACTIVE,8.830059668,6.300000000000001
1686,1686,1686,11,7,Jaylen Samuels,20,Bench,ACTIVE,9.114923416000002,15.5
1687,1687,1687,11,7,Mark Andrews,6,TE,ACTIVE,13.664581809,17.5
1688,1688,1688,11,7,Cole Beasley,20,Bench,ACTIVE,8.795216967,7.800000000000001
1689,1689,1689,11,7,Kirk Cousins,20,Bench,ACTIVE,14.1686617816,22.86
1690,1690,1690,11,7,Taylor Gabriel,23,Flex,QUESTIONABLE,8.652819355,12.7
1691,1691,1691,11,8,Le'Veon Bell,2,RB,ACTIVE,16.298194613,17.2
1692,1692,1692,11,8,Aaron Rodgers,20,Bench,ACTIVE,0.0,
1693,1693,1693,11,8,Michael Thomas,4,WR,ACTIVE,25.473110494000004,25.4
1694,1694,1694,11,8,Josh Jacobs,2,RB,QUESTIONABLE,18.535751171,13.400000000000002
1695,1695,1695,11,8,Marlon Mack,23,Flex,ACTIVE,13.596279030100002,16.9
1696,1696,1696,11,8,Mike Williams,4,WR,ACTIVE,10.296448954,9.6
1697,1697,1697,11,8,Delanie Walker,20,Bench,QUESTIONABLE,0.0,
1698,1698,1698,11,8,Mohamed Sanu Sr.,23,Flex,QUESTIONABLE,12.9352932153,3.2
1699,1699,1699,11,8,Adam Humphries,20,Bench,ACTIVE,0.0,
1700,1700,1700,11,8,Chris Conley,20,Bench,ACTIVE,9.318462859,11.8
1701,1701,1701,11,8,Jordan Howard,20,Bench,QUESTIONABLE,0.0,0.0
1702,1702,1702,11,8,Eric Ebron,6,TE,QUESTIONABLE,8.028759089000001,6.7
1703,1703,1703,11,8,Jacoby Brissett,0,QB,ACTIVE,17.212076742,15.12
1704,1704,1704,11,9,Travis Kelce,6,TE,ACTIVE,16.014552749,22.200000000000003
1705,1705,1705,11,9,Stefon Diggs,23,Flex,ACTIVE,11.9489886027,23.1
1706,1706,1706,11,9,Chris Godwin,4,WR,QUESTIONABLE,17.601140467300002,13.7
1707,1707,1707,11,9,Nick Chubb,2,RB,ACTIVE,16.619290601,9.2
1708,1708,1708,11,9,Aaron Jones,20,Bench,ACTIVE,0.0,
1709,1709,1709,11,9,Duke Johnson,20,Bench,ACTIVE,11.318672563000002,6.4
1710,1710,1710,11,9,John Brown,4,WR,ACTIVE,13.196213428199998,34.7
1711,1711,1711,11,9,Golden Tate,20,Bench,ACTIVE,0.0,
1712,1712,1712,11,9,Jimmy Garoppolo,0,QB,ACTIVE,15.645180131900002,29.66
1713,1713,1713,11,9,Adrian Peterson,2,RB,ACTIVE,9.117260441400004,5.0
1714,1714,1714,11,9,Josh Gordon,20,Bench,OUT,0.0,
1715,1715,1715,11,9,Jamaal Williams,20,Bench,ACTIVE,0.0,
1716,1716,1716,11,9,Brian Hill,23,Flex,ACTIVE,12.714714116,4.8
1717,1717,1717,11,10,Melvin Gordon,2,RB,ACTIVE,15.635009382000002,12.0
1718,1718,1718,11,10,JuJu Smith-Schuster,4,WR,ACTIVE,11.687956704,4.1
1719,1719,1719,11,10,Odell Beckham Jr.,4,WR,QUESTIONABLE,12.9246659909,10.0
1720,1720,1720,11,10,Cooper Kupp,23,Flex,ACTIVE,15.259361617200002,8.3
1721,1721,1721,11,10,Matt Breida,20,Bench,ACTIVE,0.0,0.0
1722,1722,1722,11,10,Devin Singletary,2,RB,ACTIVE,13.669992531000002,8.9
1723,1723,1723,11,10,Russell Wilson,20,Bench,ACTIVE,0.0,
1724,1724,1724,11,10,Dallas Goedert,6,TE,ACTIVE,8.323871632000001,12.6
1725,1725,1725,11,10,Tony Pollard,20,Bench,ACTIVE,4.423119643700001,17.6
1726,1726,1726,11,10,Greg Olsen,20,Bench,ACTIVE,9.791522937,10.7
1727,1727,1727,11,10,Derek Carr,0,QB,ACTIVE,16.496098032600003,19.78
1728,1728,1728,11,10,Rashaad Penny,20,Bench,QUESTIONABLE,0.0,
1729,1729,1729,11,10,Auden Tate,23,Flex,QUESTIONABLE,10.560565884,9.6
1730,1730,1730,11,11,Ezekiel Elliott,2,RB,ACTIVE,20.83333521,19.3
1731,1731,1731,11,11,DeAndre Hopkins,4,WR,QUESTIONABLE,20.263168837,15.0
1732,1732,1732,11,11,Joe Mixon,2,RB,ACTIVE,13.575504298,17.3
1733,1733,1733,11,11,Calvin Ridley,23,Flex,QUESTIONABLE,12.7402083132,28.3
1734,1734,1734,11,11,Deshaun Watson,0,QB,ACTIVE,20.545687456000003,3.96
1735,1735,1735,11,11,Jarvis Landry,4,WR,QUESTIONABLE,12.4469990441,14.3
1736,1736,1736,11,11,Ronald Jones II,23,Flex,ACTIVE,12.007712698,3.4
1737,1737,1737,11,11,DK Metcalf,20,Bench,ACTIVE,0.0,
1738,1738,1738,11,11,Philip Rivers,20,Bench,ACTIVE,15.3653834071,12.12
1739,1739,1739,11,11,DeSean Jackson,21,IR,ACTIVE,0.0,0.0
1740,1740,1740,11,11,Carlos Hyde,20,Bench,ACTIVE,10.2331043718,12.5
1741,1741,1741,11,11,Jason Witten,6,TE,ACTIVE,8.100739644,8.3
1742,1742,1742,11,11,Demaryius Thomas,20,Bench,QUESTIONABLE,9.739369613,8.4
1743,1743,1743,11,11,Brian Hoyer,20,Bench,ACTIVE,0.0645240968,-0.2
1744,1744,1744,11,12,Davante Adams,20,Bench,ACTIVE,0.0,
1745,1745,1745,11,12,Dalvin Cook,2,RB,ACTIVE,23.008600751,16.7
1746,1746,1746,11,12,Kenny Golladay,4,WR,ACTIVE,12.507823624,4.4
1747,1747,1747,11,12,Tarik Cohen,2,RB,ACTIVE,10.018933289,18.4
1748,1748,1748,11,12,Miles Sanders,23,Flex,QUESTIONABLE,14.318801264,6.700000000000001
1749,1749,1749,11,12,Christian Kirk,4,WR,ACTIVE,12.4668279015,10.2
1750,1750,1750,11,12,Royce Freeman,20,Bench,ACTIVE,8.415553212,5.5
1751,1751,1751,11,12,Darren Waller,6,TE,QUESTIONABLE,12.644173005,12.6
1752,1752,1752,11,12,Josh Allen,0,QB,ACTIVE,19.169395889,33.84
1753,1753,1753,11,12,Danny Amendola,20,Bench,ACTIVE,8.499691557999999,8.7
1754,1754,1754,11,12,Sterling Shepard,20,Bench,ACTIVE,0.0,
1755,1755,1755,11,12,Kalen Ballage,20,Bench,QUESTIONABLE,9.803130533,12.7
1756,1756,1756,11,12,Deebo Samuel,23,Flex,ACTIVE,10.3983011445,21.4
1757,1757,1757,11,13,Derrick Henry,20,Bench,ACTIVE,0.0,
1758,1758,1758,11,13,George Kittle,20,Bench,ACTIVE,0.0,0.0
1759,1759,1759,11,13,Amari Cooper,4,WR,ACTIVE,15.341542801,6.800000000000001
1760,1760,1760,11,13,Zach Ertz,6,TE,QUESTIONABLE,12.516852452,18.4
1761,1761,1761,11,13,Devonta Freeman,20,Bench,ACTIVE,0.0,0.0
1762,1762,1762,11,13,A.J. Green,21,IR,QUESTIONABLE,0.0,0.0
1763,1763,1763,11,13,Drew Brees,0,QB,ACTIVE,18.7959100712,21.12
1764,1764,1764,11,13,Emmanuel Sanders,4,WR,ACTIVE,10.87612514,6.300000000000001
1765,1765,1765,11,13,LeSean McCoy,20,Bench,ACTIVE,5.667029412999999,15.7
1766,1766,1766,11,13,Austin Ekeler,2,RB,ACTIVE,13.58069121,21.200000000000003
1767,1767,1767,11,13,Terry McLaurin,23,Flex,QUESTIONABLE,11.888573784,9.9
1768,1768,1768,11,13,Jameis Winston,20,Bench,QUESTIONABLE,17.937640046,14.82
1769,1769,1769,11,13,David Montgomery,2,RB,ACTIVE,12.318755735,6.0
1770,1770,1770,11,13,Randall Cobb,23,Flex,ACTIVE,10.2845161895,21.5
1771,1771,1771,12,1,Saquon Barkley,2,RB,ACTIVE,18.830644177,8.0
1772,1772,1772,12,1,Alvin Kamara,2,RB,ACTIVE,21.311578186,19.200000000000003
1773,1773,1773,12,1,James White,23,Flex,ACTIVE,14.533776008,0.8999999999999999
1774,1774,1774,12,1,Tyler Boyd,20,Bench,ACTIVE,10.9611660765,19.1
1775,1775,1775,12,1,Austin Hooper,20,Bench,ACTIVE,0.0,0.0
1776,1776,1776,12,1,Michael Gallup,23,Flex,ACTIVE,11.57212776,9.5
1777,1777,1777,12,1,Marquise Brown,20,Bench,QUESTIONABLE,9.2730454,21.2
1778,1778,1778,12,1,Courtland Sutton,4,WR,ACTIVE,12.9271078288,3.7
1779,1779,1779,12,1,Tom Brady,20,Bench,ACTIVE,16.786202432,11.3
1780,1780,1780,12,1,DeVante Parker,4,WR,ACTIVE,12.85422966,15.1
1781,1781,1781,12,1,Will Fuller V,20,Bench,QUESTIONABLE,12.636165871,21.0
1782,1782,1782,12,1,Jared Cook,6,TE,ACTIVE,9.525097191,21.9
1783,1783,1783,12,1,John Ross III,21,IR,ACTIVE,0.0,0.0
1784,1784,1784,12,1,Jeff Driskel,0,QB,QUESTIONABLE,16.988742127000002,12.58
1785,1785,1785,12,2,David Johnson,20,Bench,ACTIVE,0.0,
1786,1786,1786,12,2,Brandin Cooks,23,Flex,ACTIVE,11.1313829696,5.300000000000001
1787,1787,1787,12,2,Mike Evans,4,WR,QUESTIONABLE,18.965844048000005,9.0
1788,1788,1788,12,2,Mark Ingram II,2,RB,ACTIVE,13.292880649,24.8
1789,1789,1789,12,2,Alexander Mattison,20,Bench,ACTIVE,0.0,
1790,1790,1790,12,2,Kyler Murray,20,Bench,ACTIVE,0.0,
1791,1791,1791,12,2,T.Y. Hilton,4,WR,ACTIVE,14.874060967000002,4.8
1792,1792,1792,12,2,Jamison Crowder,23,Flex,ACTIVE,12.862350282,3.8
1793,1793,1793,12,2,Damien Williams,20,Bench,ACTIVE,0.0,
1794,1794,1794,12,2,Raheem Mostert,20,Bench,ACTIVE,9.6532926114,13.7
1795,1795,1795,12,2,Jordan Wilkins,2,RB,QUESTIONABLE,2.8537608757,0.0
1796,1796,1796,12,2,Baker Mayfield,0,QB,ACTIVE,15.5400921697,23.58
1797,1797,1797,12,2,Jacob Hollister,6,TE,ACTIVE,7.941315787000001,4.2
1798,1798,1798,12,3,Todd Gurley II,2,RB,ACTIVE,15.507952117,4.9
1799,1799,1799,12,3,Keenan Allen,20,Bench,ACTIVE,0.0,
1800,1800,1800,12,3,Tyler Lockett,4,WR,ACTIVE,16.392996829800005,4.800000000000001
1801,1801,1801,12,3,Adam Thielen,20,Bench,ACTIVE,0.0,
1802,1802,1802,12,3,Carson Wentz,0,QB,QUESTIONABLE,17.608365372999998,8.940000000000001
1803,1803,1803,12,3,Robby Anderson,4,WR,ACTIVE,8.853989174,18.6
1804,1804,1804,12,3,Kenyan Drake,20,Bench,ACTIVE,0.0,
1805,1805,1805,12,3,Derrius Guice,23,Flex,ACTIVE,9.316832897999998,4.800000000000001
1806,1806,1806,12,3,Hunter Henry,20,Bench,ACTIVE,0.0,
1807,1807,1807,12,3,Kareem Hunt,2,RB,ACTIVE,12.664990428,12.6
1808,1808,1808,12,3,Kenny Stills,20,Bench,ACTIVE,8.254649652000001,1.6
1809,1809,1809,12,3,Hunter Renfrow,23,Flex,ACTIVE,9.272661307,6.1
1810,1810,1810,12,3,Mike Gesicki,6,TE,ACTIVE,8.111615254,11.8
1811,1811,1811,12,5,Christian McCaffrey,2,RB,ACTIVE,23.766236578,34.3
1812,1812,1812,12,5,Patrick Mahomes,20,Bench,ACTIVE,0.0,
1813,1813,1813,12,5,Chris Carson,2,RB,QUESTIONABLE,16.696783097999997,9.7
1814,1814,1814,12,5,Dede Westbrook,23,Flex,ACTIVE,10.4420068479,14.9
1815,1815,1815,12,5,Lamar Jackson,0,QB,ACTIVE,22.810599416,36.26
1816,1816,1816,12,5,Sammy Watkins,20,Bench,ACTIVE,0.0,
1817,1817,1817,12,5,Curtis Samuel,4,WR,ACTIVE,12.2224248614,5.9
1818,1818,1818,12,5,Marvin Jones Jr.,23,Flex,QUESTIONABLE,11.2477042259,9.6
1819,1819,1819,12,5,Tyrell Williams,4,WR,QUESTIONABLE,11.074593912,3.8
1820,1820,1820,12,5,Jack Doyle,6,TE,ACTIVE,6.641357622999999,5.800000000000001
1821,1821,1821,12,5,Allen Lazard,20,Bench,ACTIVE,6.46887683,3.8
1822,1822,1822,12,5,Nyheim Hines,20,Bench,ACTIVE,9.756669361,8.100000000000001
1823,1823,1823,12,5,Matthew Stafford,20,Bench,ACTIVE,0.0,0.0
1824,1824,1824,12,6,Julian Edelman,23,Flex,QUESTIONABLE,16.2690312906,17.3
1825,1825,1825,12,6,Evan Engram,20,Bench,QUESTIONABLE,0.0,0.0
1826,1826,1826,12,6,Leonard Fournette,2,RB,QUESTIONABLE,18.948242622,36.900000000000006
1827,1827,1827,12,6,James Conner,20,Bench,QUESTIONABLE,0.0,0.0
1828,1828,1828,12,6,DJ Moore,4,WR,QUESTIONABLE,16.0951945188,31.4
1829,1829,1829,12,6,Alshon Jeffery,21,IR,QUESTIONABLE,0.0,0.0
1830,1830,1830,12,6,Allen Robinson II,4,WR,ACTIVE,13.483511527,25.1
1831,1831,1831,12,6,Dak Prescott,0,QB,ACTIVE,16.706806196000002,6.880000000000001
1832,1832,1832,12,6,DJ Chark Jr.,23,Flex,ACTIVE,16.2657032766,10.8
1833,1833,1833,12,6,Gerald Everett,6,TE,ACTIVE,9.373108977,4.300000000000001
1834,1834,1834,12,6,Latavius Murray,2,RB,ACTIVE,10.203091836,12.4
1835,1835,1835,12,6,Ty Johnson,20,Bench,ACTIVE,3.1474406313000003,4.1
1836,1836,1836,12,6,J.D. McKissic,20,Bench,ACTIVE,7.722233026999999,4.0
1837,1837,1837,12,6,Ryquell Armstead,20,Bench,ACTIVE,3.6604181318,0.0
1838,1838,1838,12,7,Julio Jones,4,WR,ACTIVE,18.8933439235,11.8
1839,1839,1839,12,7,Tyreek Hill,20,Bench,ACTIVE,0.0,
1840,1840,1840,12,7,Robert Woods,4,WR,ACTIVE,11.0547042681,15.7
1841,1841,1841,12,7,Sony Michel,23,Flex,ACTIVE,11.213899526000002,8.5
1842,1842,1842,12,7,Phillip Lindsay,2,RB,QUESTIONABLE,12.677998476000004,7.800000000000001
1843,1843,1843,12,7,Matt Ryan,0,QB,ACTIVE,21.2573327047,7.64
1844,1844,1844,12,7,Larry Fitzgerald,20,Bench,ACTIVE,0.0,
1845,1845,1845,12,7,Tevin Coleman,2,RB,ACTIVE,16.661085102,12.9
1846,1846,1846,12,7,Vance McDonald,20,Bench,ACTIVE,9.252902363,1.1
1847,1847,1847,12,7,Jaylen Samuels,23,Flex,ACTIVE,13.661562632,6.2
1848,1848,1848,12,7,Mark Andrews,6,TE,ACTIVE,13.244947093,6.5
1849,1849,1849,12,7,Kirk Cousins,20,Bench,ACTIVE,0.0,
1850,1850,1850,12,7,Antonio Brown,20,Bench,ACTIVE,0.0,
1851,1851,1851,12,8,Le'Veon Bell,2,RB,ACTIVE,15.957569479999998,15.8
1852,1852,1852,12,8,Aaron Rodgers,20,Bench,ACTIVE,16.628414628999998,9.46
1853,1853,1853,12,8,Michael Thomas,4,WR,ACTIVE,22.661135357000003,26.1
1854,1854,1854,12,8,Josh Jacobs,2,RB,QUESTIONABLE,16.729127773000002,4.6000000000000005
1855,1855,1855,12,8,Marlon Mack,23,Flex,ACTIVE,0.0,0.0
1856,1856,1856,12,8,Mike Williams,20,Bench,ACTIVE,0.0,
1857,1857,1857,12,8,Delanie Walker,20,Bench,QUESTIONABLE,0.0,0.0
1858,1858,1858,12,8,Mohamed Sanu Sr.,20,Bench,QUESTIONABLE,0.0,0.0
1859,1859,1859,12,8,Adam Humphries,23,Flex,ACTIVE,6.7610318259,5.0
1860,1860,1860,12,8,Chris Conley,4,WR,ACTIVE,9.75161689,8.9
1861,1861,1861,12,8,Jordan Howard,20,Bench,QUESTIONABLE,0.0,0.0
1862,1862,1862,12,8,Eric Ebron,6,TE,QUESTIONABLE,9.218084416,8.4
1863,1863,1863,12,8,Jacoby Brissett,0,QB,ACTIVE,18.613641612,13.16
1864,1864,1864,12,9,Travis Kelce,20,Bench,ACTIVE,0.0,
1865,1865,1865,12,9,Stefon Diggs,20,Bench,ACTIVE,0.0,
1866,1866,1866,12,9,Chris Godwin,4,WR,QUESTIONABLE,16.7417728104,37.400000000000006
1867,1867,1867,12,9,Nick Chubb,2,RB,ACTIVE,19.329838152000004,25.4
1868,1868,1868,12,9,Aaron Jones,23,Flex,ACTIVE,14.873262867,3.8
1869,1869,1869,12,9,Duke Johnson,2,RB,ACTIVE,9.540126822,4.0
1870,1870,1870,12,9,John Brown,4,WR,ACTIVE,12.916770613999995,11.9
1871,1871,1871,12,9,Golden Tate,23,Flex,ACTIVE,11.439880564,12.3
1872,1872,1872,12,9,Jimmy Garoppolo,0,QB,ACTIVE,15.9791855848,18.22
1873,1873,1873,12,9,Josh Gordon,20,Bench,OUT,7.318221535,2.0
1874,1874,1874,12,9,Jamaal Williams,20,Bench,ACTIVE,8.221726332,15.0
1875,1875,1875,12,9,Brian Hill,20,Bench,ACTIVE,11.479405556,5.7
1876,1876,1876,12,9,Ryan Griffin,6,TE,QUESTIONABLE,6.959732236000001,10.3
1877,1877,1877,12,10,Melvin Gordon,20,Bench,ACTIVE,0.0,
1878,1878,1878,12,10,JuJu Smith-Schuster,21,IR,ACTIVE,0.0,0.0
1879,1879,1879,12,10,Odell Beckham Jr.,4,WR,QUESTIONABLE,13.395757936700004,20.4
1880,1880,1880,12,10,Cooper Kupp,4,WR,ACTIVE,13.4305544579,9.5
1881,1881,1881,12,10,Matt Breida,20,Bench,ACTIVE,0.0,0.0
1882,1882,1882,12,10,Devin Singletary,2,RB,ACTIVE,11.991063741,12.400000000000002
1883,1883,1883,12,10,Russell Wilson,0,QB,ACTIVE,20.314886314,9.5
1884,1884,1884,12,10,Dallas Goedert,20,Bench,ACTIVE,8.592355273,8.2
1885,1885,1885,12,10,Tony Pollard,20,Bench,ACTIVE,5.138032582999999,5.800000000000001
1886,1886,1886,12,10,Greg Olsen,6,TE,ACTIVE,10.590778774000002,9.4
1887,1887,1887,12,10,Jonathan Williams,2,RB,ACTIVE,11.649921093,21.1
1888,1888,1888,12,10,Bo Scarbrough,23,Flex,ACTIVE,9.438889075500002,7.800000000000001
1889,1889,1889,12,10,James Washington,20,Bench,ACTIVE,8.681255058000001,18.8
1890,1890,1890,12,10,Noah Fant,23,Flex,ACTIVE,9.150546332,4.4
1891,1891,1891,12,11,Ezekiel Elliott,2,RB,ACTIVE,16.513206761999996,16.6
1892,1892,1892,12,11,DeAndre Hopkins,4,WR,QUESTIONABLE,17.051195171000003,27.4
1893,1893,1893,12,11,Joe Mixon,2,RB,ACTIVE,13.462099361,7.9
1894,1894,1894,12,11,Calvin Ridley,23,Flex,QUESTIONABLE,13.880027171400002,22.0
1895,1895,1895,12,11,Deshaun Watson,0,QB,ACTIVE,20.414622555,18.92
1896,1896,1896,12,11,Jarvis Landry,4,WR,QUESTIONABLE,12.7115898635,36.8
1897,1897,1897,12,11,Ronald Jones II,20,Bench,ACTIVE,12.828233879,15.7
1898,1898,1898,12,11,DK Metcalf,23,Flex,ACTIVE,12.721991174800005,6.5
1899,1899,1899,12,11,Philip Rivers,20,Bench,ACTIVE,0.0,
1900,1900,1900,12,11,DeSean Jackson,21,IR,ACTIVE,0.0,0.0
1901,1901,1901,12,11,Carlos Hyde,20,Bench,ACTIVE,11.568991288200005,6.7
1902,1902,1902,12,11,Jason Witten,6,TE,ACTIVE,8.747628253999999,1.5
1903,1903,1903,12,11,Demaryius Thomas,20,Bench,QUESTIONABLE,8.91400334,4.2
1904,1904,1904,12,11,Brian Hoyer,20,Bench,ACTIVE,0.07327947892,0.0
1905,1905,1905,12,12,Davante Adams,4,WR,ACTIVE,16.860926138,19.3
1906,1906,1906,12,12,Dalvin Cook,20,Bench,ACTIVE,0.0,
1907,1907,1907,12,12,Kenny Golladay,4,WR,ACTIVE,12.49380274,10.1
1908,1908,1908,12,12,Tarik Cohen,2,RB,ACTIVE,11.098625385999998,12.4
1909,1909,1909,12,12,Miles Sanders,2,RB,QUESTIONABLE,12.487327823999998,11.6
1910,1910,1910,12,12,Christian Kirk,20,Bench,ACTIVE,0.0,
1911,1911,1911,12,12,Royce Freeman,20,Bench,ACTIVE,7.027519367000001,4.9
1912,1912,1912,12,12,Darren Waller,6,TE,QUESTIONABLE,13.821818198000004,7.1000000000000005
1913,1913,1913,12,12,Josh Allen,0,QB,ACTIVE,17.639127579000004,19.0
1914,1914,1914,12,12,Danny Amendola,20,Bench,ACTIVE,8.949827569,5.1
1915,1915,1915,12,12,Sterling Shepard,23,Flex,ACTIVE,11.3830315652,8.7
1916,1916,1916,12,12,Kalen Ballage,20,Bench,QUESTIONABLE,9.370755261,3.6
1917,1917,1917,12,12,Deebo Samuel,23,Flex,ACTIVE,10.7058635443,13.0
1918,1918,1918,12,13,Derrick Henry,2,RB,ACTIVE,19.007820359,28.5
1919,1919,1919,12,13,George Kittle,23,Flex,ACTIVE,15.2093497081,24.9
1920,1920,1920,12,13,Amari Cooper,4,WR,ACTIVE,13.205333438,0.0
1921,1921,1921,12,13,Zach Ertz,6,TE,QUESTIONABLE,14.226064393,27.1
1922,1922,1922,12,13,Devonta Freeman,20,Bench,ACTIVE,0.0,0.0
1923,1923,1923,12,13,A.J. Green,21,IR,QUESTIONABLE,0.0,0.0
1924,1924,1924,12,13,Drew Brees,0,QB,ACTIVE,18.9145989576,22.44
1925,1925,1925,12,13,Emmanuel Sanders,4,WR,ACTIVE,11.823528757,2.5
1926,1926,1926,12,13,LeSean McCoy,20,Bench,ACTIVE,0.0,
1927,1927,1927,12,13,Austin Ekeler,20,Bench,ACTIVE,0.0,
1928,1928,1928,12,13,Terry McLaurin,23,Flex,QUESTIONABLE,12.345491023,12.2
1929,1929,1929,12,13,Jameis Winston,20,Bench,QUESTIONABLE,20.393785404000003,24.32
1930,1930,1930,12,13,David Montgomery,2,RB,ACTIVE,12.891120552,5.1000000000000005
1931,1931,1931,12,13,Randall Cobb,20,Bench,ACTIVE,10.3863199495,12.6
1932,1932,1932,13,1,Saquon Barkley,2,RB,ACTIVE,19.811533192,14.5
1933,1933,1933,13,1,Alvin Kamara,2,RB,ACTIVE,20.778511686,12.400000000000002
1934,1934,1934,13,1,James White,23,Flex,ACTIVE,12.649704419,37.7
1935,1935,1935,13,1,Tyler Boyd,23,Flex,ACTIVE,13.0436372815,16.9
1936,1936,1936,13,1,Austin Hooper,21,IR,ACTIVE,0.0,0.0
1937,1937,1937,13,1,Michael Gallup,4,WR,ACTIVE,11.633855017,9.3
1938,1938,1938,13,1,Marquise Brown,20,Bench,QUESTIONABLE,10.121276985,1.1
1939,1939,1939,13,1,Courtland Sutton,20,Bench,ACTIVE,12.9718131667,23.4
1940,1940,1940,13,1,Tom Brady,20,Bench,ACTIVE,17.6543130323,24.340000000000003
1941,1941,1941,13,1,DeVante Parker,4,WR,ACTIVE,12.902069412,34.9
1942,1942,1942,13,1,Will Fuller V,20,Bench,QUESTIONABLE,12.335973661,1.8
1943,1943,1943,13,1,Jared Cook,6,TE,ACTIVE,11.003642669,11.5
1944,1944,1944,13,1,John Ross III,20,Bench,ACTIVE,0.0,0.0
1945,1945,1945,13,1,Ryan Tannehill,0,QB,ACTIVE,15.351573892,13.78
1946,1946,1946,13,2,David Johnson,20,Bench,ACTIVE,6.574571193,4.4
1947,1947,1947,13,2,Brandin Cooks,23,Flex,ACTIVE,11.4921730574,4.4
1948,1948,1948,13,2,Mike Evans,4,WR,QUESTIONABLE,17.61485171,9.3
1949,1949,1949,13,2,Mark Ingram II,2,RB,ACTIVE,14.819468703,8.200000000000001
1950,1950,1950,13,2,Alexander Mattison,20,Bench,ACTIVE,4.534971715899999,11.3
1951,1951,1951,13,2,Kyler Murray,0,QB,ACTIVE,19.748776669,13.32
1952,1952,1952,13,2,T.Y. Hilton,21,IR,ACTIVE,0.0,0.0
1953,1953,1953,13,2,Jamison Crowder,23,Flex,ACTIVE,12.495058864,2.8
1954,1954,1954,13,2,Damien Williams,20,Bench,ACTIVE,0.0,0.0
1955,1955,1955,13,2,Jacob Hollister,6,TE,ACTIVE,8.951378007,10.4
1956,1956,1956,13,2,Rashaad Penny,20,Bench,QUESTIONABLE,6.5552404169,26.7
1957,1957,1957,13,2,A.J. Brown,4,WR,ACTIVE,11.4444782607,7.5
1958,1958,1958,13,2,Darrel Williams,20,Bench,QUESTIONABLE,9.32142267,8.600000000000001
1959,1959,1959,13,2,Raheem Mostert,2,RB,ACTIVE,7.79760929,23.4
1960,1960,1960,13,3,Todd Gurley II,2,RB,ACTIVE,16.718499997,18.5
1961,1961,1961,13,3,Keenan Allen,4,WR,ACTIVE,13.5660868682,18.8
1962,1962,1962,13,3,Tyler Lockett,4,WR,ACTIVE,15.461946559400005,0.0
1963,1963,1963,13,3,Adam Thielen,21,IR,ACTIVE,0.0,0.0
1964,1964,1964,13,3,Carson Wentz,0,QB,QUESTIONABLE,19.031433733,24.4
1965,1965,1965,13,3,Robby Anderson,20,Bench,ACTIVE,8.972567959000001,17.1
1966,1966,1966,13,3,Kenyan Drake,23,Flex,ACTIVE,12.673630074,7.1
1967,1967,1967,13,3,Derrius Guice,20,Bench,ACTIVE,8.522950786000001,27.7
1968,1968,1968,13,3,Hunter Henry,6,TE,ACTIVE,13.695781851,3.0
1969,1969,1969,13,3,Kareem Hunt,2,RB,ACTIVE,11.731564,17.5
1970,1970,1970,13,3,Kenny Stills,20,Bench,ACTIVE,7.069650384,15.1
1971,1971,1971,13,3,Mike Gesicki,20,Bench,ACTIVE,8.372910289000002,18.9
1972,1972,1972,13,3,Sam Darnold,20,Bench,ACTIVE,15.5249242455,10.46
1973,1973,1973,13,3,Irv Smith Jr.,23,Flex,ACTIVE,8.030531922,1.6
1974,1974,1974,13,5,Christian McCaffrey,2,RB,ACTIVE,28.110525098,17.200000000000003
1975,1975,1975,13,5,Patrick Mahomes,20,Bench,ACTIVE,22.669903177,19.5
1976,1976,1976,13,5,Chris Carson,2,RB,QUESTIONABLE,15.946747105999998,17.900000000000002
1977,1977,1977,13,5,Dede Westbrook,23,Flex,ACTIVE,12.593848209,19.0
1978,1978,1978,13,5,Lamar Jackson,0,QB,ACTIVE,22.164310812000004,22.3
1979,1979,1979,13,5,Sammy Watkins,4,WR,ACTIVE,11.606785608,0.0
1980,1980,1980,13,5,Curtis Samuel,4,WR,ACTIVE,10.8958595869,16.5
1981,1981,1981,13,5,Marvin Jones Jr.,23,Flex,QUESTIONABLE,11.9713767644,13.0
1982,1982,1982,13,5,Tyrell Williams,20,Bench,QUESTIONABLE,10.867790483000002,1.9
1983,1983,1983,13,5,Jack Doyle,6,TE,ACTIVE,8.489469331,19.3
1984,1984,1984,13,5,Allen Lazard,20,Bench,ACTIVE,5.5951801472,19.3
1985,1985,1985,13,5,Nyheim Hines,20,Bench,ACTIVE,9.48864033,12.0
1986,1986,1986,13,5,Matthew Stafford,20,Bench,ACTIVE,0.0,0.0
1987,1987,1987,13,6,Julian Edelman,23,Flex,QUESTIONABLE,17.590713082999997,21.9
1988,1988,1988,13,6,Evan Engram,20,Bench,QUESTIONABLE,0.0,0.0
1989,1989,1989,13,6,Leonard Fournette,2,RB,QUESTIONABLE,20.872706295,18.1
1990,1990,1990,13,6,James Conner,20,Bench,QUESTIONABLE,0.0,0.0
1991,1991,1991,13,6,DJ Moore,4,WR,QUESTIONABLE,15.482297271300002,19.2
1992,1992,1992,13,6,Alshon Jeffery,21,IR,QUESTIONABLE,12.692082356,28.700000000000003
1993,1993,1993,13,6,Allen Robinson II,4,WR,ACTIVE,14.388087163,22.6
1994,1994,1994,13,6,Dak Prescott,0,QB,ACTIVE,18.625841991,22.700000000000003
1995,1995,1995,13,6,DJ Chark Jr.,23,Flex,ACTIVE,16.4680643468,6.7
1996,1996,1996,13,6,Gerald Everett,6,TE,ACTIVE,0.0,0.0
1997,1997,1997,13,6,Latavius Murray,2,RB,ACTIVE,7.985940831999999,0.2
1998,1998,1998,13,6,Ty Johnson,20,Bench,ACTIVE,4.1373823804,5.9
1999,1999,1999,13,6,J.D. McKissic,20,Bench,ACTIVE,6.732171336,5.4
2000,2000,2000,13,6,Ryquell Armstead,20,Bench,ACTIVE,3.4433339558000005,0.0
2001,2001,2001,13,7,Julio Jones,4,WR,ACTIVE,0.0,0.0
2002,2002,2002,13,7,Tyreek Hill,23,Flex,ACTIVE,19.5896269836,10.1
2003,2003,2003,13,7,Robert Woods,4,WR,ACTIVE,13.2987245739,30.2
2004,2004,2004,13,7,Sony Michel,23,Flex,ACTIVE,10.873484911,4.5
2005,2005,2005,13,7,Phillip Lindsay,2,RB,QUESTIONABLE,14.272813014000002,9.2
2006,2006,2006,13,7,Matt Ryan,0,QB,ACTIVE,15.7675409289,16.58
2007,2007,2007,13,7,Larry Fitzgerald,20,Bench,ACTIVE,9.8429446,11.6
2008,2008,2008,13,7,Tevin Coleman,2,RB,ACTIVE,14.365013574,2.5
2009,2009,2009,13,7,Vance McDonald,20,Bench,ACTIVE,6.325706663,5.1
2010,2010,2010,13,7,Jaylen Samuels,20,Bench,ACTIVE,9.205463193,7.4
2011,2011,2011,13,7,Mark Andrews,6,TE,ACTIVE,11.086401039,14.0
2012,2012,2012,13,7,Kirk Cousins,20,Bench,ACTIVE,17.1676918532,17.04
2013,2013,2013,13,7,Antonio Brown,20,Bench,ACTIVE,0.0,
2014,2014,2014,13,8,Le'Veon Bell,2,RB,ACTIVE,17.328938651000005,10.7
2015,2015,2015,13,8,Aaron Rodgers,20,Bench,ACTIVE,18.367287874,28.12
2016,2016,2016,13,8,Michael Thomas,4,WR,ACTIVE,25.129393948,10.8
2017,2017,2017,13,8,Josh Jacobs,2,RB,QUESTIONABLE,17.002041044000002,10.4
2018,2018,2018,13,8,Marlon Mack,20,Bench,ACTIVE,0.0,0.0
2019,2019,2019,13,8,Mike Williams,20,Bench,ACTIVE,9.1703652458,16.700000000000003
2020,2020,2020,13,8,Delanie Walker,6,TE,QUESTIONABLE,0.0,0.0
2021,2021,2021,13,8,Mohamed Sanu Sr.,23,Flex,QUESTIONABLE,10.8157467662,4.4
2022,2022,2022,13,8,Adam Humphries,23,Flex,ACTIVE,7.9251078766,8.3
2023,2023,2023,13,8,Chris Conley,4,WR,ACTIVE,10.559313894,9.7
2024,2024,2024,13,8,Jordan Howard,20,Bench,QUESTIONABLE,0.0,0.0
2025,2025,2025,13,8,Eric Ebron,20,Bench,QUESTIONABLE,0.0,0.0
2026,2026,2026,13,8,Jacoby Brissett,0,QB,ACTIVE,15.448812522,12.66
2027,2027,2027,13,9,Travis Kelce,6,TE,ACTIVE,16.699247038,14.0
2028,2028,2028,13,9,Stefon Diggs,23,Flex,ACTIVE,14.476060567699998,9.2
2029,2029,2029,13,9,Chris Godwin,4,WR,QUESTIONABLE,17.4216523546,9.0
2030,2030,2030,13,9,Nick Chubb,2,RB,ACTIVE,18.051990743,8.9
2031,2031,2031,13,9,Aaron Jones,23,Flex,ACTIVE,15.757452793,7.1
2032,2032,2032,13,9,Duke Johnson,20,Bench,ACTIVE,8.418738355999999,20.0
2033,2033,2033,13,9,John Brown,4,WR,ACTIVE,13.828840434,10.72
2034,2034,2034,13,9,Golden Tate,20,Bench,ACTIVE,0.0,0.0
2035,2035,2035,13,9,Jimmy Garoppolo,20,Bench,ACTIVE,15.0253233081,9.1
2036,2036,2036,13,9,Josh Gordon,20,Bench,OUT,6.631487357999999,2.0
2037,2037,2037,13,9,Jamaal Williams,20,Bench,ACTIVE,10.470527441000002,10.7
2038,2038,2038,13,9,Benny Snell Jr.,2,RB,ACTIVE,10.168630071,13.7
2039,2039,2039,13,9,Jared Goff,0,QB,ACTIVE,15.6717905975,24.96
2040,2040,2040,13,10,Melvin Gordon,2,RB,ACTIVE,13.848774338,13.0
2041,2041,2041,13,10,JuJu Smith-Schuster,21,IR,ACTIVE,0.0,0.0
2042,2042,2042,13,10,Odell Beckham Jr.,4,WR,QUESTIONABLE,13.7063676949,5.9
2043,2043,2043,13,10,Cooper Kupp,4,WR,ACTIVE,14.7713647477,18.5
2044,2044,2044,13,10,Matt Breida,20,Bench,ACTIVE,0.0,0.0
2045,2045,2045,13,10,Devin Singletary,23,Flex,ACTIVE,12.276505144,19.1
2046,2046,2046,13,10,Russell Wilson,0,QB,ACTIVE,20.631455516000003,16.9
2047,2047,2047,13,10,Dallas Goedert,20,Bench,ACTIVE,8.031871365,12.6
2048,2048,2048,13,10,Tony Pollard,20,Bench,ACTIVE,5.351962905999999,0.7000000000000001
2049,2049,2049,13,10,Greg Olsen,6,TE,ACTIVE,9.97981614,5.2
2050,2050,2050,13,10,Jonathan Williams,23,Flex,ACTIVE,13.356776110000002,3.5000000000000004
2051,2051,2051,13,10,Bo Scarbrough,2,RB,ACTIVE,9.338281965400004,8.3
2052,2052,2052,13,10,Noah Fant,20,Bench,ACTIVE,8.092221054,1.5
2053,2053,2053,13,10,Jalen Richard,20,Bench,QUESTIONABLE,5.372611595,1.8
2054,2054,2054,13,11,Ezekiel Elliott,2,RB,ACTIVE,20.197528324,20.700000000000003
2055,2055,2055,13,11,DeAndre Hopkins,4,WR,QUESTIONABLE,16.239358110999998,15.64
2056,2056,2056,13,11,Joe Mixon,2,RB,ACTIVE,14.027877345000004,17.0
2057,2057,2057,13,11,Calvin Ridley,23,Flex,QUESTIONABLE,14.792019642499998,17.1
2058,2058,2058,13,11,Deshaun Watson,0,QB,ACTIVE,16.66951363,28.86
2059,2059,2059,13,11,Jarvis Landry,4,WR,QUESTIONABLE,14.379935321,13.6
2060,2060,2060,13,11,Ronald Jones II,20,Bench,ACTIVE,13.140502914000002,0.8
2061,2061,2061,13,11,DK Metcalf,23,Flex,ACTIVE,12.4604582178,11.5
2062,2062,2062,13,11,Philip Rivers,20,Bench,ACTIVE,13.0690582529,16.6
2063,2063,2063,13,11,DeSean Jackson,21,IR,ACTIVE,0.0,0.0
2064,2064,2064,13,11,Carlos Hyde,20,Bench,ACTIVE,10.4113276136,3.2
2065,2065,2065,13,11,Jason Witten,6,TE,ACTIVE,7.828225236000001,18.2
2066,2066,2066,13,11,Demaryius Thomas,20,Bench,QUESTIONABLE,8.188074595,5.300000000000001
2067,2067,2067,13,11,Brian Hoyer,20,Bench,ACTIVE,0.05742453804,0.0
2068,2068,2068,13,12,Davante Adams,4,WR,ACTIVE,18.177071796,24.4
2069,2069,2069,13,12,Dalvin Cook,2,RB,ACTIVE,21.186725047,13.4
2070,2070,2070,13,12,Kenny Golladay,4,WR,ACTIVE,12.540398165,25.8
2071,2071,2071,13,12,Tarik Cohen,2,RB,ACTIVE,12.499024058000002,7.5
2072,2072,2072,13,12,Miles Sanders,23,Flex,QUESTIONABLE,16.313997994,21.5
2073,2073,2073,13,12,Christian Kirk,23,Flex,ACTIVE,13.3414551473,5.300000000000001
2074,2074,2074,13,12,Royce Freeman,20,Bench,ACTIVE,7.642506464,6.4
2075,2075,2075,13,12,Darren Waller,6,TE,QUESTIONABLE,12.495048185,17.0
2076,2076,2076,13,12,Josh Allen,0,QB,ACTIVE,18.633558735,23.54
2077,2077,2077,13,12,Danny Amendola,20,Bench,ACTIVE,8.450299848,6.2
2078,2078,2078,13,12,Sterling Shepard,20,Bench,ACTIVE,13.336015008300002,13.0
2079,2079,2079,13,12,Kalen Ballage,20,Bench,QUESTIONABLE,7.319937922000001,0.0
2080,2080,2080,13,12,Deebo Samuel,20,Bench,ACTIVE,10.6472891275,14.1
2081,2081,2081,13,13,Derrick Henry,2,RB,ACTIVE,16.267017426,23.6
2082,2082,2082,13,13,George Kittle,23,Flex,ACTIVE,17.834019148099998,3.4000000000000004
2083,2083,2083,13,13,Amari Cooper,4,WR,ACTIVE,14.460063180000002,16.5
2084,2084,2084,13,13,Zach Ertz,6,TE,QUESTIONABLE,13.290703055,5.4
2085,2085,2085,13,13,Devonta Freeman,2,RB,ACTIVE,14.564095617,10.400000000000002
2086,2086,2086,13,13,A.J. Green,21,IR,QUESTIONABLE,0.0,0.0
2087,2087,2087,13,13,Drew Brees,20,Bench,ACTIVE,18.7940857488,11.26
2088,2088,2088,13,13,Emmanuel Sanders,4,WR,ACTIVE,12.287218322,8.100000000000001
2089,2089,2089,13,13,LeSean McCoy,20,Bench,ACTIVE,12.864669458,12.0
2090,2090,2090,13,13,Austin Ekeler,23,Flex,ACTIVE,13.004249549,16.7
2091,2091,2091,13,13,Terry McLaurin,20,Bench,QUESTIONABLE,11.745052593,2.8
2092,2092,2092,13,13,Jameis Winston,0,QB,QUESTIONABLE,20.10357773,10.72
2093,2093,2093,13,13,David Montgomery,20,Bench,ACTIVE,11.749810345,16.7
2094,2094,2094,13,13,Randall Cobb,20,Bench,ACTIVE,9.4602826841,8.3
2095,2095,2095,14,1,Saquon Barkley,2,RB,ACTIVE,18.043713062,9.7
2096,2096,2096,14,1,Alvin Kamara,2,RB,ACTIVE,19.237824745,6.3
2097,2097,2097,14,1,James White,23,Flex,ACTIVE,14.748392047999998,12.400000000000002
2098,2098,2098,14,1,Tyler Boyd,4,WR,ACTIVE,13.5633217438,13.2
2099,2099,2099,14,1,Austin Hooper,21,IR,ACTIVE,14.136114264,5.2
2100,2100,2100,14,1,Michael Gallup,20,Bench,ACTIVE,11.594482610000002,16.9
2101,2101,2101,14,1,Marquise Brown,20,Bench,QUESTIONABLE,10.497866874,2.8
2102,2102,2102,14,1,Courtland Sutton,23,Flex,ACTIVE,15.911467687299998,8.4
2103,2103,2103,14,1,Tom Brady,20,Bench,ACTIVE,17.2602902996,10.76
2104,2104,2104,14,1,DeVante Parker,4,WR,ACTIVE,14.637763864,4.800000000000001
2105,2105,2105,14,1,Will Fuller V,20,Bench,QUESTIONABLE,0.0,0.0
2106,2106,2106,14,1,Jared Cook,6,TE,ACTIVE,9.679662023,20.4
2107,2107,2107,14,1,John Ross III,20,Bench,ACTIVE,8.04293827,4.800000000000001
2108,2108,2108,14,1,Ryan Tannehill,0,QB,ACTIVE,18.703794,27.54
2109,2109,2109,14,2,David Johnson,20,Bench,ACTIVE,6.350636066000001,13.3
2110,2110,2110,14,2,Brandin Cooks,23,Flex,ACTIVE,9.5704855775,0.0
2111,2111,2111,14,2,Mike Evans,4,WR,QUESTIONABLE,17.339322459,13.1
2112,2112,2112,14,2,Mark Ingram II,2,RB,ACTIVE,14.247305209000002,10.9
2113,2113,2113,14,2,Alexander Mattison,20,Bench,ACTIVE,5.881741592400001,8.4
2114,2114,2114,14,2,Kyler Murray,0,QB,ACTIVE,17.244520847,9.96
2115,2115,2115,14,2,T.Y. Hilton,21,IR,ACTIVE,0.0,0.0
2116,2116,2116,14,2,Jamison Crowder,23,Flex,ACTIVE,11.887627045,5.9
2117,2117,2117,14,2,Damien Williams,20,Bench,ACTIVE,0.0,0.0
2118,2118,2118,14,2,Jacob Hollister,6,TE,ACTIVE,9.432619932,7.4
2119,2119,2119,14,2,Rashaad Penny,20,Bench,QUESTIONABLE,8.023427873000001,2.6
2120,2120,2120,14,2,A.J. Brown,4,WR,ACTIVE,12.541937986000002,33.6
2121,2121,2121,14,2,Darrel Williams,20,Bench,QUESTIONABLE,0.0,0.0
2122,2122,2122,14,2,Raheem Mostert,2,RB,ACTIVE,5.8924568888,24.9
2123,2123,2123,14,3,Todd Gurley II,2,RB,ACTIVE,16.133636937,21.3
2124,2124,2124,14,3,Keenan Allen,4,WR,ACTIVE,14.143680264800002,13.3
2125,2125,2125,14,3,Tyler Lockett,4,WR,ACTIVE,13.5814882779,8.3
2126,2126,2126,14,3,Adam Thielen,20,Bench,ACTIVE,0.0,0.0
2127,2127,2127,14,3,Carson Wentz,0,QB,QUESTIONABLE,18.94886598,19.9
2128,2128,2128,14,3,Robby Anderson,23,Flex,ACTIVE,10.93780096,25.1
2129,2129,2129,14,3,Kenyan Drake,23,Flex,ACTIVE,14.544968297,9.7
2130,2130,2130,14,3,Derrius Guice,20,Bench,ACTIVE,9.416056708,4.2
2131,2131,2131,14,3,Hunter Henry,6,TE,ACTIVE,13.409391107,11.9
2132,2132,2132,14,3,Kareem Hunt,2,RB,ACTIVE,13.283615259,14.8
2133,2133,2133,14,3,Kenny Stills,20,Bench,ACTIVE,10.677260643000002,2.8
2134,2134,2134,14,3,Mike Gesicki,20,Bench,ACTIVE,9.411957251,1.6
2135,2135,2135,14,3,Sam Darnold,20,Bench,ACTIVE,16.6639505709,17.1
2136,2136,2136,14,5,Christian McCaffrey,2,RB,ACTIVE,28.227760358,24.5
2137,2137,2137,14,5,Patrick Mahomes,20,Bench,ACTIVE,18.490226408,13.92
2138,2138,2138,14,5,Chris Carson,2,RB,QUESTIONABLE,15.026550761,12.1
2139,2139,2139,14,5,Dede Westbrook,23,Flex,ACTIVE,10.5809888502,8.5
2140,2140,2140,14,5,Lamar Jackson,0,QB,ACTIVE,22.374794685,19.8
2141,2141,2141,14,5,Sammy Watkins,4,WR,ACTIVE,8.9261881365,9.0
2142,2142,2142,14,5,Curtis Samuel,4,WR,ACTIVE,11.776856292700002,6.2
2143,2143,2143,14,5,Marvin Jones Jr.,23,Flex,QUESTIONABLE,13.548935204,6.800000000000001
2144,2144,2144,14,5,Tyrell Williams,20,Bench,QUESTIONABLE,10.546340613,6.5
2145,2145,2145,14,5,Jack Doyle,6,TE,ACTIVE,9.821066908,4.7
2146,2146,2146,14,5,Allen Lazard,20,Bench,ACTIVE,6.4123054947,3.9
2147,2147,2147,14,5,Nyheim Hines,20,Bench,ACTIVE,8.48032104,4.5
2148,2148,2148,14,5,Cole Beasley,20,Bench,ACTIVE,10.829869591,14.9
2149,2149,2149,14,6,Julian Edelman,23,Flex,QUESTIONABLE,17.4896573082,24.3
2150,2150,2150,14,6,Evan Engram,21,IR,QUESTIONABLE,0.0,0.0
2151,2151,2151,14,6,Leonard Fournette,2,RB,QUESTIONABLE,21.276387968,9.3
2152,2152,2152,14,6,James Conner,20,Bench,QUESTIONABLE,0.0,0.0
2153,2153,2153,14,6,DJ Moore,4,WR,QUESTIONABLE,16.889702917699996,12.1
2154,2154,2154,14,6,Alshon Jeffery,20,Bench,QUESTIONABLE,13.824377825,0.0
2155,2155,2155,14,6,Allen Robinson II,4,WR,ACTIVE,14.384178971,21.8
2156,2156,2156,14,6,Dak Prescott,0,QB,ACTIVE,17.29948222,17.46
2157,2157,2157,14,6,DJ Chark Jr.,23,Flex,ACTIVE,13.3726079757,16.5
2158,2158,2158,14,6,Gerald Everett,20,Bench,ACTIVE,0.0,0.0
2159,2159,2159,14,6,Latavius Murray,2,RB,ACTIVE,6.919010321800001,11.4
2160,2160,2160,14,6,Ryquell Armstead,20,Bench,ACTIVE,2.2206124449999995,0.7000000000000001
2161,2161,2161,14,6,Patrick Laird,20,Bench,ACTIVE,9.921339637,12.6
2162,2162,2162,14,6,Jay Ajayi,20,Bench,ACTIVE,5.9107169225,0.5
2163,2163,2163,14,7,Julio Jones,4,WR,ACTIVE,16.904154096100005,11.6
2164,2164,2164,14,7,Tyreek Hill,23,Flex,ACTIVE,16.5254318201,13.0
2165,2165,2165,14,7,Robert Woods,4,WR,ACTIVE,13.6932580065,25.700000000000003
2166,2166,2166,14,7,Sony Michel,2,RB,ACTIVE,11.0415440115,1.9
2167,2167,2167,14,7,Phillip Lindsay,2,RB,QUESTIONABLE,14.349272252000002,13.500000000000002
2168,2168,2168,14,7,Matt Ryan,20,Bench,ACTIVE,19.151980542,21.32
2169,2169,2169,14,7,Larry Fitzgerald,20,Bench,ACTIVE,9.276682289,5.0
2170,2170,2170,14,7,Tevin Coleman,23,Flex,ACTIVE,11.724438393,0.6000000000000001
2171,2171,2171,14,7,Vance McDonald,20,Bench,ACTIVE,9.244965478,1.3
2172,2172,2172,14,7,Jaylen Samuels,20,Bench,ACTIVE,9.708484203,5.4
2173,2173,2173,14,7,Mark Andrews,6,TE,ACTIVE,12.145670889,2.4000000000000004
2174,2174,2174,14,7,Kirk Cousins,0,QB,ACTIVE,18.1122256993,13.58
2175,2175,2175,14,7,Darwin Thompson,20,Bench,ACTIVE,7.264385686,8.3
2176,2176,2176,14,8,Le'Veon Bell,2,RB,ACTIVE,0.0,0.0
2177,2177,2177,14,8,Aaron Rodgers,0,QB,ACTIVE,18.426213513,11.4
2178,2178,2178,14,8,Michael Thomas,4,WR,ACTIVE,21.416080576,30.4
2179,2179,2179,14,8,Josh Jacobs,2,RB,QUESTIONABLE,0.0,0.0
2180,2180,2180,14,8,Marlon Mack,23,Flex,ACTIVE,13.0904310209,9.8
2181,2181,2181,14,8,Mike Williams,4,WR,ACTIVE,10.1983602178,14.3
2182,2182,2182,14,8,Mohamed Sanu Sr.,20,Bench,QUESTIONABLE,7.4631498889,2.3
2183,2183,2183,14,8,Adam Humphries,20,Bench,ACTIVE,0.0,0.0
2184,2184,2184,14,8,Chris Conley,20,Bench,ACTIVE,8.676244388,1.7000000000000002
2185,2185,2185,14,8,Jordan Howard,23,Flex,QUESTIONABLE,0.0,0.0
2186,2186,2186,14,8,Eric Ebron,20,Bench,QUESTIONABLE,0.0,0.0
2187,2187,2187,14,8,Jacoby Brissett,20,Bench,ACTIVE,17.685416434000004,22.64
2188,2188,2188,14,8,Kyle Rudolph,6,TE,ACTIVE,9.860890489,3.1
2189,2189,2189,14,9,Travis Kelce,6,TE,ACTIVE,16.176647934,18.0
2190,2190,2190,14,9,Stefon Diggs,23,Flex,ACTIVE,13.266169992599998,15.2
2191,2191,2191,14,9,Chris Godwin,4,WR,QUESTIONABLE,16.791179014999997,16.1
2192,2192,2192,14,9,Nick Chubb,2,RB,ACTIVE,18.437965775999995,12.7
2193,2193,2193,14,9,Aaron Jones,2,RB,ACTIVE,16.384448003,31.2
2194,2194,2194,14,9,Duke Johnson,20,Bench,ACTIVE,9.98478956,10.5
2195,2195,2195,14,9,John Brown,4,WR,ACTIVE,13.253865010999998,5.6
2196,2196,2196,14,9,Golden Tate,20,Bench,ACTIVE,10.8585208151,2.1
2197,2197,2197,14,9,Jimmy Garoppolo,20,Bench,ACTIVE,16.0254228949,28.06
2198,2198,2198,14,9,Jamaal Williams,20,Bench,ACTIVE,11.441167706000002,2.4000000000000004
2199,2199,2199,14,9,Benny Snell Jr.,20,Bench,ACTIVE,10.247190488,2.1000000000000005
2200,2200,2200,14,9,Ryan Fitzpatrick,0,QB,ACTIVE,16.055854505000003,14.3
2201,2201,2201,14,9,Bilal Powell,23,Flex,ACTIVE,12.43862212,10.8
2202,2202,2202,14,10,Melvin Gordon,2,RB,ACTIVE,15.678814301,19.4
2203,2203,2203,14,10,JuJu Smith-Schuster,23,Flex,ACTIVE,0.0,0.0
2204,2204,2204,14,10,Odell Beckham Jr.,4,WR,QUESTIONABLE,13.7007541231,5.9
2205,2205,2205,14,10,Cooper Kupp,4,WR,ACTIVE,14.209900357300002,14.5
2206,2206,2206,14,10,Matt Breida,20,Bench,ACTIVE,7.846994865999999,6.800000000000001
2207,2207,2207,14,10,Devin Singletary,23,Flex,ACTIVE,13.576815016,17.8
2208,2208,2208,14,10,Russell Wilson,0,QB,ACTIVE,19.800229448000003,10.6
2209,2209,2209,14,10,Dallas Goedert,6,TE,ACTIVE,9.037433163,7.1000000000000005
2210,2210,2210,14,10,Tony Pollard,20,Bench,ACTIVE,0.0,0.0
2211,2211,2211,14,10,Bo Scarbrough,2,RB,ACTIVE,8.5788576413,8.0
2212,2212,2212,14,10,Noah Fant,20,Bench,ACTIVE,8.552430635,21.3
2213,2213,2213,14,10,Zach Pascal,20,Bench,ACTIVE,11.382146903,20.4
2214,2214,2214,14,10,James Washington,20,Bench,ACTIVE,10.900276086000002,7.300000000000001
2215,2215,2215,14,11,Ezekiel Elliott,2,RB,ACTIVE,18.83005973,23.3
2216,2216,2216,14,11,DeAndre Hopkins,4,WR,QUESTIONABLE,17.018723064,26.2
2217,2217,2217,14,11,Joe Mixon,2,RB,ACTIVE,13.864591144,27.6
2218,2218,2218,14,11,Calvin Ridley,23,Flex,QUESTIONABLE,13.1530502468,18.6
2219,2219,2219,14,11,Deshaun Watson,0,QB,ACTIVE,19.463372322,28.08
2220,2220,2220,14,11,Jarvis Landry,4,WR,QUESTIONABLE,14.797598654,11.6
2221,2221,2221,14,11,Ronald Jones II,20,Bench,ACTIVE,9.234086017,9.9
2222,2222,2222,14,11,DK Metcalf,23,Flex,ACTIVE,13.0977624585,13.8
2223,2223,2223,14,11,Philip Rivers,20,Bench,ACTIVE,14.7204787019,24.56
2224,2224,2224,14,11,DeSean Jackson,21,IR,ACTIVE,0.0,0.0
2225,2225,2225,14,11,Carlos Hyde,20,Bench,ACTIVE,11.034420665600004,9.8
2226,2226,2226,14,11,Jason Witten,6,TE,ACTIVE,8.115155642000001,8.7
2227,2227,2227,14,11,Demaryius Thomas,20,Bench,QUESTIONABLE,8.280900390000001,10.8
2228,2228,2228,14,11,Kaden Smith,20,Bench,ACTIVE,9.841695569,2.9
2229,2229,2229,14,12,Davante Adams,4,WR,ACTIVE,16.964162144000003,8.100000000000001
2230,2230,2230,14,12,Dalvin Cook,2,RB,ACTIVE,23.422816493000003,15.5
2231,2231,2231,14,12,Kenny Golladay,4,WR,ACTIVE,14.127346661,17.8
2232,2232,2232,14,12,Tarik Cohen,2,RB,ACTIVE,10.924272076,9.1
2233,2233,2233,14,12,Miles Sanders,23,Flex,QUESTIONABLE,16.340711891,10.9
2234,2234,2234,14,12,Christian Kirk,23,Flex,ACTIVE,12.4960576283,16.9
2235,2235,2235,14,12,Royce Freeman,20,Bench,ACTIVE,8.580868279,11.2
2236,2236,2236,14,12,Darren Waller,6,TE,QUESTIONABLE,14.062032806,11.2
2237,2237,2237,14,12,Josh Allen,20,Bench,ACTIVE,18.740664978,10.74
2238,2238,2238,14,12,Sterling Shepard,20,Bench,ACTIVE,13.270262616099998,7.6
2239,2239,2239,14,12,Deebo Samuel,20,Bench,ACTIVE,11.0443198106,15.900000000000002
2240,2240,2240,14,12,Darius Slayton,20,Bench,ACTIVE,13.300930072,32.4
2241,2241,2241,14,12,Jared Goff,0,QB,ACTIVE,14.3986340996,16.12
2242,2242,2242,14,13,Derrick Henry,2,RB,ACTIVE,18.817596998,23.9
2243,2243,2243,14,13,George Kittle,23,Flex,ACTIVE,17.158086114,18.7
2244,2244,2244,14,13,Amari Cooper,4,WR,ACTIVE,15.049035519,20.3
2245,2245,2245,14,13,Zach Ertz,6,TE,QUESTIONABLE,14.473268047,30.1
2246,2246,2246,14,13,Devonta Freeman,2,RB,ACTIVE,16.448605328,19.4
2247,2247,2247,14,13,A.J. Green,21,IR,QUESTIONABLE,0.0,0.0
2248,2248,2248,14,13,Drew Brees,20,Bench,ACTIVE,16.1308720181,40.06
2249,2249,2249,14,13,Emmanuel Sanders,4,WR,ACTIVE,11.977581828000002,34.1
2250,2250,2250,14,13,LeSean McCoy,20,Bench,ACTIVE,12.346095228,5.300000000000001
2251,2251,2251,14,13,Austin Ekeler,23,Flex,ACTIVE,15.028621735,31.300000000000004
2252,2252,2252,14,13,Terry McLaurin,20,Bench,QUESTIONABLE,10.936475147,15.7
2253,2253,2253,14,13,Jameis Winston,0,QB,QUESTIONABLE,18.298559974,34.74
2254,2254,2254,14,13,David Montgomery,20,Bench,ACTIVE,10.766135493,6.6
2255,2255,2255,14,13,Randall Cobb,20,Bench,ACTIVE,9.9778253462,6.3
2256,2256,2256,15,1,Saquon Barkley,2,RB,ACTIVE,20.074083927,30.300000000000004
2257,2257,2257,15,1,Alvin Kamara,2,RB,ACTIVE,18.622884473,13.900000000000002
2258,2258,2258,15,1,James White,23,Flex,ACTIVE,15.264690876,15.2
2259,2259,2259,15,1,Tyler Boyd,4,WR,ACTIVE,12.8289588277,5.6
2260,2260,2260,15,1,Austin Hooper,21,IR,ACTIVE,13.312205852,5.0
2261,2261,2261,15,1,Michael Gallup,23,Flex,ACTIVE,12.494141341,1.6
2262,2262,2262,15,1,Marquise Brown,20,Bench,QUESTIONABLE,9.461330762,14.5
2263,2263,2263,15,1,Courtland Sutton,4,WR,ACTIVE,14.5096452686,11.9
2264,2264,2264,15,1,Tom Brady,20,Bench,ACTIVE,17.071347101600004,12.92
2265,2265,2265,15,1,DeVante Parker,20,Bench,ACTIVE,13.981115216,23.2
2266,2266,2266,15,1,Will Fuller V,20,Bench,QUESTIONABLE,13.368606346,11.1
2267,2267,2267,15,1,Jared Cook,6,TE,ACTIVE,11.526436834999998,9.4
2268,2268,2268,15,1,John Ross III,20,Bench,ACTIVE,8.413822708,4.4
2269,2269,2269,15,1,Ryan Tannehill,0,QB,ACTIVE,19.085690765000003,24.16
2270,2270,2270,15,2,David Johnson,20,Bench,ACTIVE,6.583083162,0.6000000000000001
2271,2271,2271,15,2,Brandin Cooks,23,Flex,ACTIVE,6.7266125219,8.600000000000001
2272,2272,2272,15,2,Mike Evans,4,WR,QUESTIONABLE,0.0,0.0
2273,2273,2273,15,2,Mark Ingram II,2,RB,ACTIVE,15.857720016999998,23.6
2274,2274,2274,15,2,Alexander Mattison,20,Bench,ACTIVE,0.0,0.0
2275,2275,2275,15,2,Kyler Murray,0,QB,ACTIVE,19.119837922,16.36
2276,2276,2276,15,2,T.Y. Hilton,21,IR,ACTIVE,13.947319643,6.5
2277,2277,2277,15,2,Jamison Crowder,23,Flex,ACTIVE,11.255399692,27.0
2278,2278,2278,15,2,Damien Williams,20,Bench,ACTIVE,0.0,0.0
2279,2279,2279,15,2,Jacob Hollister,6,TE,ACTIVE,9.577616128,5.300000000000001
2280,2280,2280,15,2,Rashaad Penny,20,Bench,QUESTIONABLE,0.0,0.0
2281,2281,2281,15,2,A.J. Brown,4,WR,ACTIVE,12.9817671154,25.4
2282,2282,2282,15,2,Darrel Williams,20,Bench,QUESTIONABLE,0.0,0.0
2283,2283,2283,15,2,Raheem Mostert,2,RB,ACTIVE,10.95204331,10.9
2284,2284,2284,15,3,Todd Gurley II,2,RB,ACTIVE,16.402689427,20.8
2285,2285,2285,15,3,Keenan Allen,4,WR,ACTIVE,13.6879117771,18.9
2286,2286,2286,15,3,Tyler Lockett,4,WR,ACTIVE,13.617311225800002,26.0
2287,2287,2287,15,3,Adam Thielen,23,Flex,ACTIVE,15.7985423332,6.0
2288,2288,2288,15,3,Carson Wentz,0,QB,QUESTIONABLE,17.762270974000003,21.54
2289,2289,2289,15,3,Robby Anderson,23,Flex,ACTIVE,11.490971842000002,12.6
2290,2290,2290,15,3,Kenyan Drake,20,Bench,ACTIVE,14.590983589,39.6
2291,2291,2291,15,3,Derrius Guice,20,Bench,ACTIVE,0.0,0.0
2292,2292,2292,15,3,Hunter Henry,6,TE,ACTIVE,12.138231828,2.9000000000000004
2293,2293,2293,15,3,Kareem Hunt,2,RB,ACTIVE,13.449456008,15.6
2294,2294,2294,15,3,Kenny Stills,20,Bench,ACTIVE,8.514014378,18.5
2295,2295,2295,15,3,Mike Gesicki,20,Bench,ACTIVE,8.719891177000001,8.7
2296,2296,2296,15,3,Sam Darnold,20,Bench,ACTIVE,12.695171449500002,15.82
2297,2297,2297,15,5,Christian McCaffrey,2,RB,ACTIVE,27.440669571000004,37.5
2298,2298,2298,15,5,Patrick Mahomes,20,Bench,ACTIVE,18.56945718,22.7
2299,2299,2299,15,5,Chris Carson,2,RB,QUESTIONABLE,17.755668601,26.7
2300,2300,2300,15,5,Dede Westbrook,23,Flex,ACTIVE,12.7599054239,4.1000000000000005
2301,2301,2301,15,5,Lamar Jackson,0,QB,ACTIVE,24.380090156,37.08
2302,2302,2302,15,5,Sammy Watkins,20,Bench,ACTIVE,9.0286627139,9.9
2303,2303,2303,15,5,Curtis Samuel,4,WR,ACTIVE,11.2640181263,16.400000000000002
2304,2304,2304,15,5,Marvin Jones Jr.,21,IR,QUESTIONABLE,0.0,0.0
2305,2305,2305,15,5,Tyrell Williams,4,WR,QUESTIONABLE,9.983930224000002,12.5
2306,2306,2306,15,5,Jack Doyle,6,TE,ACTIVE,9.979783927,4.1
2307,2307,2307,15,5,Allen Lazard,20,Bench,ACTIVE,6.5963504759,3.4000000000000004
2308,2308,2308,15,5,Nyheim Hines,20,Bench,ACTIVE,8.994510122,3.2
2309,2309,2309,15,5,Cole Beasley,23,Flex,ACTIVE,10.346315971,1.6
2310,2310,2310,15,6,Julian Edelman,23,Flex,QUESTIONABLE,17.7060764354,2.9
2311,2311,2311,15,6,Evan Engram,21,IR,QUESTIONABLE,0.0,0.0
2312,2312,2312,15,6,Leonard Fournette,2,RB,QUESTIONABLE,21.814348138,12.3
2313,2313,2313,15,6,James Conner,23,Flex,QUESTIONABLE,7.653425419,15.1
2314,2314,2314,15,6,DJ Moore,4,WR,QUESTIONABLE,16.5244932255,20.3
2315,2315,2315,15,6,Allen Robinson II,4,WR,ACTIVE,15.602586243,19.5
2316,2316,2316,15,6,Dak Prescott,0,QB,ACTIVE,18.705460399,17.68
2317,2317,2317,15,6,DJ Chark Jr.,20,Bench,ACTIVE,0.0,0.0
2318,2318,2318,15,6,Gerald Everett,20,Bench,ACTIVE,0.0,0.0
2319,2319,2319,15,6,Latavius Murray,20,Bench,ACTIVE,8.406598721000002,6.9
2320,2320,2320,15,6,Patrick Laird,2,RB,ACTIVE,13.084697534,7.4
2321,2321,2321,15,6,Anthony Miller,20,Bench,QUESTIONABLE,10.9318182728,26.8
2322,2322,2322,15,6,Tyler Higbee,6,TE,ACTIVE,10.944904954999998,23.1
2323,2323,2323,15,6,Dion Lewis,20,Bench,ACTIVE,4.846705514000001,9.1
2324,2324,2324,15,7,Julio Jones,4,WR,ACTIVE,16.533874790000002,38.4
2325,2325,2325,15,7,Tyreek Hill,23,Flex,ACTIVE,17.898169122600002,23.8
2326,2326,2326,15,7,Robert Woods,4,WR,ACTIVE,15.1950937633,5.7
2327,2327,2327,15,7,Sony Michel,2,RB,ACTIVE,8.698126429400002,11.3
2328,2328,2328,15,7,Phillip Lindsay,2,RB,QUESTIONABLE,13.850685345000002,3.2
2329,2329,2329,15,7,Matt Ryan,20,Bench,ACTIVE,15.7973979895,19.1
2330,2330,2330,15,7,Larry Fitzgerald,20,Bench,ACTIVE,9.952472311,7.2
2331,2331,2331,15,7,Tevin Coleman,23,Flex,ACTIVE,9.791260731,4.0
2332,2332,2332,15,7,Vance McDonald,20,Bench,ACTIVE,0.0,0.0
2333,2333,2333,15,7,Jaylen Samuels,20,Bench,ACTIVE,6.643748602000001,1.4
2334,2334,2334,15,7,Mark Andrews,6,TE,ACTIVE,11.617745104,15.2
2335,2335,2335,15,7,Kirk Cousins,0,QB,ACTIVE,15.569892208,11.68
2336,2336,2336,15,7,Darwin Thompson,20,Bench,ACTIVE,6.596907073000001,4.9
2337,2337,2337,15,8,Le'Veon Bell,2,RB,ACTIVE,14.603300862,10.8
2338,2338,2338,15,8,Aaron Rodgers,20,Bench,ACTIVE,17.872779129,14.420000000000002
2339,2339,2339,15,8,Michael Thomas,4,WR,ACTIVE,24.287187257000003,30.8
2340,2340,2340,15,8,Josh Jacobs,2,RB,QUESTIONABLE,18.655671919,12.9
2341,2341,2341,15,8,Marlon Mack,23,Flex,ACTIVE,11.7266495167,1.9
2342,2342,2342,15,8,Mike Williams,4,WR,ACTIVE,11.1186842755,17.1
2343,2343,2343,15,8,Mohamed Sanu Sr.,20,Bench,QUESTIONABLE,6.6233700177,3.3
2344,2344,2344,15,8,Adam Humphries,20,Bench,ACTIVE,0.0,0.0
2345,2345,2345,15,8,Chris Conley,20,Bench,ACTIVE,11.26300514,20.9
2346,2346,2346,15,8,Jordan Howard,23,Flex,QUESTIONABLE,0.0,0.0
2347,2347,2347,15,8,Eric Ebron,20,Bench,QUESTIONABLE,0.0,0.0
2348,2348,2348,15,8,Jacoby Brissett,0,QB,ACTIVE,17.911519845,7.300000000000001
2349,2349,2349,15,8,Kyle Rudolph,6,TE,ACTIVE,7.433656703,7.800000000000001
2350,2350,2350,15,9,Travis Kelce,6,TE,ACTIVE,15.387154095,25.200000000000003
2351,2351,2351,15,9,Stefon Diggs,23,Flex,ACTIVE,12.149154305,12.0
2352,2352,2352,15,9,Chris Godwin,4,WR,QUESTIONABLE,19.945435376,17.1
2353,2353,2353,15,9,Nick Chubb,2,RB,ACTIVE,16.807146198,23.800000000000004
2354,2354,2354,15,9,Aaron Jones,2,RB,ACTIVE,16.131794968,17.1
2355,2355,2355,15,9,Duke Johnson,20,Bench,ACTIVE,9.972828608,4.3
2356,2356,2356,15,9,John Brown,23,Flex,ACTIVE,12.413609999,16.9
2357,2357,2357,15,9,Golden Tate,4,WR,ACTIVE,11.113692755,12.1
2358,2358,2358,15,9,Jimmy Garoppolo,0,QB,ACTIVE,18.3161427378,12.6
2359,2359,2359,15,9,Jamaal Williams,20,Bench,ACTIVE,10.25019302,4.3
2360,2360,2360,15,9,Ryan Fitzpatrick,20,Bench,ACTIVE,17.375858848,20.46
2361,2361,2361,15,9,DeAndre Washington,20,Bench,ACTIVE,5.96935588,4.2
2362,2362,2362,15,9,Danny Amendola,20,Bench,ACTIVE,10.234416476000002,18.200000000000003
2363,2363,2363,15,10,Melvin Gordon,2,RB,ACTIVE,16.127961530000004,7.4
2364,2364,2364,15,10,JuJu Smith-Schuster,23,Flex,ACTIVE,0.0,0.0
2365,2365,2365,15,10,Odell Beckham Jr.,4,WR,QUESTIONABLE,15.400092521400005,14.6
2366,2366,2366,15,10,Cooper Kupp,4,WR,ACTIVE,12.087134248999998,16.1
2367,2367,2367,15,10,Matt Breida,20,Bench,ACTIVE,6.8374319412,1.7000000000000002
2368,2368,2368,15,10,Devin Singletary,23,Flex,ACTIVE,13.127009267,8.9
2369,2369,2369,15,10,Russell Wilson,0,QB,ACTIVE,20.165958712,19.34
2370,2370,2370,15,10,Dallas Goedert,6,TE,ACTIVE,9.188512366,10.5
2371,2371,2371,15,10,Tony Pollard,20,Bench,ACTIVE,4.4847516257,22.3
2372,2372,2372,15,10,Bo Scarbrough,2,RB,ACTIVE,0.0,0.0
2373,2373,2373,15,10,Noah Fant,20,Bench,ACTIVE,8.253358812,7.6
2374,2374,2374,15,10,Zach Pascal,20,Bench,ACTIVE,9.47104025,8.4
2375,2375,2375,15,10,James Washington,20,Bench,ACTIVE,9.907827617,13.3
2376,2376,2376,15,11,Ezekiel Elliott,2,RB,ACTIVE,18.690170029,31.000000000000004
2377,2377,2377,15,11,DeAndre Hopkins,4,WR,QUESTIONABLE,20.062674256000005,17.9
2378,2378,2378,15,11,Joe Mixon,2,RB,ACTIVE,13.674495505,18.6
2379,2379,2379,15,11,Calvin Ridley,20,Bench,QUESTIONABLE,0.0,0.0
2380,2380,2380,15,11,Deshaun Watson,0,QB,ACTIVE,21.572966864,16.92
2381,2381,2381,15,11,Jarvis Landry,4,WR,QUESTIONABLE,15.531447404,7.300000000000001
2382,2382,2382,15,11,Ronald Jones II,20,Bench,ACTIVE,10.557634378,5.9
2383,2383,2383,15,11,DK Metcalf,23,Flex,ACTIVE,12.8706117872,11.6
2384,2384,2384,15,11,Philip Rivers,20,Bench,ACTIVE,13.8254753368,8.280000000000001
2385,2385,2385,15,11,DeSean Jackson,21,IR,ACTIVE,0.0,0.0
2386,2386,2386,15,11,Carlos Hyde,20,Bench,ACTIVE,9.1086143375,16.4
2387,2387,2387,15,11,Jason Witten,6,TE,ACTIVE,8.565299972000002,13.6
2388,2388,2388,15,11,Kaden Smith,20,Bench,ACTIVE,11.161692883,6.800000000000001
2389,2389,2389,15,11,Breshad Perriman,23,Flex,ACTIVE,9.678859932000002,34.6
2390,2390,2390,15,12,Davante Adams,4,WR,ACTIVE,16.782151993999996,23.3
2391,2391,2391,15,12,Dalvin Cook,2,RB,ACTIVE,19.682847137000003,7.300000000000001
2392,2392,2392,15,12,Kenny Golladay,4,WR,ACTIVE,15.098383936,7.4
2393,2393,2393,15,12,Tarik Cohen,20,Bench,ACTIVE,11.522445277,15.5
2394,2394,2394,15,12,Miles Sanders,2,RB,QUESTIONABLE,14.185248791000005,35.2
2395,2395,2395,15,12,Christian Kirk,23,Flex,ACTIVE,13.6778500009,10.1
2396,2396,2396,15,12,Royce Freeman,20,Bench,ACTIVE,8.336203358,6.6000000000000005
2397,2397,2397,15,12,Darren Waller,6,TE,QUESTIONABLE,13.300743647,20.200000000000003
2398,2398,2398,15,12,Josh Allen,20,Bench,ACTIVE,16.255921436999998,16.36
2399,2399,2399,15,12,Sterling Shepard,20,Bench,ACTIVE,12.4098386865,20.1
2400,2400,2400,15,12,Deebo Samuel,20,Bench,ACTIVE,11.710032474900002,4.7
2401,2401,2401,15,12,Darius Slayton,23,Flex,ACTIVE,13.529585251000002,11.1
2402,2402,2402,15,12,Jared Goff,0,QB,ACTIVE,14.7652143083,17.56
2403,2403,2403,15,13,Derrick Henry,2,RB,ACTIVE,19.246057248,8.6
2404,2404,2404,15,13,George Kittle,23,Flex,ACTIVE,16.306018202399997,26.4
2405,2405,2405,15,13,Amari Cooper,4,WR,ACTIVE,15.59037628,2.9000000000000004
2406,2406,2406,15,13,Zach Ertz,6,TE,QUESTIONABLE,14.215947139000004,17.1
2407,2407,2407,15,13,Devonta Freeman,2,RB,ACTIVE,13.298601854,7.5
2408,2408,2408,15,13,A.J. Green,21,IR,QUESTIONABLE,0.0,0.0
2409,2409,2409,15,13,Drew Brees,20,Bench,ACTIVE,20.1043818807,28.28
2410,2410,2410,15,13,Emmanuel Sanders,4,WR,ACTIVE,13.559243248,2.9
2411,2411,2411,15,13,LeSean McCoy,20,Bench,ACTIVE,10.50476454,1.6
2412,2412,2412,15,13,Austin Ekeler,23,Flex,ACTIVE,15.957650656,13.1
2413,2413,2413,15,13,Terry McLaurin,20,Bench,QUESTIONABLE,12.65492934,24.0
2414,2414,2414,15,13,Jameis Winston,0,QB,QUESTIONABLE,20.997367466,32.72
2415,2415,2415,15,13,David Montgomery,20,Bench,ACTIVE,11.635304743,5.9
2416,2416,2416,15,13,Randall Cobb,20,Bench,ACTIVE,10.5775322855,0.7
2417,2417,2417,16,1,Saquon Barkley,2,RB,ACTIVE,19.281497833000003,43.900000000000006
2418,2418,2418,16,1,Alvin Kamara,23,Flex,ACTIVE,18.047549205,29.0
2419,2419,2419,16,1,James White,2,RB,ACTIVE,13.446343007,6.9
2420,2420,2420,16,1,Tyler Boyd,4,WR,ACTIVE,13.4829242058,33.8
2421,2421,2421,16,1,Austin Hooper,20,Bench,ACTIVE,13.568879252000002,15.2
2422,2422,2422,16,1,Michael Gallup,20,Bench,ACTIVE,11.908727713,14.8
2423,2423,2423,16,1,Marquise Brown,20,Bench,QUESTIONABLE,10.313760986,1.6
2424,2424,2424,16,1,Courtland Sutton,4,WR,ACTIVE,15.0011144099,9.1
2425,2425,2425,16,1,DeVante Parker,23,Flex,ACTIVE,14.958756926,22.1
2426,2426,2426,16,1,Will Fuller V,20,Bench,QUESTIONABLE,14.203648224999998,3.1
2427,2427,2427,16,1,Jared Cook,6,TE,ACTIVE,12.039440556,23.4
2428,2428,2428,16,1,Ryan Tannehill,0,QB,ACTIVE,17.728094861000002,23.68
2429,2429,2429,16,1,Greg Ward Jr.,20,Bench,ACTIVE,11.821933392999998,11.6
2430,2430,2430,16,2,David Johnson,20,Bench,ACTIVE,5.267644249000001,1.7000000000000002
2431,2431,2431,16,2,Brandin Cooks,23,Flex,ACTIVE,8.036317943400002,13.9
2432,2432,2432,16,2,Mike Evans,4,WR,QUESTIONABLE,0.0,0.0
2433,2433,2433,16,2,Mark Ingram II,2,RB,ACTIVE,16.146369942000003,17.1
2434,2434,2434,16,2,Alexander Mattison,20,Bench,ACTIVE,0.0,0.0
2435,2435,2435,16,2,Kyler Murray,0,QB,ACTIVE,18.047024925,12.72
2436,2436,2436,16,2,T.Y. Hilton,21,IR,ACTIVE,12.974169281,5.6
2437,2437,2437,16,2,Jamison Crowder,23,Flex,ACTIVE,11.313728375,10.0
2438,2438,2438,16,2,Damien Williams,20,Bench,ACTIVE,9.284528317,18.2
2439,2439,2439,16,2,Jacob Hollister,6,TE,ACTIVE,10.363048501000002,11.4
2440,2440,2440,16,2,Rashaad Penny,20,Bench,QUESTIONABLE,0.0,0.0
2441,2441,2441,16,2,A.J. Brown,4,WR,ACTIVE,13.0015024019,15.3
2442,2442,2442,16,2,Darrel Williams,20,Bench,QUESTIONABLE,0.0,0.0
2443,2443,2443,16,2,Raheem Mostert,2,RB,ACTIVE,13.22864478,11.3
2444,2444,2444,16,3,Todd Gurley II,2,RB,ACTIVE,14.275057899000002,16.8
2445,2445,2445,16,3,Keenan Allen,4,WR,ACTIVE,13.7491640939,11.6
2446,2446,2446,16,3,Tyler Lockett,4,WR,ACTIVE,15.4018612472,2.2
2447,2447,2447,16,3,Adam Thielen,23,Flex,ACTIVE,14.5626430981,0.2
2448,2448,2448,16,3,Carson Wentz,0,QB,QUESTIONABLE,17.557329251,18.96
2449,2449,2449,16,3,Robby Anderson,23,Flex,ACTIVE,10.64205422,11.2
2450,2450,2450,16,3,Kenyan Drake,20,Bench,ACTIVE,14.616241635000002,33.4
2451,2451,2451,16,3,Derrius Guice,20,Bench,ACTIVE,0.0,0.0
2452,2452,2452,16,3,Hunter Henry,6,TE,ACTIVE,11.10032413,9.5
2453,2453,2453,16,3,Kareem Hunt,2,RB,ACTIVE,12.558607983,8.1
2454,2454,2454,16,3,Kenny Stills,20,Bench,ACTIVE,8.850834824,10.7
2455,2455,2455,16,3,Mike Gesicki,20,Bench,ACTIVE,9.137616254,26.200000000000003
2456,2456,2456,16,3,Sam Darnold,20,Bench,ACTIVE,12.6443630973,9.62
2457,2457,2457,16,5,Christian McCaffrey,2,RB,ACTIVE,26.594056231,32.3
2458,2458,2458,16,5,Patrick Mahomes,20,Bench,ACTIVE,20.109309328,25.44
2459,2459,2459,16,5,Chris Carson,2,RB,QUESTIONABLE,19.813095835,7.0
2460,2460,2460,16,5,Dede Westbrook,23,Flex,ACTIVE,11.6581072135,2.5
2461,2461,2461,16,5,Lamar Jackson,0,QB,ACTIVE,25.816173642000003,29.82
2462,2462,2462,16,5,Sammy Watkins,20,Bench,ACTIVE,10.0800135321,4.800000000000001
2463,2463,2463,16,5,Curtis Samuel,4,WR,ACTIVE,11.441536201800002,4.1
2464,2464,2464,16,5,Marvin Jones Jr.,21,IR,QUESTIONABLE,0.0,0.0
2465,2465,2465,16,5,Tyrell Williams,4,WR,QUESTIONABLE,9.403591965,12.2
2466,2466,2466,16,5,Jack Doyle,6,TE,ACTIVE,8.218053035,3.7
2467,2467,2467,16,5,Allen Lazard,20,Bench,ACTIVE,5.069386843,9.5
2468,2468,2468,16,5,Nyheim Hines,20,Bench,ACTIVE,8.623368498,13.6
2469,2469,2469,16,5,Cole Beasley,23,Flex,ACTIVE,10.19198717,17.8
2470,2470,2470,16,6,Julian Edelman,23,Flex,QUESTIONABLE,13.776702821700002,14.2
2471,2471,2471,16,6,Evan Engram,21,IR,QUESTIONABLE,0.0,0.0
2472,2472,2472,16,6,Leonard Fournette,2,RB,QUESTIONABLE,18.806101057000003,13.500000000000002
2473,2473,2473,16,6,James Conner,23,Flex,QUESTIONABLE,12.578905211,3.2
2474,2474,2474,16,6,DJ Moore,4,WR,QUESTIONABLE,15.2918366744,1.1
2475,2475,2475,16,6,Allen Robinson II,4,WR,ACTIVE,14.611048522000004,11.3
2476,2476,2476,16,6,Dak Prescott,0,QB,ACTIVE,19.926619923000004,11.3
2477,2477,2477,16,6,DJ Chark Jr.,20,Bench,ACTIVE,14.459575743700002,3.8
2478,2478,2478,16,6,Gerald Everett,20,Bench,ACTIVE,5.527461463000001,0.0
2479,2479,2479,16,6,Latavius Murray,20,Bench,ACTIVE,7.9790295,4.5
2480,2480,2480,16,6,Patrick Laird,2,RB,ACTIVE,12.833967822000002,2.8000000000000003
2481,2481,2481,16,6,Anthony Miller,20,Bench,QUESTIONABLE,11.149601385,1.2
2482,2482,2482,16,6,Tyler Higbee,6,TE,ACTIVE,10.104804601,19.4
2483,2483,2483,16,6,Adrian Peterson,20,Bench,ACTIVE,12.480374297000004,13.5
2484,2484,2484,16,7,Julio Jones,4,WR,ACTIVE,17.1315511438,26.6
2485,2485,2485,16,7,Tyreek Hill,23,Flex,ACTIVE,17.637564897600004,12.2
2486,2486,2486,16,7,Robert Woods,4,WR,ACTIVE,13.6153703361,20.3
2487,2487,2487,16,7,Sony Michel,2,RB,ACTIVE,9.1589813675,11.1
2488,2488,2488,16,7,Phillip Lindsay,2,RB,QUESTIONABLE,14.070672921999998,19.8
2489,2489,2489,16,7,Matt Ryan,20,Bench,ACTIVE,19.817403163,15.96
2490,2490,2490,16,7,Larry Fitzgerald,20,Bench,ACTIVE,10.836506705,14.8
2491,2491,2491,16,7,Tevin Coleman,23,Flex,ACTIVE,6.979491330000001,3.3000000000000003
2492,2492,2492,16,7,Vance McDonald,20,Bench,ACTIVE,6.6564344150000005,3.9
2493,2493,2493,16,7,Jaylen Samuels,20,Bench,ACTIVE,6.259241225,7.9
2494,2494,2494,16,7,Mark Andrews,6,TE,ACTIVE,12.533563444,27.3
2495,2495,2495,16,7,Kirk Cousins,0,QB,ACTIVE,16.5519545306,6.88
2496,2496,2496,16,7,Darwin Thompson,20,Bench,ACTIVE,3.2814276646,1.4
2497,2497,2497,16,8,Le'Veon Bell,2,RB,ACTIVE,14.642130795,13.3
2498,2498,2498,16,8,Aaron Rodgers,0,QB,ACTIVE,17.608483338000003,8.34
2499,2499,2499,16,8,Michael Thomas,4,WR,ACTIVE,25.87523059,31.6
2500,2500,2500,16,8,Josh Jacobs,20,Bench,QUESTIONABLE,0.0,0.0
2501,2501,2501,16,8,Marlon Mack,23,Flex,ACTIVE,15.1263042145,18.1
2502,2502,2502,16,8,Mike Williams,4,WR,ACTIVE,11.1864911339,8.100000000000001
2503,2503,2503,16,8,Mohamed Sanu Sr.,20,Bench,QUESTIONABLE,8.5661181359,5.4
2504,2504,2504,16,8,Adam Humphries,20,Bench,ACTIVE,0.0,0.0
2505,2505,2505,16,8,Chris Conley,23,Flex,ACTIVE,8.693558002,13.6
2506,2506,2506,16,8,Jordan Howard,20,Bench,QUESTIONABLE,0.0,0.0
2507,2507,2507,16,8,Jacoby Brissett,20,Bench,ACTIVE,17.135226135,15.659999999999998
2508,2508,2508,16,8,Kyle Rudolph,6,TE,ACTIVE,5.671445288,1.7000000000000002
2509,2509,2509,16,8,Boston Scott,2,RB,ACTIVE,12.897093847,7.9
2510,2510,2510,16,9,Travis Kelce,6,TE,ACTIVE,16.952308283,21.4
2511,2511,2511,16,9,Stefon Diggs,4,WR,ACTIVE,13.0212278119,14.7
2512,2512,2512,16,9,Nick Chubb,2,RB,ACTIVE,14.608888638000003,4.5
2513,2513,2513,16,9,Aaron Jones,2,RB,ACTIVE,15.473852999,28.0
2514,2514,2514,16,9,John Brown,20,Bench,ACTIVE,11.597301767,12.6
2515,2515,2515,16,9,Golden Tate,4,WR,ACTIVE,10.1233615327,15.6
2516,2516,2516,16,9,Jimmy Garoppolo,20,Bench,ACTIVE,16.7126315483,10.42
2517,2517,2517,16,9,Ryan Fitzpatrick,0,QB,ACTIVE,17.304815881,31.660000000000004
2518,2518,2518,16,9,DeAndre Washington,23,Flex,ACTIVE,13.649906613000002,18.6
2519,2519,2519,16,9,Danny Amendola,20,Bench,ACTIVE,11.051126812,4.1
2520,2520,2520,16,9,Mike Boone,23,Flex,ACTIVE,15.346876174999998,4.300000000000001
2521,2521,2521,16,9,O.J. Howard,20,Bench,ACTIVE,10.610670527000002,7.6
2522,2522,2522,16,9,Kerryon Johnson,20,Bench,ACTIVE,9.622318262,5.3
2523,2523,2523,16,10,Melvin Gordon,2,RB,ACTIVE,14.319818467,22.7
2524,2524,2524,16,10,JuJu Smith-Schuster,23,Flex,ACTIVE,11.010555634,4.2
2525,2525,2525,16,10,Odell Beckham Jr.,4,WR,QUESTIONABLE,12.510614014,14.4
2526,2526,2526,16,10,Cooper Kupp,4,WR,ACTIVE,11.942738181,13.1
2527,2527,2527,16,10,Matt Breida,20,Bench,ACTIVE,5.680804290200001,0.0
2528,2528,2528,16,10,Devin Singletary,23,Flex,ACTIVE,14.156797333000002,5.800000000000001
2529,2529,2529,16,10,Russell Wilson,0,QB,ACTIVE,21.950870623,10.96
2530,2530,2530,16,10,Dallas Goedert,6,TE,ACTIVE,9.757122512,24.1
2531,2531,2531,16,10,Tony Pollard,20,Bench,ACTIVE,5.315372118000001,-2.0
2532,2532,2532,16,10,Bo Scarbrough,2,RB,ACTIVE,5.4141760962,3.4000000000000004
2533,2533,2533,16,10,Noah Fant,20,Bench,ACTIVE,8.193935214,3.0
2534,2534,2534,16,10,Zach Pascal,20,Bench,ACTIVE,8.365455812,1.6
2535,2535,2535,16,10,James Washington,20,Bench,ACTIVE,9.869726931,9.1
2536,2536,2536,16,11,Ezekiel Elliott,2,RB,ACTIVE,20.074181114,15.4
2537,2537,2537,16,11,DeAndre Hopkins,4,WR,QUESTIONABLE,19.155390898,7.300000000000001
2538,2538,2538,16,11,Joe Mixon,2,RB,ACTIVE,16.884036810999998,9.3
2539,2539,2539,16,11,Calvin Ridley,20,Bench,QUESTIONABLE,0.0,0.0
2540,2540,2540,16,11,Deshaun Watson,0,QB,ACTIVE,22.078685192,9.06
2541,2541,2541,16,11,Jarvis Landry,4,WR,QUESTIONABLE,13.686453891,14.4
2542,2542,2542,16,11,Ronald Jones II,20,Bench,ACTIVE,11.047912835999998,19.9
2543,2543,2543,16,11,DK Metcalf,23,Flex,ACTIVE,12.6519357373,0.0
2544,2544,2544,16,11,Philip Rivers,20,Bench,ACTIVE,15.2271586906,11.16
2545,2545,2545,16,11,DeSean Jackson,21,IR,ACTIVE,0.0,0.0
2546,2546,2546,16,11,Carlos Hyde,20,Bench,ACTIVE,9.8644463827,10.7
2547,2547,2547,16,11,Jason Witten,6,TE,ACTIVE,9.426926989,3.4000000000000004
2548,2548,2548,16,11,Kaden Smith,20,Bench,ACTIVE,8.524659922000001,21.5
2549,2549,2549,16,11,Breshad Perriman,23,Flex,ACTIVE,13.7289689586,17.200000000000003
2550,2550,2550,16,12,Davante Adams,4,WR,ACTIVE,17.81289624,22.6
2551,2551,2551,16,12,Dalvin Cook,20,Bench,ACTIVE,0.0,0.0
2552,2552,2552,16,12,Kenny Golladay,4,WR,ACTIVE,13.240027278,18.6
2553,2553,2553,16,12,Tarik Cohen,2,RB,ACTIVE,13.230796336,6.3
2554,2554,2554,16,12,Miles Sanders,2,RB,QUESTIONABLE,16.136683916000003,26.6
2555,2555,2555,16,12,Christian Kirk,23,Flex,ACTIVE,13.449996557100002,0.9
2556,2556,2556,16,12,Royce Freeman,20,Bench,ACTIVE,9.647340925,11.7
2557,2557,2557,16,12,Darren Waller,6,TE,QUESTIONABLE,14.309828959,7.7
2558,2558,2558,16,12,Josh Allen,20,Bench,ACTIVE,14.846877233,20.62
2559,2559,2559,16,12,Sterling Shepard,20,Bench,ACTIVE,12.4879081128,19.6
2560,2560,2560,16,12,Deebo Samuel,20,Bench,ACTIVE,11.1406673974,15.9
2561,2561,2561,16,12,Darius Slayton,23,Flex,ACTIVE,12.342723253,0.0
2562,2562,2562,16,12,Jared Goff,0,QB,ACTIVE,13.5804893998,20.12
2563,2563,2563,16,13,Derrick Henry,2,RB,ACTIVE,0.0,0.0
2564,2564,2564,16,13,George Kittle,23,Flex,ACTIVE,16.697646732200003,18.9
2565,2565,2565,16,13,Amari Cooper,4,WR,ACTIVE,15.759614968,6.4
2566,2566,2566,16,13,Zach Ertz,6,TE,QUESTIONABLE,15.22670735,6.800000000000001
2567,2567,2567,16,13,Devonta Freeman,2,RB,ACTIVE,16.994905881,33.7
2568,2568,2568,16,13,A.J. Green,21,IR,QUESTIONABLE,0.0,0.0
2569,2569,2569,16,13,Drew Brees,20,Bench,ACTIVE,19.9661427555,22.86
2570,2570,2570,16,13,Emmanuel Sanders,4,WR,ACTIVE,12.232978076,9.1
2571,2571,2571,16,13,LeSean McCoy,20,Bench,ACTIVE,0.0,0.0
2572,2572,2572,16,13,Austin Ekeler,23,Flex,ACTIVE,16.054582077,11.9
2573,2573,2573,16,13,Terry McLaurin,20,Bench,QUESTIONABLE,12.65717746,15.6
2574,2574,2574,16,13,Jameis Winston,0,QB,QUESTIONABLE,19.50318989,11.0
2575,2575,2575,16,13,David Montgomery,20,Bench,ACTIVE,11.467978349,6.9
2576,2576,2576,16,13,Randall Cobb,20,Bench,ACTIVE,9.3386268662,12.3
