,school,Ht,Wt,40yd,Vertical,Bench,Broad Jump,3Cone,Shuttle,rnd,pick,completions_total,attempts_total,passing_yards_total,pass_td_total,ints_thrown_total,rush_attempts_total,rush_yards_total,rush_td_total,receptions_total,rec_yards_total,rec_td_total,rush_rec_plays_total,tot_rush_rec_yards,total__rush_rec_tds,college_score_total,completions_avg,attempts_avg,completion_percentage,passing_yards_avg,pass_yards_per_attempt,adjusted_pass_yards_per_attempt,pass_td_avg,ints_thrown_avg,passer_rating,rush_attempts_avg,rush_yards_avg,avg_rush_yards,rush_td_avg,receptions_avg,rec_yards_avg,avg_rec_yards,rec_td_avg,rush_rec_plays_avg,avg_rush_rec_yards,college_score_avg,nfl_score,position_FB,position_QB,position_RB,position_TE,position_WR
0,110.0,187.96,209.0,4.59,39.5,0.0,121.0,7.22,100.0,4.0,127.0,0.0,0.0,0.0,0.0,0.0,91.0,182.0,0.0,1660.0,24828.0,184.0,1751.0,25010.0,184.0,0.0,0.0,0.0,0.0,0.0,0.0,0.0,0.0,0.0,0.0,1.0,7.0,5.8,0.0,4.0,58.0,12.8,0.0,5.0,11.0,0.0,0.0,False,False,False,False,True
1,91.0,187.96,241.0,4.6,0.0,0.0,0.0,100.0,100.0,3.0,85.0,0.0,0.0,0.0,0.0,0.0,3622.0,16626.0,202.0,584.0,6521.0,18.0,4206.0,23147.0,220.0,0.0,0.0,0.0,0.0,0.0,0.0,0.0,0.0,0.0,0.0,14.0,46.0,4.45,0.0,2.0,13.0,7.1,0.0,14.0,4.9,0.0,0.0,False,False,True,False,False
2,121.0,185.42,217.0,4.58,35.0,0.0,117.0,6.74,4.06,6.0,197.0,235.0,446.0,3243.0,38.0,9.0,387.0,2006.0,0.0,619.0,9247.0,45.0,1006.0,11253.0,45.0,0.0,3.0,15.0,62.5,40.0,8.3,10.8,0.0,0.0,173.6,1.0,17.0,4.2,0.0,4.0,77.0,14.3,0.0,3.0,14.0,0.0,0.0,False,False,False,False,True
3,47.0,185.42,216.0,4.72,33.5,0.0,114.0,7.35,4.33,2.0,54.0,2.0,23.0,66.0,0.0,0.0,118.0,723.0,0.0,971.0,14838.0,200.0,1089.0,15561.0,200.0,621.44,0.0,1.0,0.0,0.0,0.0,0.0,0.0,0.0,0.0,1.0,4.0,4.0,0.0,5.0,60.0,12.7,1.0,5.0,12.7,28.6,0.0,False,False,False,False,True
4,23.0,190.5,234.0,4.61,35.5,0.0,117.0,7.2,4.02,1.0,19.0,4243.0,8736.0,54588.0,408.0,303.0,1908.0,-2608.0,52.0,21.0,183.0,4.0,1929.0,-2425.0,56.0,668.5600000000001,16.0,31.0,46.9,193.0,6.1,5.7,1.0,1.0,110.3,6.0,-8.0,-1.3,0.0,1.0,7.0,7.0,0.0,6.0,-1.0,33.120000000000005,0.0,False,True,False,False,False
5,32.0,190.5,220.0,4.46,0.0,0.0,0.0,100.0,100.0,3.0,93.0,0.0,0.0,0.0,0.0,0.0,105310.0,499952.0,7686.0,23791.0,184603.0,2581.0,129101.0,684555.0,10267.0,0.0,0.0,0.0,0.0,0.0,0.0,0.0,0.0,0.0,0.0,13.0,65.0,4.2,1.0,2.0,14.0,7.7,0.0,7.0,5.5,0.0,0.0,False,False,True,False,False
6,107.0,182.88,197.0,4.51,42.5,0.0,126.0,6.96,4.16,3.0,71.0,0.0,0.0,0.0,0.0,0.0,256.0,2230.0,13.0,2458.0,32242.0,193.0,2714.0,34472.0,206.0,0.0,0.0,0.0,0.0,0.0,0.0,0.0,0.0,0.0,0.0,1.5,12.0,8.0,0.0,7.0,104.0,12.4,1.0,7.0,13.0,0.0,0.0,False,False,False,False,True
7,94.0,193.04,223.0,4.34,38.0,0.0,127.0,6.73,4.26,2.0,60.0,0.0,0.0,0.0,0.0,0.0,146.0,1039.0,21.0,1126.0,17206.0,101.0,1272.0,18245.0,122.0,0.0,0.0,0.0,0.0,0.0,0.0,0.0,0.0,0.0,0.0,1.0,0.0,0.0,0.0,4.0,64.0,14.3,0.0,4.0,13.8,0.0,0.0,False,False,False,False,True
8,66.0,190.5,257.0,4.65,37.5,0.0,123.0,100.0,100.0,1.0,24.0,0.0,0.0,0.0,0.0,0.0,0.0,0.0,0.0,723.0,11684.0,75.0,723.0,11684.0,75.0,0.0,0.0,0.0,0.0,0.0,0.0,0.0,0.0,0.0,0.0,0.0,0.0,0.0,0.0,3.0,45.0,14.0,0.0,3.0,14.0,0.0,0.0,False,False,False,True,False
9,41.0,193.04,254.0,4.63,35.5,17.0,118.0,7.47,4.53,5.0,148.0,0.0,0.0,0.0,0.0,0.0,0.0,0.0,0.0,0.0,0.0,0.0,0.0,0.0,0.0,0.0,0.0,0.0,0.0,0.0,0.0,0.0,0.0,0.0,0.0,0.0,0.0,0.0,0.0,0.0,0.0,0.0,0.0,0.0,0.0,0.0,0.0,False,False,False,True,False
10,181.0,180.34,186.0,4.42,36.0,0.0,122.0,6.76,3.99,3.0,74.0,23.0,65.0,380.0,0.0,0.0,113.0,317.0,1.0,1779.0,31693.0,246.0,1892.0,32010.0,247.0,1628.04,0.0,1.0,0.0,0.0,0.0,0.0,0.0,0.0,0.0,1.0,3.0,3.0,0.0,7.0,114.0,15.9,1.0,8.0,15.5,22.9,0.0,False,False,False,False,True
11,159.0,180.34,235.0,4.56,38.5,21.0,116.0,7.25,4.37,5.0,165.0,0.0,0.0,0.0,0.0,0.0,3007.0,13578.0,312.0,14659.0,182440.0,1137.0,17666.0,196018.0,1449.0,0.0,0.0,0.0,0.0,0.0,0.0,0.0,0.0,0.0,0.0,1.0,8.0,4.0,0.0,2.0,26.0,11.0,0.0,3.0,9.0,0.0,1.7000000000000002,True,False,False,False,False
12,89.0,195.57999999999998,208.0,4.7,0.0,0.0,0.0,100.0,100.0,7.0,241.0,5856.0,10353.0,85064.0,724.0,236.0,448.0,-1038.0,8.0,0.0,0.0,0.0,448.0,-1038.0,8.0,0.0,16.0,29.0,58.6,235.0,8.5,9.6,2.0,0.0,155.4,1.0,-3.0,-3.0,0.0,0.0,0.0,0.0,0.0,1.0,-3.0,0.0,0.0,False,True,False,False,False
13,32.0,185.42,233.0,4.71,32.5,21.0,113.0,7.18,4.29,7.0,236.0,0.0,0.0,0.0,0.0,0.0,262.0,1665.0,61.0,390.0,3174.0,0.0,652.0,4839.0,61.0,0.0,0.0,0.0,0.0,0.0,0.0,0.0,0.0,0.0,0.0,1.0,9.0,4.5,0.0,1.0,12.0,7.0,0.0,2.0,7.0,0.0,0.0,True,False,False,False,False
14,160.0,180.34,196.0,4.52,34.0,0.0,122.0,7.41,4.35,6.0,196.0,0.0,0.0,0.0,0.0,0.0,0.0,0.0,0.0,0.0,0.0,0.0,0.0,0.0,0.0,0.0,0.0,0.0,0.0,0.0,0.0,0.0,0.0,0.0,0.0,0.0,0.0,0.0,0.0,0.0,0.0,0.0,0.0,0.0,0.0,0.0,0.0,False,False,False,False,True
15,178.0,185.42,219.0,4.35,0.0,27.0,137.0,100.0,100.0,3.0,96.0,0.0,0.0,0.0,0.0,0.0,1940.0,9644.0,74.0,122.0,1521.0,0.0,2062.0,11165.0,74.0,0.0,0.0,0.0,0.0,0.0,0.0,0.0,0.0,0.0,0.0,9.0,56.5,4.8,1.0,2.0,41.0,10.3,0.0,9.0,4.949999999999999,0.0,0.0,False,False,True,False,False
16,25.0,187.96,213.0,4.52,35.5,0.0,116.0,7.05,4.16,5.0,167.0,0.0,0.0,0.0,0.0,0.0,91.0,496.0,31.0,1152.0,19450.0,184.0,1243.0,19946.0,215.0,0.0,0.0,0.0,0.0,0.0,0.0,0.0,0.0,0.0,0.0,1.0,1.0,1.0,0.0,5.0,62.0,17.2,1.0,5.0,15.9,0.0,0.0,False,False,False,False,True
17,99.0,193.04,217.0,4.45,0.0,0.0,0.0,100.0,100.0,5.0,143.0,67.0,106.0,1171.0,51.0,0.0,77.0,114.0,0.0,1907.0,26155.0,196.0,1984.0,26269.0,196.0,43.39999999999999,1.0,1.0,100.0,6.0,6.0,26.0,1.0,0.0,480.4,1.0,2.0,2.0,0.0,5.5,69.0,13.55,0.0,6.0,13.1,6.199999999999999,0.0,False,False,False,False,True
18,3.0,182.88,223.0,4.65,0.0,22.0,0.0,100.0,100.0,7.0,235.0,0.0,0.0,0.0,0.0,0.0,3371.0,18053.0,157.0,43.0,257.0,0.0,3414.0,18310.0,157.0,0.0,0.0,0.0,0.0,0.0,0.0,0.0,0.0,0.0,0.0,14.0,71.0,5.3,1.0,1.0,7.0,7.0,0.0,14.0,5.3,0.0,0.0,False,False,True,False,False
19,47.0,185.42,205.0,4.44,34.5,0.0,116.0,7.54,4.43,7.0,231.0,0.0,0.0,0.0,0.0,0.0,35.0,157.0,0.0,763.0,12836.0,152.0,798.0,12993.0,152.0,0.0,0.0,0.0,0.0,0.0,0.0,0.0,0.0,0.0,0.0,1.0,0.0,0.0,0.0,3.0,62.0,15.7,0.0,3.0,15.7,0.0,0.0,False,False,False,False,True
20,125.0,170.18,195.0,4.48,38.0,21.0,123.0,100.0,4.08,4.0,108.0,0.0,0.0,0.0,0.0,0.0,6090.0,34851.0,336.0,1236.0,10204.0,53.0,7326.0,45055.0,389.0,0.0,0.0,0.0,0.0,0.0,0.0,0.0,0.0,0.0,0.0,16.0,90.0,5.1,1.0,3.0,27.5,7.0,0.0,21.0,6.1,0.0,0.0,False,False,True,False,False
21,98.0,180.34,232.0,4.59,32.0,29.0,113.0,7.73,4.68,4.0,121.0,0.0,0.0,0.0,0.0,0.0,1355.0,6434.0,37.0,301.0,3995.0,4.0,1656.0,10429.0,41.0,0.0,0.0,0.0,0.0,0.0,0.0,0.0,0.0,0.0,0.0,5.0,29.0,3.7,0.0,1.0,18.0,16.0,0.0,6.0,6.7,0.0,0.0,True,False,False,False,False
22,43.0,185.42,217.0,5.06,0.0,0.0,0.0,100.0,100.0,1.0,22.0,7061.0,11040.0,87467.0,659.0,288.0,1217.0,-1528.0,89.0,22.0,354.0,0.0,1239.0,-1174.0,89.0,684.02,21.0,33.0,63.6,302.0,7.4,8.0,2.0,1.0,145.8,4.0,-4.0,-1.8,0.0,1.0,21.0,21.0,0.0,4.0,-1.8,37.22,0.0,False,True,False,False,False
23,56.0,187.96,200.0,4.51,38.0,0.0,125.0,6.72,3.95,7.0,262.0,0.0,0.0,0.0,0.0,0.0,0.0,0.0,0.0,0.0,0.0,0.0,0.0,0.0,0.0,0.0,0.0,0.0,0.0,0.0,0.0,0.0,0.0,0.0,0.0,0.0,0.0,0.0,0.0,0.0,0.0,0.0,0.0,0.0,0.0,0.0,0.0,False,False,False,False,True
24,129.0,177.8,178.0,4.56,31.5,0.0,114.0,7.34,4.28,7.0,221.0,19.0,41.0,1007.0,0.0,0.0,127.0,1578.0,2.0,1237.0,21708.0,184.0,1364.0,23286.0,186.0,71.89999999999999,0.0,1.0,0.0,0.0,0.0,0.0,0.0,0.0,0.0,1.0,22.0,11.0,0.0,3.0,49.0,16.3,0.0,4.0,16.0,4.6,0.0,False,False,False,False,True
25,43.0,182.88,205.0,4.42,0.0,0.0,0.0,100.0,100.0,2.0,44.0,0.0,0.0,0.0,0.0,0.0,49.0,228.0,9.0,1188.0,18397.0,142.0,1237.0,18625.0,151.0,0.0,0.0,0.0,0.0,0.0,0.0,0.0,0.0,0.0,0.0,1.0,4.0,4.0,0.0,5.0,65.0,13.6,0.0,5.0,13.6,0.0,0.0,False,False,False,False,True
26,89.0,187.96,230.0,4.41,39.0,0.0,132.0,100.0,100.0,1.0,3.0,0.0,0.0,0.0,0.0,0.0,30.0,210.0,0.0,1944.0,32917.0,342.0,1974.0,33127.0,342.0,0.0,0.0,0.0,0.0,0.0,0.0,0.0,0.0,0.0,0.0,1.0,13.0,13.0,0.0,2.0,29.0,13.0,0.0,2.0,13.0,0.0,0.0,False,False,False,False,True
27,166.0,180.34,201.0,4.38,38.5,0.0,127.0,100.0,100.0,2.0,45.0,0.0,0.0,0.0,0.0,0.0,59.0,547.0,2.0,913.0,12792.0,85.0,972.0,13339.0,87.0,0.0,0.0,0.0,0.0,0.0,0.0,0.0,0.0,0.0,0.0,1.0,10.0,10.0,0.0,3.0,31.0,11.0,0.0,4.0,11.3,0.0,0.0,False,False,False,False,True
28,133.0,187.96,214.0,4.57,0.0,0.0,0.0,100.0,100.0,1.0,17.0,0.0,0.0,0.0,0.0,0.0,7.0,9.0,0.0,962.0,17052.0,59.0,969.0,17061.0,59.0,0.0,0.0,0.0,0.0,0.0,0.0,0.0,0.0,0.0,0.0,1.0,4.0,4.0,0.0,3.0,57.0,19.5,0.0,3.0,19.5,0.0,0.0,False,False,False,False,True
29,64.0,180.34,260.0,4.9,29.0,20.0,103.0,100.0,100.0,4.0,118.0,0.0,0.0,0.0,0.0,0.0,1566.0,9532.0,162.0,218.0,2251.0,21.0,1784.0,11783.0,183.0,0.0,0.0,0.0,0.0,0.0,0.0,0.0,0.0,0.0,0.0,10.0,53.0,6.3,1.0,1.0,7.0,7.0,0.0,10.0,6.6,0.0,0.0,True,False,False,False,False
30,133.0,185.42,228.0,4.45,0.0,19.0,0.0,100.0,100.0,1.0,27.0,0.0,0.0,0.0,0.0,0.0,4433.0,33720.0,279.0,529.0,5287.0,58.0,4962.0,39007.0,337.0,0.0,0.0,0.0,0.0,0.0,0.0,0.0,0.0,0.0,0.0,8.0,39.0,6.0,0.0,2.0,18.0,7.7,0.0,10.0,6.7,0.0,0.0,False,False,True,False,False
31,157.0,195.57999999999998,247.0,4.61,33.5,0.0,0.0,100.0,100.0,2.0,63.0,0.0,4.0,0.0,0.0,4.0,4.0,-8.0,0.0,829.0,10346.0,140.0,833.0,10338.0,140.0,104.0,0.0,1.0,0.0,0.0,0.0,-45.0,0.0,1.0,-200.0,1.0,-2.0,-2.0,0.0,4.0,46.5,13.0,1.0,4.0,13.0,26.0,0.0,False,False,False,False,True
32,91.0,193.04,272.0,4.78,30.5,19.0,109.0,100.0,100.0,2.0,41.0,0.0,0.0,0.0,0.0,0.0,0.0,0.0,0.0,655.0,6253.0,55.0,655.0,6253.0,55.0,0.0,0.0,0.0,0.0,0.0,0.0,0.0,0.0,0.0,0.0,0.0,0.0,0.0,0.0,2.0,25.0,8.4,0.0,2.0,8.4,0.0,0.0,False,False,False,True,False
33,178.0,182.88,186.0,4.42,35.0,0.0,125.0,7.51,4.24,6.0,203.0,0.0,0.0,0.0,0.0,0.0,157.0,815.0,0.0,1101.0,15814.0,95.0,1258.0,16629.0,95.0,0.0,0.0,0.0,0.0,0.0,0.0,0.0,0.0,0.0,0.0,1.0,6.0,3.0,0.0,4.0,69.0,14.6,0.0,4.0,13.5,0.0,0.0,False,False,False,False,True
34,167.0,190.5,213.0,4.77,30.0,0.0,101.0,6.92,4.1,6.0,201.0,10646.0,15344.0,108264.0,828.0,289.0,1897.0,-1821.0,32.0,14.0,0.0,0.0,1911.0,-1821.0,32.0,625.8000000000001,34.0,47.0,70.0,366.0,7.3,8.2,3.0,0.0,143.9,7.0,-9.0,-1.9,0.0,1.0,0.0,0.0,0.0,7.0,-1.85,44.7,0.0,False,True,False,False,False
35,98.0,190.5,249.0,4.82,39.0,26.0,120.0,7.42,4.42,5.0,156.0,0.0,0.0,0.0,0.0,0.0,3.0,-21.0,0.0,570.0,6716.0,23.0,573.0,6695.0,23.0,0.0,0.0,0.0,0.0,0.0,0.0,0.0,0.0,0.0,0.0,1.0,-7.0,-7.0,0.0,2.0,16.0,8.0,0.0,2.0,8.0,0.0,0.0,False,False,False,True,False
36,83.0,195.57999999999998,241.0,4.85,0.0,0.0,0.0,100.0,100.0,1.0,7.0,9452.0,14212.0,117706.0,862.0,239.0,1582.0,1251.0,63.0,20.0,220.0,20.0,1602.0,1471.0,83.0,372.0,26.0,39.0,68.3,307.0,8.1,8.8,2.0,0.0,151.1,4.0,-1.0,-0.2,0.0,1.0,11.0,11.0,1.0,4.0,-0.2,18.6,0.0,False,True,False,False,False
37,62.0,182.88,184.0,4.62,36.0,0.0,0.0,100.0,100.0,4.0,124.0,0.0,0.0,0.0,0.0,0.0,96.0,194.0,0.0,1154.0,16067.0,163.0,1250.0,16261.0,163.0,0.0,0.0,0.0,0.0,0.0,0.0,0.0,0.0,0.0,0.0,1.0,7.0,7.0,0.0,6.0,54.0,11.7,0.0,6.0,11.4,0.0,0.0,False,False,False,False,True
38,178.0,177.8,233.0,4.67,0.0,0.0,0.0,100.0,100.0,7.0,218.0,0.0,0.0,0.0,0.0,0.0,0.0,0.0,0.0,0.0,0.0,0.0,0.0,0.0,0.0,0.0,0.0,0.0,0.0,0.0,0.0,0.0,0.0,0.0,0.0,0.0,0.0,0.0,0.0,0.0,0.0,0.0,0.0,0.0,0.0,0.0,0.0,False,False,True,False,False
39,160.0,180.34,215.0,4.49,32.0,0.0,119.0,7.32,4.26,5.0,158.0,0.0,0.0,0.0,0.0,0.0,0.0,0.0,0.0,825.0,13762.0,76.0,825.0,13762.0,76.0,0.0,0.0,0.0,0.0,0.0,0.0,0.0,0.0,0.0,0.0,0.0,0.0,0.0,0.0,4.0,50.0,15.0,0.0,4.0,15.0,0.0,0.0,False,False,False,False,True
40,7.0,172.72,169.0,4.43,0.0,0.0,0.0,100.0,100.0,4.0,106.0,0.0,0.0,0.0,0.0,0.0,109.0,622.0,2.0,1410.0,24798.0,154.0,1519.0,25420.0,156.0,0.0,0.0,0.0,0.0,0.0,0.0,0.0,0.0,0.0,0.0,1.0,9.0,7.0,0.0,3.0,71.0,17.0,0.0,3.0,16.7,0.0,0.0,False,False,False,False,True
41,89.0,182.88,223.0,4.45,0.0,0.0,0.0,100.0,100.0,1.0,23.0,0.0,0.0,0.0,0.0,0.0,3401.0,21663.0,293.0,223.0,2683.0,0.0,3624.0,24346.0,293.0,0.0,0.0,0.0,0.0,0.0,0.0,0.0,0.0,0.0,0.0,17.0,112.0,6.0,1.0,2.0,13.0,8.5,0.0,17.0,6.0,0.0,0.0,False,False,True,False,False
42,183.0,193.04,210.0,4.61,0.0,0.0,0.0,100.0,100.0,3.0,95.0,33.0,66.0,297.0,12.0,0.0,75.0,640.0,1.0,1742.0,23262.0,150.0,1817.0,23902.0,151.0,240.95999999999998,0.5,1.0,50.0,0.0,0.0,0.0,0.0,0.0,20.6,1.0,9.0,9.0,0.0,4.0,69.0,13.1,0.0,5.0,12.2,20.08,0.0,False,False,False,False,True
43,157.0,187.96,240.0,4.65,32.5,22.0,114.0,7.29,4.26,7.0,247.0,0.0,0.0,0.0,0.0,0.0,1141.0,8610.0,88.0,411.0,3862.0,41.0,1552.0,12472.0,129.0,0.0,0.0,0.0,0.0,0.0,0.0,0.0,0.0,0.0,0.0,4.0,21.0,5.3,0.0,1.0,13.0,7.0,0.0,5.0,7.0,0.0,0.0,True,False,False,False,False
44,185.0,185.42,255.0,4.73,31.5,0.0,114.0,7.78,4.32,4.0,134.0,0.0,0.0,0.0,0.0,0.0,1123.0,4943.0,136.0,215.0,2122.0,0.0,1338.0,7065.0,136.0,0.0,0.0,0.0,0.0,0.0,0.0,0.0,0.0,0.0,0.0,5.0,26.0,4.3,0.0,1.0,14.0,11.0,0.0,6.0,5.5,0.0,0.0,True,False,False,False,False
45,12.0,193.04,259.0,4.86,28.5,19.0,102.0,7.37,4.34,7.0,234.0,0.0,0.0,0.0,0.0,0.0,0.0,0.0,0.0,627.0,7200.0,79.0,627.0,7200.0,79.0,0.0,0.0,0.0,0.0,0.0,0.0,0.0,0.0,0.0,0.0,0.0,0.0,0.0,0.0,2.0,22.0,12.0,0.0,2.0,12.0,0.0,0.0,False,False,False,True,False
46,178.0,195.57999999999998,232.0,4.65,0.0,0.0,0.0,100.0,100.0,1.0,1.0,5880.0,9405.0,75274.0,569.0,280.0,1406.0,-478.0,59.0,0.0,0.0,0.0,1406.0,-478.0,59.0,0.0,21.0,34.0,61.8,254.0,7.8,7.3,2.0,1.0,132.3,4.0,-4.0,-0.8,0.0,0.0,0.0,0.0,0.0,4.0,-0.8,0.0,0.0,False,True,False,False,False
47,75.0,177.8,229.0,4.68,0.0,0.0,0.0,100.0,100.0,4.0,99.0,0.0,0.0,0.0,0.0,0.0,4756.0,20533.0,175.0,538.0,3980.0,7.0,5294.0,24513.0,182.0,0.0,0.0,0.0,0.0,0.0,0.0,0.0,0.0,0.0,0.0,11.0,51.0,3.7,0.0,2.0,12.0,6.0,0.0,12.0,4.3,0.0,0.0,False,False,True,False,False
48,149.0,177.8,265.0,4.62,0.0,22.0,0.0,100.0,100.0,7.0,229.0,0.0,0.0,0.0,0.0,0.0,2758.0,13237.0,195.0,234.0,1598.0,0.0,2992.0,14835.0,195.0,0.0,0.0,0.0,0.0,0.0,0.0,0.0,0.0,0.0,0.0,9.0,44.0,4.8,0.0,1.0,7.0,6.0,0.0,10.0,4.9,0.0,0.0,True,False,False,False,False
49,82.0,193.04,249.0,4.99,30.5,0.0,101.0,7.42,4.36,3.0,88.0,6354.0,10826.0,80516.0,756.0,197.0,2990.0,4653.0,89.0,2.0,12.0,0.0,2992.0,4665.0,89.0,74.08,19.0,33.0,61.3,246.0,7.7,9.0,3.0,0.0,144.7,8.0,20.0,2.2,0.0,1.0,3.0,0.0,0.0,8.0,2.2,37.04,0.0,False,True,False,False,False
50,93.0,187.96,202.0,4.4,0.0,0.0,0.0,100.0,100.0,1.0,2.0,0.0,0.0,0.0,0.0,0.0,169.0,2057.0,33.0,1468.0,29454.0,311.0,1637.0,31511.0,344.0,0.0,0.0,0.0,0.0,0.0,0.0,0.0,0.0,0.0,0.0,1.0,14.0,14.0,0.0,5.0,96.0,18.8,1.0,6.0,16.6,0.0,0.0,False,False,False,False,True
51,176.0,193.04,261.0,4.8,0.0,20.0,0.0,100.0,100.0,3.0,76.0,0.0,0.0,0.0,0.0,0.0,0.0,0.0,0.0,556.0,8590.0,43.0,556.0,8590.0,43.0,0.0,0.0,0.0,0.0,0.0,0.0,0.0,0.0,0.0,0.0,0.0,0.0,0.0,0.0,2.0,27.0,13.3,0.0,2.0,13.3,0.0,0.0,False,False,False,True,False
52,153.0,193.04,251.0,4.65,39.5,28.0,120.0,7.09,4.31,3.0,91.0,0.0,0.0,0.0,0.0,0.0,0.0,0.0,0.0,0.0,0.0,0.0,0.0,0.0,0.0,0.0,0.0,0.0,0.0,0.0,0.0,0.0,0.0,0.0,0.0,0.0,0.0,0.0,0.0,0.0,0.0,0.0,0.0,0.0,0.0,0.0,0.0,False,False,False,True,False
53,165.0,193.04,220.0,4.84,31.0,0.0,103.0,7.38,4.21,3.0,97.0,4854.0,8146.0,68366.0,479.0,289.0,1287.0,-2454.0,48.0,0.0,0.0,0.0,1287.0,-2454.0,48.0,0.0,16.0,24.0,60.7,187.0,8.9,7.7,2.0,1.0,146.1,4.0,-9.0,-2.0,0.0,0.0,0.0,0.0,0.0,4.0,-2.0,0.0,0.0,False,True,False,False,False
54,141.0,190.5,258.0,4.62,37.0,26.0,122.0,6.74,4.25,2.0,61.0,0.0,0.0,0.0,0.0,0.0,138.0,204.0,0.0,766.0,7903.0,88.0,904.0,8107.0,88.0,0.0,0.0,0.0,0.0,0.0,0.0,0.0,0.0,0.0,0.0,2.0,2.0,1.3,0.0,3.0,28.0,10.0,0.0,3.0,8.6,0.0,0.0,False,False,False,True,False
55,52.0,185.42,232.0,4.45,35.5,0.0,123.0,100.0,100.0,3.0,77.0,0.0,0.0,0.0,0.0,0.0,4289.0,21669.0,168.0,190.0,1210.0,0.0,4479.0,22879.0,168.0,0.0,0.0,0.0,0.0,0.0,0.0,0.0,0.0,0.0,0.0,14.0,76.0,4.6,0.0,2.0,16.0,5.5,0.0,15.0,4.5,0.0,0.0,False,False,True,False,False
56,129.0,177.8,220.0,4.48,0.0,19.0,0.0,100.0,100.0,4.0,105.0,2.0,13.0,70.0,2.0,0.0,3633.0,16287.0,97.0,238.0,1726.0,21.0,3871.0,18013.0,118.0,115.10000000000001,0.0,1.0,0.0,0.0,0.0,0.0,0.0,0.0,0.0,19.0,79.0,4.2,0.0,2.0,16.0,8.0,0.0,19.0,4.2,8.9,0.0,False,False,True,False,False
57,125.0,195.57999999999998,243.0,4.79,35.5,16.0,118.0,7.23,4.37,7.0,223.0,0.0,0.0,0.0,0.0,0.0,0.0,0.0,0.0,1218.0,12376.0,119.0,1218.0,12376.0,119.0,0.0,0.0,0.0,0.0,0.0,0.0,0.0,0.0,0.0,0.0,0.0,0.0,0.0,0.0,4.0,34.0,10.0,0.0,4.0,10.0,0.0,0.0,False,False,False,True,False
58,184.0,182.88,202.0,4.44,0.0,0.0,0.0,100.0,100.0,4.0,115.0,0.0,0.0,0.0,0.0,0.0,4748.0,26338.0,475.0,183.0,2020.0,22.0,4931.0,28358.0,497.0,0.0,0.0,0.0,0.0,0.0,0.0,0.0,0.0,0.0,0.0,19.0,108.0,5.3,2.0,1.0,9.0,9.0,0.0,21.0,5.3,0.0,0.0,False,False,True,False,False
59,76.0,180.34,233.0,4.6,0.0,19.0,0.0,100.0,100.0,4.0,132.0,0.0,0.0,0.0,0.0,0.0,0.0,0.0,0.0,0.0,0.0,0.0,0.0,0.0,0.0,0.0,0.0,0.0,0.0,0.0,0.0,0.0,0.0,0.0,0.0,0.0,0.0,0.0,0.0,0.0,0.0,0.0,0.0,0.0,0.0,0.0,0.0,False,False,True,False,False
60,146.0,185.42,202.0,4.67,36.0,0.0,119.0,6.99,4.23,5.0,169.0,9.0,26.0,783.0,0.0,0.0,85.0,445.0,12.0,2182.0,29666.0,149.0,2267.0,30111.0,161.0,180.4,0.0,1.0,0.0,0.0,0.0,0.0,0.0,0.0,0.0,1.0,3.0,3.0,0.0,7.0,80.0,12.7,0.0,7.0,12.7,45.1,0.0,False,False,False,False,True
61,5.0,177.8,193.0,4.66,34.5,0.0,115.0,7.01,4.11,5.0,139.0,0.0,0.0,0.0,0.0,0.0,98.0,218.0,0.0,1842.0,27079.0,164.0,1940.0,27297.0,164.0,0.0,0.0,0.0,0.0,0.0,0.0,0.0,0.0,0.0,0.0,1.0,4.0,4.0,0.0,6.0,84.0,14.8,0.0,7.0,14.8,0.0,0.0,False,False,False,False,True
62,43.0,198.12,252.0,4.72,33.5,24.0,115.0,7.57,4.3,5.0,161.0,0.0,0.0,0.0,0.0,0.0,391.0,962.0,21.0,577.0,6895.0,83.0,968.0,7857.0,104.0,0.0,0.0,0.0,0.0,0.0,0.0,0.0,0.0,0.0,0.0,5.0,8.0,1.6,0.0,2.0,23.0,11.3,0.0,2.0,9.0,0.0,0.0,False,False,False,True,False
63,68.0,180.34,196.0,4.56,38.0,0.0,127.0,6.98,4.14,4.0,110.0,3905.0,6937.0,51089.0,198.0,297.0,2257.0,6982.0,99.0,17.0,17.0,0.0,2274.0,6999.0,99.0,257.38,16.0,27.0,62.7,223.0,7.4,6.9,1.0,1.0,133.3,10.0,22.0,3.0,0.0,1.0,1.0,1.0,0.0,10.0,3.0,15.139999999999999,0.0,False,True,False,False,False
64,163.0,187.96,223.0,4.42,0.0,0.0,0.0,100.0,100.0,3.0,65.0,0.0,0.0,0.0,0.0,0.0,1.0,10.0,0.0,638.0,8844.0,59.0,639.0,8854.0,59.0,0.0,0.0,0.0,0.0,0.0,0.0,0.0,0.0,0.0,0.0,1.0,10.0,10.0,0.0,3.0,53.0,13.0,0.0,3.0,13.0,0.0,0.0,False,False,False,False,True
65,76.0,175.26,213.0,4.63,32.5,22.0,112.0,7.32,4.47,4.0,101.0,0.0,0.0,0.0,0.0,0.0,0.0,0.0,0.0,0.0,0.0,0.0,0.0,0.0,0.0,0.0,0.0,0.0,0.0,0.0,0.0,0.0,0.0,0.0,0.0,0.0,0.0,0.0,0.0,0.0,0.0,0.0,0.0,0.0,0.0,0.0,0.0,False,False,True,False,False
66,163.0,198.12,264.0,4.65,31.0,25.0,0.0,100.0,100.0,3.0,69.0,0.0,0.0,0.0,0.0,0.0,0.0,0.0,0.0,690.0,8160.0,43.0,690.0,8160.0,43.0,0.0,0.0,0.0,0.0,0.0,0.0,0.0,0.0,0.0,0.0,0.0,0.0,0.0,0.0,2.0,23.0,12.0,0.0,2.0,12.0,0.0,0.0,False,False,False,True,False
67,129.0,187.96,249.0,4.89,34.5,16.0,115.0,7.24,100.0,4.0,104.0,0.0,0.0,0.0,0.0,0.0,31.0,31.0,31.0,528.0,8092.0,82.0,559.0,8123.0,113.0,0.0,0.0,0.0,0.0,0.0,0.0,0.0,0.0,0.0,0.0,1.0,1.0,1.0,1.0,2.0,37.0,18.0,0.0,2.0,18.0,0.0,0.0,False,False,False,True,False
68,62.0,195.57999999999998,214.0,4.54,39.0,0.0,121.0,6.9,4.25,7.0,226.0,0.0,0.0,0.0,0.0,0.0,0.0,0.0,0.0,1392.0,20301.0,103.0,1392.0,20301.0,103.0,0.0,0.0,0.0,0.0,0.0,0.0,0.0,0.0,0.0,0.0,0.0,0.0,0.0,0.0,5.0,76.0,13.3,0.0,5.0,13.3,0.0,0.0,False,False,False,False,True
69,75.0,175.26,179.0,4.58,33.5,0.0,120.0,6.89,4.08,7.0,244.0,0.0,0.0,0.0,0.0,0.0,548.0,6390.0,0.0,3960.0,46591.0,335.0,4508.0,52981.0,335.0,0.0,0.0,0.0,0.0,0.0,0.0,0.0,0.0,0.0,0.0,1.0,7.0,6.5,0.0,5.0,63.0,12.5,0.0,5.0,11.7,0.0,0.0,False,False,False,False,True
70,147.0,198.12,269.0,4.89,30.0,17.0,106.0,7.86,4.45,7.0,245.0,0.0,0.0,0.0,0.0,0.0,0.0,0.0,0.0,1031.0,14802.0,231.0,1031.0,14802.0,231.0,0.0,0.0,0.0,0.0,0.0,0.0,0.0,0.0,0.0,0.0,0.0,0.0,0.0,0.0,2.0,33.0,12.7,0.0,2.0,12.7,0.0,2.7,False,False,False,True,False
71,127.0,180.34,212.0,4.37,38.5,25.0,117.0,100.0,100.0,2.0,41.0,0.0,0.0,0.0,0.0,0.0,12408.0,70701.0,773.0,530.0,3632.0,26.0,12938.0,74333.0,799.0,0.0,0.0,0.0,0.0,0.0,0.0,0.0,0.0,0.0,0.0,22.0,119.5,5.5,0.0,1.0,6.0,6.0,0.0,22.0,5.6,0.0,4.300000000000001,False,False,True,False,False
72,50.0,185.42,183.0,4.58,38.0,0.0,128.0,7.34,4.18,3.0,78.0,0.0,0.0,0.0,0.0,0.0,534.0,8889.0,85.0,3372.0,45500.0,385.0,3906.0,54389.0,470.0,0.0,0.0,0.0,0.0,0.0,0.0,0.0,0.0,0.0,0.0,1.0,12.0,12.0,0.0,4.0,51.0,10.2,0.0,4.0,12.7,0.0,5.6,False,False,False,False,True
73,124.0,193.04,204.0,4.36,0.0,0.0,0.0,100.0,100.0,5.0,163.0,243.0,592.0,1639.0,0.0,0.0,326.0,856.0,0.0,1156.0,17319.0,48.0,1482.0,18175.0,48.0,0.0,1.0,3.0,33.3,8.0,2.7,2.7,0.0,0.0,55.7,2.0,9.0,4.5,0.0,3.0,39.0,15.8,0.0,3.0,8.0,0.0,0.0,False,False,False,False,True
74,76.0,190.5,209.0,4.67,32.5,0.0,116.0,6.77,4.09,1.0,15.0,0.0,83.0,0.0,0.0,0.0,126.0,511.0,1.0,4037.0,53307.0,434.0,4163.0,53818.0,435.0,1394.4,0.0,1.0,0.0,0.0,0.0,0.0,0.0,0.0,0.0,1.0,3.0,3.0,0.0,4.0,60.0,12.0,1.0,5.0,12.0,16.8,11.0,False,False,False,False,True
75,8.0,182.88,223.0,4.75,40.0,0.0,123.0,100.0,100.0,4.0,128.0,0.0,0.0,0.0,0.0,0.0,11713.0,63265.0,545.0,365.0,1586.0,0.0,12078.0,64851.0,545.0,0.0,0.0,0.0,0.0,0.0,0.0,0.0,0.0,0.0,0.0,16.0,78.0,5.1,1.0,1.0,3.0,3.0,0.0,16.0,5.1,0.0,0.49999999999999994,False,False,True,False,False
76,178.0,185.42,207.0,4.6,30.0,0.0,0.0,100.0,100.0,2.0,62.0,0.0,44.0,0.0,0.0,0.0,159.0,1666.0,12.0,3852.0,52074.0,418.0,4011.0,53740.0,430.0,0.0,0.0,1.0,0.0,0.0,0.0,0.0,0.0,0.0,0.0,1.0,11.0,11.0,0.0,5.0,80.0,11.5,1.0,5.0,11.5,0.0,6.4,False,False,False,False,True
77,181.0,190.5,265.0,4.87,33.0,22.0,115.0,7.21,4.19,3.0,81.0,0.0,0.0,0.0,0.0,0.0,100.0,309.0,49.0,2795.0,35316.0,289.0,2895.0,35625.0,338.0,0.0,0.0,0.0,0.0,0.0,0.0,0.0,0.0,0.0,0.0,2.0,6.0,3.0,1.0,5.0,72.0,14.0,0.0,5.0,14.0,0.0,3.9,False,False,False,True,False
78,112.0,182.88,212.0,4.54,36.0,0.0,121.0,6.93,3.91,4.0,108.0,0.0,0.0,0.0,0.0,0.0,392.0,1714.0,20.0,4483.0,70992.0,490.0,4875.0,72706.0,510.0,0.0,0.0,0.0,0.0,0.0,0.0,0.0,0.0,0.0,0.0,1.0,8.0,4.0,0.0,5.0,90.0,14.2,1.0,6.0,13.8,0.0,1.2,False,False,False,False,True
79,188.0,185.42,213.0,4.52,37.0,0.0,129.0,100.0,100.0,3.0,82.0,0.0,0.0,0.0,0.0,0.0,63.0,362.0,5.0,2519.0,41937.0,431.0,2582.0,42299.0,436.0,0.0,0.0,0.0,0.0,0.0,0.0,0.0,0.0,0.0,0.0,1.0,5.0,5.0,0.0,4.0,81.0,18.5,1.0,4.0,18.3,0.0,1.5,False,False,False,False,True
80,84.0,193.04,263.0,5.0,28.0,21.0,109.0,7.4,4.32,7.0,220.0,0.0,0.0,0.0,0.0,0.0,0.0,0.0,0.0,949.0,11714.0,15.0,949.0,11714.0,15.0,0.0,0.0,0.0,0.0,0.0,0.0,0.0,0.0,0.0,0.0,0.0,0.0,0.0,0.0,2.0,17.0,13.3,0.0,2.0,13.3,0.0,0.0,False,False,False,True,False
81,23.0,180.34,226.0,4.58,0.0,15.0,0.0,100.0,100.0,7.0,208.0,0.0,0.0,0.0,0.0,0.0,0.0,0.0,0.0,0.0,0.0,0.0,0.0,0.0,0.0,0.0,0.0,0.0,0.0,0.0,0.0,0.0,0.0,0.0,0.0,0.0,0.0,0.0,0.0,0.0,0.0,0.0,0.0,0.0,0.0,0.0,0.0,False,False,True,False,False
82,131.0,195.57999999999998,260.0,4.93,34.5,25.0,115.0,6.99,4.13,4.0,109.0,0.0,0.0,0.0,0.0,0.0,0.0,0.0,0.0,2569.0,31675.0,299.0,2569.0,31675.0,299.0,0.0,0.0,0.0,0.0,0.0,0.0,0.0,0.0,0.0,0.0,0.0,0.0,0.0,0.0,4.0,38.0,12.0,0.0,4.0,12.0,0.0,3.2,False,False,False,True,False
83,197.0,180.34,197.0,4.39,34.5,0.0,120.0,100.0,100.0,1.0,13.0,47.0,58.0,890.0,0.0,9.0,40.0,280.0,0.0,2710.0,53765.0,421.0,2750.0,54045.0,421.0,0.0,1.0,1.0,100.0,18.0,18.0,18.0,0.0,0.0,251.2,1.0,7.0,7.0,0.0,4.0,76.0,18.5,0.0,4.0,18.5,0.0,11.1,False,False,False,False,True
84,135.0,190.5,225.0,4.48,0.0,0.0,0.0,100.0,100.0,1.0,3.0,0.0,0.0,0.0,0.0,0.0,93.0,255.0,0.0,4844.0,85209.0,1093.0,4937.0,85464.0,1093.0,0.0,0.0,0.0,0.0,0.0,0.0,0.0,0.0,0.0,0.0,1.0,7.0,7.0,0.0,7.0,124.0,16.8,2.0,7.0,16.4,0.0,7.15,False,False,False,False,True
85,163.0,182.88,230.0,4.62,32.0,0.0,120.0,6.94,3.91,6.0,191.0,0.0,0.0,0.0,0.0,0.0,1276.0,4133.0,2.0,1552.0,10484.0,112.0,2828.0,14617.0,114.0,0.0,0.0,0.0,0.0,0.0,0.0,0.0,0.0,0.0,0.0,2.0,4.0,2.0,0.0,2.0,20.0,7.0,0.0,3.0,5.0,0.0,4.4,True,False,False,False,False
86,167.0,175.26,198.0,4.33,38.5,0.0,114.0,6.97,4.06,4.0,99.0,0.0,0.0,0.0,0.0,0.0,525.0,3201.0,14.0,4162.0,64214.0,446.0,4687.0,67415.0,460.0,0.0,0.0,0.0,0.0,0.0,0.0,0.0,0.0,0.0,0.0,1.0,8.0,5.0,0.0,6.0,80.0,15.4,0.0,7.0,13.3,0.0,0.0,False,False,False,False,True
87,25.0,187.96,275.0,5.06,33.0,18.0,109.0,7.44,4.18,7.0,232.0,0.0,0.0,0.0,0.0,0.0,90.0,180.0,0.0,195.0,3177.0,34.0,285.0,3357.0,34.0,0.0,0.0,0.0,0.0,0.0,0.0,0.0,0.0,0.0,0.0,2.0,4.0,2.0,0.0,1.0,17.0,14.0,0.0,1.0,13.0,0.0,0.0,False,False,False,True,False
88,32.0,187.96,199.0,4.53,41.0,0.0,131.0,6.79,4.08,5.0,157.0,0.0,0.0,0.0,0.0,0.0,1.0,-9.0,0.0,3443.0,45747.0,346.0,3444.0,45738.0,346.0,0.0,0.0,0.0,0.0,0.0,0.0,0.0,0.0,0.0,0.0,1.0,-9.0,-9.0,0.0,5.0,64.0,11.6,0.0,5.0,11.6,0.0,0.0,False,False,False,False,True
89,30.0,190.5,196.0,4.54,0.0,0.0,0.0,100.0,100.0,3.0,77.0,45.0,45.0,1305.0,0.0,0.0,873.0,5743.0,7.0,3215.0,49768.0,525.0,4088.0,55511.0,532.0,835.1999999999999,1.0,1.0,100.0,29.0,29.0,29.0,0.0,0.0,343.6,2.0,4.0,4.0,0.0,5.0,75.0,15.8,1.0,6.0,14.4,18.56,0.0,False,False,False,False,True
90,20.0,185.42,238.0,4.78,31.0,0.0,115.0,100.0,100.0,6.0,187.0,18022.0,28017.0,206404.0,1557.0,749.0,43758.0,191901.0,2206.0,2486.0,19405.0,99.0,46244.0,211306.0,2305.0,5165.34,18.0,26.0,63.8,195.0,7.3,6.7,2.0,0.0,133.8,12.0,50.0,3.4,0.0,2.0,12.0,9.0,0.0,12.0,3.9,47.040000000000006,0.0,False,True,False,False,False
91,124.0,193.04,263.0,4.8,35.0,23.0,117.0,7.1,3.98,3.0,68.0,0.0,0.0,0.0,0.0,0.0,0.0,0.0,0.0,1947.0,16731.0,130.0,1947.0,16731.0,130.0,0.0,0.0,0.0,0.0,0.0,0.0,0.0,0.0,0.0,0.0,0.0,0.0,0.0,0.0,2.0,18.0,8.2,0.0,2.0,8.2,0.0,3.1,False,False,False,True,False
92,76.0,180.34,198.0,4.41,0.0,0.0,0.0,100.0,100.0,2.0,50.0,0.0,0.0,0.0,0.0,0.0,811.0,3705.0,22.0,2290.0,40680.0,566.0,3101.0,44385.0,588.0,0.0,0.0,0.0,0.0,0.0,0.0,0.0,0.0,0.0,0.0,1.0,4.0,3.3,0.0,3.0,65.0,16.3,1.0,4.0,12.0,0.0,0.0,False,False,False,False,True
93,131.0,185.42,241.0,4.55,0.0,0.0,0.0,100.0,100.0,1.0,24.0,0.0,0.0,0.0,0.0,0.0,18504.0,84032.0,1073.0,2088.0,17883.0,198.0,20592.0,101915.0,1271.0,0.0,0.0,0.0,0.0,0.0,0.0,0.0,0.0,0.0,0.0,27.0,107.0,4.0,1.0,2.0,12.0,6.0,0.0,24.0,4.4,0.0,6.9,False,False,True,False,False
94,124.0,193.04,218.0,4.4,0.0,0.0,0.0,100.0,100.0,1.0,29.0,0.0,0.0,0.0,0.0,0.0,0.0,0.0,0.0,2852.0,45388.0,399.0,2852.0,45388.0,399.0,0.0,0.0,0.0,0.0,0.0,0.0,0.0,0.0,0.0,0.0,0.0,0.0,0.0,0.0,3.0,51.0,14.7,0.0,3.0,14.7,0.0,1.35,False,False,False,False,True
95,47.0,185.42,249.0,4.55,0.0,0.0,0.0,100.0,100.0,2.0,55.0,0.0,1.0,0.0,0.0,1.0,11580.0,63303.0,330.0,5439.0,98471.0,640.0,17019.0,161774.0,970.0,0.0,0.0,1.0,0.0,0.0,0.0,-45.0,0.0,1.0,-200.0,1.0,16.0,4.8,0.0,1.0,23.0,14.9,0.0,2.0,13.0,0.0,1.0,False,False,True,False,False
96,121.0,177.8,217.0,4.47,37.5,0.0,121.0,6.97,4.12,2.0,43.0,0.0,0.0,0.0,0.0,0.0,12960.0,71022.0,485.0,578.0,3458.0,1.0,13538.0,74480.0,486.0,0.0,0.0,0.0,0.0,0.0,0.0,0.0,0.0,0.0,0.0,18.0,76.0,4.2,0.0,1.0,10.0,5.0,0.0,20.0,4.7,0.0,11.1,False,False,True,False,False
97,184.0,182.88,227.0,4.38,38.0,0.0,120.0,100.0,100.0,1.0,30.0,165.0,165.0,2475.0,0.0,0.0,17438.0,98513.0,1069.0,13369.0,179270.0,677.0,30807.0,277783.0,1746.0,0.0,1.0,1.0,100.0,15.0,15.0,15.0,0.0,0.0,226.0,2.0,8.0,6.0,0.0,2.0,24.0,11.0,0.0,2.0,10.0,0.0,12.5,False,False,True,False,False
98,7.0,180.34,254.0,5.02,30.0,25.0,103.0,100.0,100.0,5.0,156.0,0.0,0.0,0.0,0.0,0.0,395.0,387.0,0.0,835.0,6733.0,4.0,1230.0,7120.0,4.0,0.0,0.0,0.0,0.0,0.0,0.0,0.0,0.0,0.0,0.0,2.0,2.0,1.5,0.0,2.0,13.0,9.0,0.0,2.0,6.5,0.0,0.9,True,False,False,False,False
99,106.0,187.96,244.0,4.6,33.5,18.0,119.0,6.78,4.16,6.0,169.0,0.0,0.0,0.0,0.0,0.0,0.0,0.0,0.0,0.0,0.0,0.0,0.0,0.0,0.0,0.0,0.0,0.0,0.0,0.0,0.0,0.0,0.0,0.0,0.0,0.0,0.0,0.0,0.0,0.0,0.0,0.0,0.0,0.0,0.0,0.0,0.0,False,False,False,False,True
100,124.0,190.5,228.0,4.84,28.0,0.0,112.0,7.22,4.08,5.0,148.0,7339.0,12524.0,94033.0,609.0,469.0,5186.0,10668.0,58.0,0.0,0.0,0.0,5186.0,10668.0,58.0,0.0,12.0,22.0,53.8,176.0,7.6,6.8,1.0,1.0,124.1,9.0,19.0,2.4,0.0,0.0,0.0,0.0,0.0,9.0,2.4,0.0,0.77,False,True,False,False,False
101,173.0,187.96,224.0,4.73,33.0,0.0,116.0,100.0,100.0,1.0,22.0,12101.0,20423.0,140827.0,1446.0,658.0,4031.0,3237.0,150.0,9.0,126.0,0.0,4040.0,3363.0,150.0,15.839999999999998,16.0,33.0,58.9,227.0,7.4,7.3,2.0,1.0,137.3,6.0,2.0,0.3,0.0,1.0,14.0,14.0,0.0,6.0,0.3,1.7599999999999998,0.68,False,True,False,False,False
102,3.0,180.34,199.0,4.51,38.0,0.0,124.0,7.06,4.17,6.0,171.0,0.0,0.0,0.0,0.0,0.0,34.0,44.0,0.0,1923.0,24762.0,130.0,1957.0,24806.0,130.0,0.0,0.0,0.0,0.0,0.0,0.0,0.0,0.0,0.0,0.0,1.0,-1.0,-1.0,0.0,2.0,34.0,11.5,0.0,2.0,11.5,0.0,11.85,False,False,False,False,True
103,107.0,185.42,191.0,4.57,34.0,0.0,118.0,100.0,100.0,5.0,149.0,0.0,0.0,0.0,0.0,0.0,215.0,442.0,0.0,2005.0,32809.0,181.0,2220.0,33251.0,181.0,0.0,0.0,0.0,0.0,0.0,0.0,0.0,0.0,0.0,0.0,2.0,2.0,1.0,0.0,4.0,49.0,15.0,0.0,4.0,15.0,0.0,0.0,False,False,False,False,True
104,96.0,195.57999999999998,221.0,4.9,0.0,0.0,0.0,100.0,100.0,1.0,1.0,17027.0,27334.0,216869.0,1836.0,792.0,2588.0,-2936.0,131.0,21.0,-126.0,0.0,2609.0,-3062.0,131.0,467.88,19.0,32.0,63.3,262.0,8.3,7.7,3.0,1.0,141.3,3.0,1.0,0.5,0.0,1.0,-6.0,-6.0,0.0,3.0,-0.2,22.28,3.7799999999999994,False,True,False,False,False
105,76.0,187.96,228.0,4.79,0.0,0.0,0.0,100.0,100.0,7.0,225.0,9892.0,15287.0,127534.0,1350.0,487.0,2907.0,5321.0,38.0,0.0,0.0,0.0,2907.0,5321.0,38.0,0.0,17.0,28.0,63.2,199.0,8.0,7.7,2.0,1.0,151.1,5.0,5.0,0.7,0.0,0.0,0.0,0.0,0.0,5.0,0.7,0.0,0.0,False,True,False,False,False
106,80.0,193.04,208.0,4.71,37.5,0.0,125.0,6.74,4.21,4.0,106.0,16874.0,29517.0,217016.0,1429.0,884.0,4624.0,-1954.0,109.0,45.0,-45.0,0.0,4669.0,-1999.0,109.0,1332.8999999999999,21.0,34.0,57.6,255.0,7.4,7.7,2.0,1.0,127.1,5.0,1.0,0.3,0.0,1.0,-1.0,-1.0,0.0,5.0,0.3,29.619999999999997,1.7200000000000002,False,True,False,False,False
107,133.0,195.57999999999998,264.0,4.92,29.0,18.0,115.0,7.36,4.09,7.0,241.0,0.0,0.0,0.0,0.0,0.0,2312.0,10131.0,128.0,1525.0,10883.0,83.0,3837.0,21014.0,211.0,0.0,0.0,0.0,0.0,0.0,0.0,0.0,0.0,0.0,0.0,3.0,8.0,2.7,0.0,2.0,15.0,6.9,0.0,7.0,5.4,0.0,0.0,False,False,False,True,False
108,11.0,180.34,203.0,4.46,29.0,0.0,112.0,6.98,4.08,6.0,195.0,0.0,0.0,0.0,0.0,0.0,44.0,1364.0,0.0,1840.0,30022.0,195.0,1884.0,31386.0,195.0,0.0,0.0,0.0,0.0,0.0,0.0,0.0,0.0,0.0,0.0,1.0,31.0,31.0,0.0,3.0,37.0,15.0,0.0,3.0,15.0,0.0,0.0,False,False,False,False,True
109,116.0,198.12,211.0,4.55,34.0,0.0,122.0,6.84,4.16,6.0,199.0,0.0,0.0,0.0,0.0,0.0,0.0,0.0,0.0,0.0,0.0,0.0,0.0,0.0,0.0,0.0,0.0,0.0,0.0,0.0,0.0,0.0,0.0,0.0,0.0,0.0,0.0,0.0,0.0,0.0,0.0,0.0,0.0,0.0,0.0,0.0,2.2,False,False,False,False,True
110,173.0,180.34,209.0,4.65,35.0,0.0,118.0,7.05,4.12,4.0,119.0,9.0,31.0,126.0,0.0,0.0,13260.0,66378.0,321.0,2626.0,26493.0,122.0,15886.0,92871.0,443.0,771.5400000000001,0.0,1.0,0.0,0.0,0.0,0.0,0.0,0.0,0.0,20.0,114.0,5.1,0.0,5.0,55.0,9.2,0.0,24.0,5.8,22.2,13.4,False,False,True,False,False
111,159.0,193.04,229.0,4.51,41.0,0.0,130.0,7.34,4.22,5.0,134.0,0.0,0.0,0.0,0.0,0.0,111.0,538.0,5.0,2194.0,35731.0,140.0,2305.0,36269.0,145.0,0.0,0.0,0.0,0.0,0.0,0.0,0.0,0.0,0.0,0.0,1.0,3.0,3.0,0.0,2.0,40.0,15.0,0.0,3.0,15.0,0.0,0.0,False,False,False,False,True
112,91.0,198.12,246.0,5.19,26.5,0.0,100.0,7.73,4.46,7.0,202.0,14461.0,24960.0,180974.0,1471.0,653.0,2710.0,-3015.0,32.0,45.0,1620.0,45.0,2755.0,-1395.0,77.0,1643.3999999999999,17.0,31.0,57.7,225.0,7.5,7.7,2.0,1.0,140.7,3.0,-6.0,-2.0,0.0,1.0,36.0,36.0,1.0,3.0,-2.0,36.519999999999996,3.719999999999999,False,True,False,False,False
113,129.0,177.8,179.0,4.39,36.0,0.0,0.0,100.0,100.0,4.0,105.0,0.0,0.0,0.0,0.0,0.0,208.0,24.0,0.0,2968.0,40474.0,190.0,3176.0,40498.0,190.0,0.0,0.0,0.0,0.0,0.0,0.0,0.0,0.0,0.0,0.0,1.0,2.0,2.0,0.0,4.0,56.0,13.0,0.0,4.0,12.2,0.0,10.45,False,False,False,False,True
114,34.0,187.96,231.0,4.98,33.5,0.0,115.0,6.89,4.11,7.0,250.0,9019.0,14953.0,132155.0,790.0,531.0,8996.0,49440.0,501.0,1.0,56.0,1.0,8997.0,49496.0,502.0,17.4,12.0,22.0,60.7,181.0,8.2,8.0,1.0,0.0,134.0,13.0,51.0,4.9,1.0,1.0,56.0,56.0,1.0,13.0,4.9,17.4,0.0,False,True,False,False,False
115,91.0,182.88,224.0,4.56,0.0,19.0,0.0,100.0,100.0,1.0,26.0,0.0,0.0,0.0,0.0,0.0,17945.0,80120.0,770.0,1796.0,15627.0,94.0,19741.0,95747.0,864.0,0.0,0.0,0.0,0.0,0.0,0.0,0.0,0.0,0.0,0.0,22.0,95.0,4.3,1.0,2.0,16.0,8.0,0.0,25.0,4.5,0.0,1.5,False,False,True,False,False
116,186.0,190.5,233.0,4.79,30.5,0.0,109.0,7.19,4.3,7.0,217.0,14808.0,26543.0,179462.0,869.0,879.0,4891.0,-4247.0,155.0,13.0,-107.0,0.0,4904.0,-4354.0,155.0,296.44,20.0,38.0,53.1,262.0,6.85,5.9,1.0,1.0,116.4,6.0,-4.0,-1.0,0.0,1.0,-8.0,-8.0,0.0,6.0,-1.0,21.419999999999998,-3.3,False,True,False,False,False
117,112.0,195.57999999999998,229.0,5.08,0.0,0.0,0.0,100.0,100.0,1.0,4.0,20259.0,30085.0,257725.0,1852.0,463.0,4696.0,5684.0,252.0,5.0,39.0,2.0,4701.0,5723.0,254.0,106.36000000000001,23.0,34.0,67.4,297.0,8.2,8.3,2.0,0.0,144.6,4.0,9.0,2.4,0.0,1.0,3.0,3.0,0.0,4.0,2.4,19.340000000000003,-0.4,False,True,False,False,False
118,90.0,195.57999999999998,241.0,4.75,0.0,0.0,0.0,100.0,100.0,1.0,11.0,18921.0,27802.0,248565.0,2076.0,472.0,4335.0,5780.0,158.0,0.0,0.0,0.0,4335.0,5780.0,158.0,0.0,23.0,33.0,67.9,305.0,9.3,9.6,2.0,0.0,162.4,4.0,4.0,1.0,0.0,0.0,0.0,0.0,0.0,4.0,1.0,0.0,13.29,False,True,False,False,False
119,18.0,193.04,268.0,4.97,32.5,22.0,115.0,100.0,100.0,5.0,144.0,0.0,0.0,0.0,0.0,0.0,58.0,1216.0,0.0,5311.0,68683.0,506.0,5369.0,69899.0,506.0,0.0,0.0,0.0,0.0,0.0,0.0,0.0,0.0,0.0,0.0,1.0,24.0,24.0,0.0,2.0,26.0,12.0,0.0,2.0,12.4,0.0,0.0,False,False,False,True,False
120,47.0,190.5,210.0,4.54,34.5,0.0,0.0,7.04,100.0,5.0,164.0,0.0,0.0,0.0,0.0,0.0,17.0,35.0,0.0,2451.0,35658.0,297.0,2468.0,35693.0,297.0,0.0,0.0,0.0,0.0,0.0,0.0,0.0,0.0,0.0,0.0,1.0,3.0,3.0,0.0,3.0,54.0,12.2,0.0,3.0,12.2,0.0,0.0,False,False,False,False,True
121,183.0,198.12,243.0,5.04,30.5,0.0,110.0,7.65,4.62,3.0,90.0,18192.0,26250.0,187398.0,1301.0,607.0,2311.0,-609.0,84.0,0.0,0.0,0.0,2311.0,-609.0,84.0,0.0,23.0,36.0,69.6,260.0,7.1,7.4,2.0,1.0,141.1,3.0,1.0,0.3,0.0,0.0,0.0,0.0,0.0,3.0,0.3,0.0,0.18,False,True,False,False,False
122,55.0,177.8,194.0,4.78,32.5,0.0,114.0,100.0,4.35,7.0,214.0,3256.0,6030.0,47808.0,302.0,172.0,9633.0,31897.0,362.0,5513.0,73636.0,351.0,15146.0,105533.0,713.0,1105.44,12.0,27.0,58.8,146.0,7.7,7.1,1.0,0.0,121.6,5.0,20.0,3.0,0.0,4.0,53.0,11.1,0.0,9.0,8.5,21.84,2.85,False,False,False,False,True
123,93.0,190.5,223.0,4.95,26.5,0.0,101.0,7.65,4.36,6.0,201.0,15245.0,25097.0,176236.0,1033.0,658.0,3995.0,-5192.0,157.0,40.0,880.0,0.0,4035.0,-4312.0,157.0,1033.6,21.0,35.0,61.5,252.0,6.7,5.9,2.0,1.0,120.3,5.0,-7.0,-1.3,0.0,1.0,22.0,22.0,0.0,5.0,-1.3,25.84,0.0,False,True,False,False,False
124,167.0,182.88,210.0,4.9,0.0,0.0,0.0,100.0,100.0,7.0,248.0,18064.0,28211.0,227352.0,1931.0,1046.0,3081.0,6269.0,185.0,3.0,57.0,0.0,3084.0,6326.0,185.0,0.0,32.0,51.0,62.7,408.0,7.8,8.0,3.0,1.0,141.2,5.0,12.0,2.8,0.0,1.0,19.0,19.0,0.0,5.0,2.8,0.0,0.0,False,True,False,False,False
125,95.0,185.42,245.0,4.8,32.5,23.0,114.0,7.65,4.52,5.0,162.0,4.0,4.0,197.0,3.0,0.0,6459.0,31068.0,490.0,208.0,2489.0,22.0,6667.0,33557.0,512.0,15.1,1.0,1.0,100.0,64.0,64.0,84.0,1.0,0.0,967.6,9.0,37.0,4.6,0.0,1.0,4.0,4.0,0.0,9.0,4.6,15.1,2.5,True,False,False,False,False
126,166.0,185.42,197.0,4.46,0.0,0.0,0.0,100.0,100.0,6.0,168.0,0.0,0.0,0.0,0.0,0.0,115.0,743.0,0.0,1361.0,26165.0,210.0,1476.0,26908.0,210.0,0.0,0.0,0.0,0.0,0.0,0.0,0.0,0.0,0.0,0.0,2.0,13.0,6.5,0.0,5.0,89.0,19.7,1.0,5.0,17.6,0.0,1.9,False,False,False,False,True
127,165.0,185.42,203.0,4.5,0.0,0.0,0.0,100.0,100.0,7.0,211.0,0.0,0.0,0.0,0.0,0.0,35.0,-51.0,0.0,1560.0,22753.0,125.0,1595.0,22702.0,125.0,0.0,0.0,0.0,0.0,0.0,0.0,0.0,0.0,0.0,0.0,1.0,-3.0,-3.0,0.0,2.0,36.0,11.0,0.0,2.0,11.0,0.0,0.0,False,False,False,False,True
128,43.0,193.04,265.0,4.65,0.0,0.0,0.0,100.0,100.0,2.0,40.0,0.0,0.0,0.0,0.0,0.0,0.0,0.0,0.0,1894.0,34364.0,313.0,1894.0,34364.0,313.0,0.0,0.0,0.0,0.0,0.0,0.0,0.0,0.0,0.0,0.0,0.0,0.0,0.0,0.0,3.0,53.0,16.0,0.0,3.0,16.0,0.0,1.85,False,False,False,True,False
129,118.0,177.8,237.0,4.49,31.0,22.0,114.0,7.5,4.15,5.0,154.0,0.0,0.0,0.0,0.0,0.0,17132.0,92263.0,828.0,1542.0,13117.0,167.0,18674.0,105380.0,995.0,0.0,0.0,0.0,0.0,0.0,0.0,0.0,0.0,0.0,0.0,19.0,126.0,5.3,1.0,1.0,7.0,6.0,0.0,11.0,5.1,0.0,1.7,False,False,True,False,False
130,52.0,190.5,258.0,4.5,35.5,34.0,123.0,7.38,4.11,1.0,32.0,0.0,0.0,0.0,0.0,0.0,0.0,0.0,0.0,1341.0,18634.0,158.0,1341.0,18634.0,158.0,0.0,0.0,0.0,0.0,0.0,0.0,0.0,0.0,0.0,0.0,0.0,0.0,0.0,0.0,2.0,41.0,13.8,0.0,2.0,13.8,0.0,0.0,False,False,False,True,False
131,83.0,185.42,188.0,4.5,0.0,0.0,0.0,100.0,100.0,2.0,54.0,0.0,0.0,0.0,0.0,0.0,552.0,4552.0,0.0,4957.0,65807.0,821.0,5509.0,70359.0,821.0,0.0,0.0,0.0,0.0,0.0,0.0,0.0,0.0,0.0,0.0,1.0,9.0,4.5,0.0,5.0,75.0,12.8,1.0,6.0,11.2,0.0,3.3,False,False,False,False,True
132,184.0,193.04,226.0,4.79,40.5,0.0,130.0,100.0,4.17,4.0,120.0,0.0,0.0,0.0,0.0,0.0,0.0,0.0,0.0,2752.0,47943.0,273.0,2752.0,47943.0,273.0,0.0,0.0,0.0,0.0,0.0,0.0,0.0,0.0,0.0,0.0,0.0,0.0,0.0,0.0,4.0,59.0,15.0,0.0,4.0,15.0,0.0,1.4,False,False,False,False,True
133,186.0,193.04,229.0,4.56,0.0,0.0,0.0,100.0,100.0,1.0,9.0,0.0,0.0,0.0,0.0,0.0,122.0,448.0,0.0,5043.0,68574.0,453.0,5165.0,69022.0,453.0,0.0,0.0,0.0,0.0,0.0,0.0,0.0,0.0,0.0,0.0,1.0,4.0,4.0,0.0,7.0,94.0,13.8,1.0,7.0,13.8,0.0,1.9,False,False,False,False,True
134,165.0,187.96,212.0,4.48,0.0,0.0,0.0,100.0,100.0,1.0,7.0,44.0,44.0,2464.0,0.0,0.0,619.0,2435.0,14.0,4838.0,74097.0,535.0,5457.0,76532.0,549.0,0.0,1.0,1.0,100.0,56.0,56.0,56.0,0.0,0.0,570.4,1.0,5.0,5.0,0.0,5.0,81.0,13.8,0.0,6.0,12.7,0.0,7.4,False,False,False,False,True
135,135.0,187.96,248.0,4.62,35.0,24.0,119.0,6.88,4.1,2.0,61.0,0.0,0.0,0.0,0.0,0.0,0.0,0.0,0.0,2428.0,33898.0,470.0,2428.0,33898.0,470.0,0.0,0.0,0.0,0.0,0.0,0.0,0.0,0.0,0.0,0.0,0.0,0.0,0.0,0.0,3.0,33.0,12.5,0.0,3.0,12.5,0.0,0.0,False,False,False,True,False
136,190.0,175.26,225.0,4.6,33.5,26.0,118.0,7.68,4.36,7.0,219.0,0.0,0.0,0.0,0.0,0.0,12994.0,65125.0,519.0,656.0,4651.0,46.0,13650.0,69776.0,565.0,0.0,0.0,0.0,0.0,0.0,0.0,0.0,0.0,0.0,0.0,19.0,99.0,5.4,0.0,1.0,4.0,4.0,0.0,20.0,5.5,0.0,0.0,False,False,True,False,False
137,73.0,190.5,256.0,4.89,33.0,25.0,109.0,7.56,4.36,3.0,78.0,12554.0,20493.0,145740.0,968.0,732.0,8459.0,25654.0,551.0,1955.0,27146.0,371.0,10414.0,52800.0,922.0,441.0,14.0,24.0,66.7,158.0,7.1,6.7,1.0,0.0,135.3,6.0,11.0,2.3,0.0,2.0,22.0,14.0,0.0,4.0,4.4,10.5,1.05,True,False,False,False,False
138,89.0,193.04,251.0,4.55,0.0,24.0,120.0,100.0,100.0,1.0,6.0,0.0,0.0,0.0,0.0,0.0,0.0,0.0,0.0,2927.0,31356.0,78.0,2927.0,31356.0,78.0,0.0,0.0,0.0,0.0,0.0,0.0,0.0,0.0,0.0,0.0,0.0,0.0,0.0,0.0,4.0,43.0,10.4,0.0,4.0,10.4,0.0,3.75,False,False,False,True,False
139,127.0,187.96,202.0,4.47,39.0,0.0,125.0,6.93,3.97,1.0,31.0,0.0,1.0,0.0,0.0,0.0,0.0,0.0,0.0,4554.0,72472.0,910.0,4554.0,72472.0,910.0,0.0,0.0,1.0,0.0,0.0,0.0,0.0,0.0,0.0,0.0,0.0,0.0,0.0,0.0,6.0,98.0,16.1,1.0,6.0,16.1,0.0,1.1,False,False,False,False,True
140,131.0,198.12,242.0,5.03,29.0,0.0,103.0,7.67,4.62,6.0,213.0,17988.0,34324.0,264686.0,1781.0,1291.0,4215.0,-9957.0,267.0,0.0,0.0,0.0,4215.0,-9957.0,267.0,0.0,21.0,37.0,52.4,276.0,8.0,6.3,2.0,1.0,125.0,4.0,-8.0,-2.0,0.0,0.0,0.0,0.0,0.0,4.0,-2.0,0.0,0.0,False,True,False,False,False
141,23.0,175.26,214.0,4.4,35.0,18.0,121.0,6.81,4.1,2.0,44.0,0.0,0.0,0.0,0.0,0.0,9281.0,60372.0,590.0,1258.0,9460.0,36.0,10539.0,69832.0,626.0,0.0,0.0,0.0,0.0,0.0,0.0,0.0,0.0,0.0,0.0,11.0,52.0,5.6,1.0,2.0,18.0,6.5,0.0,12.0,5.5,0.0,4.7,False,False,True,False,False
142,127.0,195.57999999999998,261.0,4.74,31.5,16.0,113.0,7.05,4.25,7.0,249.0,0.0,0.0,0.0,0.0,0.0,0.0,0.0,0.0,1103.0,16358.0,107.0,1103.0,16358.0,107.0,0.0,0.0,0.0,0.0,0.0,0.0,0.0,0.0,0.0,0.0,0.0,0.0,0.0,0.0,1.0,15.0,12.0,0.0,1.0,12.0,0.0,0.75,False,False,False,True,False
143,95.0,180.34,221.0,4.49,40.0,20.0,127.0,100.0,100.0,4.0,109.0,0.0,0.0,0.0,0.0,0.0,0.0,0.0,0.0,0.0,0.0,0.0,0.0,0.0,0.0,0.0,0.0,0.0,0.0,0.0,0.0,0.0,0.0,0.0,0.0,0.0,0.0,0.0,0.0,0.0,0.0,0.0,0.0,0.0,0.0,0.0,0.0,False,False,True,False,False
144,165.0,177.8,222.0,4.62,0.0,0.0,0.0,100.0,100.0,1.0,4.0,0.0,0.0,0.0,0.0,0.0,24731.0,135400.0,1837.0,1219.0,12606.0,93.0,25950.0,148006.0,1930.0,0.0,0.0,0.0,0.0,0.0,0.0,0.0,0.0,0.0,0.0,26.0,140.0,5.4,2.0,1.0,15.0,8.0,0.0,27.0,5.7,0.0,1.0,False,False,True,False,False
145,125.0,185.42,201.0,4.37,39.5,0.0,128.0,6.96,3.98,2.0,39.0,97.0,97.0,1831.0,83.0,0.0,70.0,1593.0,25.0,709.0,13997.0,290.0,779.0,15590.0,315.0,0.0,1.0,1.0,100.0,17.0,17.0,37.0,1.0,0.0,572.8,1.0,13.0,13.0,0.0,1.0,17.0,14.0,1.0,2.0,15.0,0.0,4.65,False,False,False,False,True
146,176.0,185.42,196.0,4.46,36.0,0.0,0.0,100.0,100.0,6.0,195.0,0.0,33.0,0.0,0.0,0.0,143.0,732.0,5.0,4697.0,67840.0,289.0,4840.0,68572.0,294.0,0.0,0.0,1.0,0.0,0.0,0.0,0.0,0.0,0.0,0.0,1.0,2.0,2.0,0.0,5.0,73.0,14.3,0.0,5.0,14.3,0.0,0.0,False,False,False,False,True
147,29.0,180.34,250.0,4.59,30.0,25.0,108.0,7.54,4.28,7.0,222.0,0.0,0.0,0.0,0.0,0.0,0.0,0.0,0.0,0.0,0.0,0.0,0.0,0.0,0.0,0.0,0.0,0.0,0.0,0.0,0.0,0.0,0.0,0.0,0.0,0.0,0.0,0.0,0.0,0.0,0.0,0.0,0.0,0.0,0.0,0.0,0.3,False,False,True,False,False
148,52.0,187.96,196.0,4.45,41.5,0.0,128.0,6.99,3.94,2.0,35.0,0.0,15.0,0.0,0.0,0.0,231.0,3192.0,0.0,5428.0,80670.0,577.0,5659.0,83862.0,577.0,0.0,0.0,1.0,0.0,0.0,0.0,0.0,0.0,0.0,0.0,1.0,12.0,12.0,0.0,3.0,37.0,12.3,0.0,3.0,12.3,0.0,3.9000000000000004,False,False,False,False,True
149,11.0,182.88,233.0,4.43,34.0,18.0,117.0,7.1,4.08,1.0,2.0,0.0,11.0,0.0,0.0,0.0,9524.0,52686.0,570.0,1326.0,15296.0,32.0,10850.0,67982.0,602.0,148.5,0.0,1.0,0.0,0.0,0.0,0.0,0.0,0.0,0.0,10.0,50.0,4.5,1.0,2.0,22.0,11.5,0.0,11.0,5.7,13.5,11.15,False,False,True,False,False
150,11.0,195.57999999999998,230.0,4.71,0.0,0.0,0.0,100.0,100.0,1.0,25.0,12190.0,18604.0,168453.0,1146.0,476.0,3960.0,1694.0,161.0,0.0,0.0,0.0,3960.0,1694.0,161.0,0.0,12.0,18.0,66.7,177.0,8.9,9.7,1.0,0.0,158.8,3.0,1.0,0.3,0.0,0.0,0.0,0.0,0.0,3.0,0.3,0.0,0.0,False,True,False,False,False
151,124.0,182.88,234.0,4.78,34.0,22.0,115.0,100.0,100.0,3.0,101.0,0.0,0.0,0.0,0.0,0.0,1480.0,8343.0,59.0,84.0,758.0,6.0,1564.0,9101.0,65.0,0.0,0.0,0.0,0.0,0.0,0.0,0.0,0.0,0.0,0.0,20.0,119.0,6.0,0.0,2.0,16.0,7.5,0.0,22.0,7.0,0.0,0.0,False,False,True,False,False
152,125.0,177.8,193.0,4.41,36.5,0.0,118.0,6.95,4.07,1.0,22.0,0.0,1.0,0.0,0.0,0.0,280.0,1198.0,0.0,5460.0,87443.0,910.0,5740.0,88641.0,910.0,0.0,0.0,1.0,0.0,0.0,0.0,0.0,0.0,0.0,0.0,1.0,6.0,3.0,0.0,5.5,96.0,15.5,1.0,5.5,14.8,0.0,4.95,False,False,False,False,True
153,93.0,177.8,196.0,4.49,34.0,17.0,118.0,7.13,4.25,6.0,201.0,0.0,0.0,0.0,0.0,0.0,0.0,0.0,0.0,0.0,0.0,0.0,0.0,0.0,0.0,0.0,0.0,0.0,0.0,0.0,0.0,0.0,0.0,0.0,0.0,0.0,0.0,0.0,0.0,0.0,0.0,0.0,0.0,0.0,0.0,0.0,0.0,False,False,True,False,False
154,121.0,193.04,267.0,4.71,0.0,21.0,118.0,100.0,100.0,5.0,144.0,0.0,0.0,0.0,0.0,0.0,0.0,0.0,0.0,127.0,1567.0,0.0,127.0,1567.0,0.0,0.0,0.0,0.0,0.0,0.0,0.0,0.0,0.0,0.0,0.0,0.0,0.0,0.0,0.0,1.0,13.0,13.0,0.0,1.0,13.0,0.0,0.0,False,False,False,True,False
155,30.0,177.8,186.0,4.49,38.0,0.0,125.0,7.05,4.07,5.0,140.0,0.0,0.0,0.0,0.0,0.0,202.0,293.0,0.0,3174.0,44004.0,260.0,3376.0,44297.0,260.0,0.0,0.0,0.0,0.0,0.0,0.0,0.0,0.0,0.0,0.0,1.0,2.0,2.0,0.0,4.0,61.0,13.0,0.0,4.0,12.0,0.0,0.0,False,False,False,False,True
156,197.0,170.18,200.0,4.5,38.0,18.0,121.0,7.39,100.0,7.0,243.0,0.0,130.0,0.0,0.0,0.0,12532.0,65010.0,631.0,850.0,5942.0,432.0,13382.0,70952.0,1063.0,0.0,0.0,1.0,0.0,0.0,0.0,0.0,0.0,0.0,0.0,8.0,35.0,4.1,0.0,1.0,3.0,3.0,1.0,1.0,3.9,0.0,0.0,False,False,True,False,False
157,34.0,193.04,260.0,4.72,36.0,22.0,113.0,7.09,4.01,6.0,198.0,0.0,0.0,0.0,0.0,0.0,23.0,46.0,0.0,2254.0,21725.0,182.0,2277.0,21771.0,182.0,0.0,0.0,0.0,0.0,0.0,0.0,0.0,0.0,0.0,0.0,1.0,2.0,2.0,0.0,3.0,24.0,8.0,0.0,3.0,8.0,0.0,0.6,False,False,False,True,False
158,91.0,190.5,211.0,4.45,0.0,0.0,0.0,100.0,100.0,1.0,3.0,0.0,0.0,0.0,0.0,0.0,239.0,2068.0,0.0,6014.0,84764.0,995.0,6253.0,86832.0,995.0,0.0,0.0,0.0,0.0,0.0,0.0,0.0,0.0,0.0,0.0,1.0,8.0,8.0,0.0,7.0,98.0,14.0,1.0,7.0,14.0,0.0,6.25,False,False,False,False,True
159,89.0,195.57999999999998,241.0,4.72,0.0,0.0,0.0,100.0,100.0,3.0,86.0,0.0,0.0,0.0,0.0,0.0,33.0,-99.0,0.0,864.0,10729.0,120.0,897.0,10630.0,120.0,0.0,0.0,0.0,0.0,0.0,0.0,0.0,0.0,0.0,0.0,1.0,-3.0,-3.0,0.0,1.0,18.0,11.0,0.0,2.0,11.0,0.0,0.0,False,False,False,True,False
160,43.0,185.42,207.0,4.58,0.0,0.0,0.0,100.0,100.0,4.0,112.0,0.0,0.0,0.0,0.0,0.0,8618.0,51297.0,390.0,1240.0,11691.0,166.0,9858.0,62988.0,556.0,0.0,0.0,0.0,0.0,0.0,0.0,0.0,0.0,0.0,0.0,11.0,62.0,5.4,0.0,2.0,20.0,8.2,0.0,11.0,5.9,0.0,1.3,False,False,True,False,False
161,57.0,187.96,232.0,4.86,30.5,0.0,105.0,7.09,4.07,7.0,250.0,0.0,0.0,0.0,0.0,0.0,0.0,0.0,0.0,0.0,0.0,0.0,0.0,0.0,0.0,0.0,0.0,0.0,0.0,0.0,0.0,0.0,0.0,0.0,0.0,0.0,0.0,0.0,0.0,0.0,0.0,0.0,0.0,0.0,0.0,0.0,7.389999999999999,False,True,False,False,False
162,1.0,193.04,225.0,4.79,33.0,0.0,113.0,6.94,4.08,3.0,67.0,17966.0,28584.0,225893.0,1394.0,654.0,8099.0,16541.0,362.0,62.0,562.0,0.0,8161.0,17103.0,362.0,1824.74,17.0,32.0,63.2,223.0,7.9,8.6,1.0,0.0,145.5,8.0,17.0,1.8,0.0,1.0,14.0,14.0,0.0,8.0,1.7,33.1,1.6699999999999997,False,True,False,False,False
163,82.0,182.88,222.0,4.6,36.0,23.0,121.0,7.17,4.1,7.0,236.0,0.0,0.0,0.0,0.0,0.0,8034.0,43081.0,560.0,1342.0,17217.0,62.0,9376.0,60298.0,622.0,0.0,0.0,0.0,0.0,0.0,0.0,0.0,0.0,0.0,0.0,10.0,48.0,5.0,0.0,2.0,13.0,9.0,0.0,11.0,5.8,0.0,0.0,False,False,True,False,False
164,52.0,193.04,196.0,4.55,38.5,0.0,126.0,7.03,4.1,4.0,131.0,0.0,0.0,0.0,0.0,0.0,52.0,16.0,0.0,2767.0,48078.0,293.0,2819.0,48094.0,293.0,0.0,0.0,0.0,0.0,0.0,0.0,0.0,0.0,0.0,0.0,1.0,-6.0,-6.0,0.0,3.0,50.0,16.5,0.0,3.0,16.5,0.0,0.0,False,False,False,False,True
165,89.0,175.26,217.0,4.58,0.0,0.0,0.0,100.0,100.0,3.0,65.0,0.0,0.0,0.0,0.0,0.0,6789.0,37130.0,292.0,371.0,3432.0,0.0,7160.0,40562.0,292.0,0.0,0.0,0.0,0.0,0.0,0.0,0.0,0.0,0.0,0.0,13.0,74.0,4.8,1.0,1.0,10.0,8.0,0.0,13.0,4.8,0.0,5.0,False,False,True,False,False
166,101.0,180.34,251.0,4.84,31.0,23.0,109.0,7.24,4.21,5.0,158.0,0.0,0.0,0.0,0.0,0.0,2262.0,10768.0,238.0,1168.0,14024.0,124.0,3430.0,24792.0,362.0,0.0,0.0,0.0,0.0,0.0,0.0,0.0,0.0,0.0,0.0,1.0,5.0,3.1,0.0,1.0,8.0,8.0,0.0,1.0,7.5,0.0,1.4500000000000002,True,False,False,False,False
167,52.0,190.5,226.0,4.78,31.5,0.0,115.0,7.0,4.1,3.0,85.0,17221.0,29948.0,232005.0,1384.0,709.0,5048.0,-6466.0,177.0,113.0,1004.0,0.0,5161.0,-5462.0,177.0,457.2,16.0,29.0,56.7,210.0,7.6,7.8,1.0,0.0,127.0,4.0,-3.0,-1.5,0.0,2.0,20.0,8.0,0.0,4.0,-1.5,22.86,0.0,False,True,False,False,False
168,110.0,190.5,266.0,4.87,32.5,29.0,108.0,7.41,4.24,7.0,251.0,0.0,0.0,0.0,0.0,0.0,727.0,2814.0,38.0,83.0,704.0,0.0,810.0,3518.0,38.0,0.0,0.0,0.0,0.0,0.0,0.0,0.0,0.0,0.0,0.0,10.0,35.0,3.5,0.0,1.0,7.0,7.0,0.0,1.0,6.0,0.0,1.45,True,False,False,False,False
169,190.0,193.04,197.0,4.5,0.0,0.0,0.0,100.0,100.0,3.0,83.0,0.0,0.0,0.0,0.0,0.0,36700.0,134138.0,1360.0,10707.0,138257.0,879.0,47407.0,272395.0,2239.0,0.0,0.0,0.0,0.0,0.0,0.0,0.0,0.0,0.0,0.0,9.0,24.0,2.7,0.0,3.0,25.0,12.0,0.0,7.0,6.2,0.0,8.25,False,False,False,False,True
170,120.0,180.34,224.0,4.6,31.0,17.0,108.0,6.95,3.97,7.0,244.0,0.0,0.0,0.0,0.0,0.0,11870.0,64156.0,569.0,1799.0,18083.0,44.0,13669.0,82239.0,613.0,0.0,0.0,0.0,0.0,0.0,0.0,0.0,0.0,0.0,0.0,10.0,78.0,4.1,0.0,2.0,26.0,9.0,0.0,12.0,5.7,0.0,2.7,False,False,True,False,False
171,163.0,180.34,225.0,4.61,0.0,0.0,0.0,100.0,100.0,6.0,182.0,0.0,0.0,0.0,0.0,0.0,11040.0,55765.0,343.0,886.0,7958.0,15.0,11926.0,63723.0,358.0,0.0,0.0,0.0,0.0,0.0,0.0,0.0,0.0,0.0,0.0,12.0,54.0,4.4,0.0,1.0,10.0,9.0,0.0,13.0,4.4,0.0,2.0999999999999996,False,False,True,False,False
172,117.0,195.57999999999998,241.0,4.46,39.0,0.0,0.0,100.0,100.0,2.0,61.0,0.0,0.0,0.0,0.0,0.0,0.0,0.0,0.0,0.0,0.0,0.0,0.0,0.0,0.0,0.0,0.0,0.0,0.0,0.0,0.0,0.0,0.0,0.0,0.0,0.0,0.0,0.0,0.0,0.0,0.0,0.0,0.0,0.0,0.0,0.0,2.3,False,False,False,False,True
173,66.0,187.96,266.0,4.75,33.0,23.0,113.0,7.5,4.48,6.0,196.0,0.0,0.0,0.0,0.0,0.0,14653.0,53147.0,0.0,2602.0,21256.0,239.0,17255.0,74403.0,239.0,0.0,0.0,0.0,0.0,0.0,0.0,0.0,0.0,0.0,0.0,8.0,28.0,3.0,0.0,1.0,7.0,6.7,0.0,10.0,3.6,0.0,0.0,False,False,False,True,False
174,154.0,193.04,267.0,4.56,37.0,19.0,118.0,7.53,4.46,4.0,110.0,0.0,0.0,0.0,0.0,0.0,7247.0,33074.0,581.0,575.0,5872.0,38.0,7822.0,38946.0,619.0,0.0,0.0,0.0,0.0,0.0,0.0,0.0,0.0,0.0,0.0,6.0,19.0,3.5,0.0,1.0,9.0,8.0,0.0,4.0,4.9,0.0,1.6,False,False,True,False,False
175,125.0,185.42,210.0,4.42,37.0,0.0,114.0,7.03,4.08,3.0,96.0,7656.0,15515.0,118680.0,562.0,523.0,14260.0,36546.0,451.0,3873.0,56384.0,778.0,18133.0,92930.0,1229.0,0.0,6.0,13.0,50.0,62.0,5.7,6.5,0.0,0.0,101.5,4.0,6.0,2.5,0.0,2.0,26.0,11.0,0.0,4.0,4.8,0.0,4.0,False,False,False,False,True
176,8.0,198.12,242.0,4.37,39.5,0.0,129.0,100.0,100.0,1.0,21.0,10885.0,19286.0,159215.0,1453.0,822.0,14954.0,86122.0,793.0,434.0,2341.0,6.0,15388.0,88463.0,799.0,938.9599999999999,11.0,16.0,59.0,140.0,8.4,8.5,1.0,0.0,143.6,8.0,37.0,4.5,0.0,1.0,5.0,4.5,0.0,8.0,4.8,19.36,5.1,False,False,False,True,False
177,82.0,182.88,208.0,4.56,31.0,0.0,111.0,7.03,4.09,4.0,121.0,0.0,0.0,0.0,0.0,0.0,0.0,0.0,0.0,0.0,0.0,0.0,0.0,0.0,0.0,0.0,0.0,0.0,0.0,0.0,0.0,0.0,0.0,0.0,0.0,0.0,0.0,0.0,0.0,0.0,0.0,0.0,0.0,0.0,0.0,0.0,0.0,False,True,False,False,False
178,23.0,190.5,217.0,4.5,0.0,0.0,0.0,100.0,100.0,4.0,118.0,0.0,20.0,0.0,0.0,0.0,86.0,774.0,0.0,941.0,23943.0,232.0,1027.0,24717.0,232.0,0.0,0.0,1.0,0.0,0.0,0.0,0.0,0.0,0.0,0.0,1.0,9.0,9.0,0.0,3.0,65.0,21.7,0.0,3.0,18.5,0.0,0.0,False,False,False,False,True
179,190.0,182.88,185.0,4.51,38.0,0.0,121.0,6.81,3.95,5.0,174.0,8997.0,17278.0,125407.0,1037.0,702.0,11003.0,43126.0,507.0,33.0,489.0,0.0,11036.0,43615.0,507.0,642.84,9.0,17.0,50.0,125.0,6.6,4.9,1.0,1.0,115.4,11.0,40.0,3.7,0.0,1.0,25.0,25.0,0.0,11.0,3.7,22.92,1.5000000000000002,False,False,False,False,True
180,73.0,180.34,181.0,4.28,35.5,0.0,123.0,100.0,100.0,4.0,114.0,0.0,0.0,0.0,0.0,0.0,0.0,0.0,0.0,0.0,0.0,0.0,0.0,0.0,0.0,0.0,0.0,0.0,0.0,0.0,0.0,0.0,0.0,0.0,0.0,0.0,0.0,0.0,0.0,0.0,0.0,0.0,0.0,0.0,0.0,0.0,12.100000000000001,False,False,False,False,True
181,65.0,185.42,211.0,4.4,37.0,0.0,120.0,7.19,4.21,7.0,226.0,0.0,0.0,0.0,0.0,0.0,0.0,0.0,0.0,0.0,0.0,0.0,0.0,0.0,0.0,0.0,0.0,0.0,0.0,0.0,0.0,0.0,0.0,0.0,0.0,0.0,0.0,0.0,0.0,0.0,0.0,0.0,0.0,0.0,0.0,0.0,0.0,False,False,False,False,True
182,47.0,190.5,218.0,4.71,34.5,22.0,128.0,6.93,4.08,5.0,152.0,1612.0,2840.0,19249.0,184.0,31.0,850.0,3273.0,0.0,0.0,0.0,0.0,850.0,3273.0,0.0,0.0,8.0,12.0,63.6,99.0,7.9,8.0,2.0,0.0,147.2,6.0,25.0,4.2,0.0,0.0,0.0,0.0,0.0,6.0,4.2,0.0,0.0,False,True,False,False,False
183,183.0,195.57999999999998,256.0,4.79,0.0,0.0,0.0,100.0,100.0,1.0,30.0,5.0,5.0,100.0,5.0,0.0,20.0,120.0,0.0,4275.0,50584.0,386.0,4295.0,50704.0,386.0,0.0,1.0,1.0,100.0,20.0,20.0,40.0,1.0,0.0,598.0,1.0,6.0,6.0,0.0,4.0,50.0,11.2,0.0,4.0,11.2,0.0,6.2,False,False,False,True,False
184,80.0,172.72,210.0,4.46,36.0,19.0,117.0,7.22,4.1,3.0,77.0,0.0,0.0,0.0,0.0,0.0,15281.0,99225.0,875.0,1617.0,14823.0,86.0,16898.0,114048.0,961.0,0.0,0.0,0.0,0.0,0.0,0.0,0.0,0.0,0.0,0.0,17.0,100.0,6.0,1.0,2.0,13.0,8.0,0.0,18.0,6.6,0.0,2.4,False,False,True,False,False
185,127.0,177.8,212.0,4.66,33.5,19.0,108.0,7.02,4.12,3.0,73.0,0.0,0.0,0.0,0.0,0.0,11070.0,71249.0,605.0,268.0,2492.0,15.0,11338.0,73741.0,620.0,0.0,0.0,0.0,0.0,0.0,0.0,0.0,0.0,0.0,0.0,17.0,93.0,5.1,0.0,1.0,4.0,4.0,0.0,18.0,5.0,0.0,8.3,False,False,True,False,False
186,166.0,185.42,202.0,4.39,0.0,0.0,0.0,100.0,100.0,2.0,58.0,0.0,0.0,0.0,0.0,0.0,566.0,3448.0,1.0,3807.0,62352.0,141.0,4373.0,65800.0,142.0,0.0,0.0,0.0,0.0,0.0,0.0,0.0,0.0,0.0,0.0,2.0,0.0,0.0,0.0,4.0,68.5,15.3,0.0,4.0,15.0,0.0,5.4,False,False,False,False,True
187,35.0,195.57999999999998,225.0,4.93,29.5,0.0,107.0,7.33,4.39,5.0,145.0,20051.0,33219.0,245495.0,1960.0,1010.0,2295.0,-4491.0,23.0,0.0,0.0,0.0,2295.0,-4491.0,23.0,0.0,23.0,38.0,62.5,282.0,7.7,7.8,2.0,1.0,140.4,2.0,-6.0,-2.0,0.0,0.0,0.0,0.0,0.0,2.0,-2.0,0.0,-1.28,False,True,False,False,False
188,137.0,193.04,233.0,5.06,26.5,0.0,0.0,7.38,4.52,4.0,106.0,17373.0,29150.0,211061.0,1315.0,552.0,6965.0,11318.0,150.0,0.0,0.0,0.0,6965.0,11318.0,150.0,0.0,16.0,28.0,58.3,213.0,7.2,7.3,1.0,0.0,132.5,7.0,9.0,0.9,0.0,0.0,0.0,0.0,0.0,7.0,0.9,0.0,6.08,False,True,False,False,False
189,58.0,170.18,183.0,4.62,37.0,0.0,116.0,6.7,3.94,6.0,185.0,0.0,0.0,0.0,0.0,0.0,107.0,51.0,2.0,6175.0,80232.0,715.0,6282.0,80283.0,717.0,0.0,0.0,0.0,0.0,0.0,0.0,0.0,0.0,0.0,0.0,1.0,-1.0,-1.0,0.0,8.0,80.0,11.4,1.0,8.0,11.4,0.0,0.0,False,False,False,False,True
190,89.0,177.8,168.0,4.37,0.0,0.0,0.0,100.0,100.0,2.0,55.0,0.0,5.0,0.0,0.0,0.0,493.0,4120.0,13.0,2083.0,31244.0,336.0,2576.0,35364.0,349.0,0.0,0.0,1.0,0.0,0.0,0.0,0.0,0.0,0.0,0.0,1.0,8.0,8.0,0.0,3.0,41.0,13.0,0.0,3.5,12.5,0.0,6.71,False,False,False,False,True
191,183.0,175.26,208.0,4.63,34.0,24.0,114.0,7.06,4.08,4.0,127.0,0.0,0.0,0.0,0.0,0.0,9701.0,44661.0,380.0,4108.0,38428.0,256.0,13809.0,83089.0,636.0,0.0,0.0,0.0,0.0,0.0,0.0,0.0,0.0,0.0,0.0,8.0,35.0,4.3,0.0,4.0,45.0,8.4,0.0,12.0,6.0,0.0,5.8,False,False,True,False,False
192,176.0,187.96,229.0,4.46,34.0,0.0,116.0,7.0,100.0,6.0,190.0,0.0,17.0,0.0,0.0,0.0,13.0,288.0,18.0,951.0,16495.0,92.0,964.0,16783.0,110.0,0.0,0.0,1.0,0.0,0.0,0.0,0.0,0.0,0.0,0.0,1.0,12.0,8.0,1.0,3.0,34.0,13.2,0.0,3.0,15.6,0.0,6.050000000000001,False,False,False,False,True
193,64.0,182.88,189.0,4.41,36.5,0.0,126.0,6.6,3.94,3.0,68.0,0.0,0.0,0.0,0.0,0.0,819.0,4808.0,29.0,3845.0,53080.0,234.0,4664.0,57888.0,263.0,0.0,0.0,0.0,0.0,0.0,0.0,0.0,0.0,0.0,0.0,1.0,11.0,6.0,0.0,4.0,49.0,14.0,0.0,5.0,11.0,0.0,6.9,False,False,False,False,True
194,23.0,187.96,223.0,4.71,34.5,0.0,110.0,7.38,100.0,1.0,24.0,13298.0,21003.0,177615.0,1373.0,386.0,5083.0,10996.0,270.0,15.0,150.0,0.0,5098.0,11146.0,270.0,466.5,17.0,27.0,68.3,235.0,8.7,8.3,2.0,0.0,161.7,6.0,12.0,2.0,0.0,1.0,10.0,10.0,0.0,6.0,2.4,31.1,-2.8,False,True,False,False,False
195,82.0,190.5,206.0,4.56,34.5,0.0,0.0,100.0,100.0,7.0,253.0,0.0,0.0,0.0,0.0,0.0,0.0,0.0,0.0,5089.0,77061.0,527.0,5089.0,77061.0,527.0,0.0,0.0,0.0,0.0,0.0,0.0,0.0,0.0,0.0,0.0,0.0,0.0,0.0,0.0,6.0,78.5,13.9,0.0,6.0,13.9,0.0,0.0,False,False,False,False,True
196,165.0,190.5,249.0,4.75,32.5,24.0,114.0,7.21,4.12,6.0,179.0,0.0,0.0,0.0,0.0,0.0,0.0,0.0,43.0,1357.0,17271.0,126.0,1357.0,17271.0,169.0,0.0,0.0,0.0,0.0,0.0,0.0,0.0,0.0,0.0,0.0,0.0,0.0,0.0,1.0,1.0,16.0,13.0,0.0,1.0,13.0,0.0,3.2,False,False,False,True,False
197,82.0,185.42,246.0,4.53,38.5,0.0,124.0,7.44,4.08,2.0,54.0,0.0,0.0,0.0,0.0,0.0,9270.0,47579.0,807.0,138.0,1310.0,0.0,9408.0,48889.0,807.0,0.0,0.0,0.0,0.0,0.0,0.0,0.0,0.0,0.0,0.0,14.0,58.0,4.3,0.0,1.0,8.0,8.0,0.0,14.0,4.3,0.0,0.0,False,False,True,False,False
198,157.0,193.04,258.0,4.88,0.0,28.0,0.0,100.0,100.0,3.0,71.0,12356.0,18667.0,163287.0,1246.0,210.0,9340.0,34278.0,462.0,2925.0,31957.0,211.0,12265.0,66235.0,673.0,2251.86,17.0,27.0,66.7,220.0,8.9,9.5,1.0,0.0,154.1,12.0,45.0,4.9,0.0,3.0,34.0,11.3,0.0,6.0,5.9,19.880000000000003,2.37,False,False,False,True,False
199,179.0,193.04,217.0,4.71,32.0,0.0,113.0,6.82,3.96,1.0,1.0,12356.0,18667.0,163287.0,1246.0,210.0,9340.0,34278.0,462.0,2925.0,31957.0,211.0,12265.0,66235.0,673.0,2251.86,17.0,27.0,66.7,220.0,8.9,9.5,1.0,0.0,154.1,12.0,45.0,4.9,0.0,3.0,34.0,11.3,0.0,6.0,5.9,19.880000000000003,2.37,False,True,False,False,False
200,73.0,167.64000000000001,187.0,4.47,33.0,23.0,105.0,6.96,3.96,4.0,130.0,0.0,1.0,0.0,0.0,0.0,19836.0,122345.0,941.0,1947.0,19466.0,80.0,21783.0,141811.0,1021.0,33.300000000000004,0.0,1.0,0.0,0.0,0.0,0.0,0.0,0.0,0.0,19.0,124.0,5.6,1.0,2.0,13.0,7.9,0.0,22.0,6.4,33.300000000000004,11.600000000000001,False,False,True,False,False
201,47.0,185.42,188.0,4.38,0.0,0.0,0.0,100.0,100.0,4.0,116.0,0.0,0.0,0.0,0.0,0.0,154.0,465.0,0.0,3336.0,64356.0,609.0,3490.0,64821.0,609.0,0.0,0.0,0.0,0.0,0.0,0.0,0.0,0.0,0.0,0.0,1.0,5.0,5.0,0.0,4.0,48.0,15.5,0.0,4.0,15.5,0.0,0.0,False,False,False,False,True
202,7.0,198.12,233.0,4.86,0.0,0.0,0.0,100.0,100.0,3.0,69.0,19823.0,36652.0,265515.0,2056.0,951.0,4157.0,-12957.0,0.0,19.0,-152.0,0.0,4176.0,-13109.0,0.0,-10.639999999999997,18.5,36.0,54.65,262.0,7.1,7.4,2.0,1.0,126.0,3.0,-10.0,-3.0,0.0,1.0,-8.0,-8.0,0.0,3.0,-3.0,-0.5599999999999998,0.0,False,True,False,False,False
203,179.0,182.88,219.0,4.71,31.5,0.0,0.0,100.0,100.0,7.0,225.0,91.0,197.0,1851.0,0.0,0.0,1537.0,9188.0,111.0,4748.0,51426.0,397.0,6285.0,60614.0,508.0,2186.7400000000002,0.0,1.0,0.0,0.0,0.0,0.0,0.0,0.0,0.0,2.0,22.0,6.0,0.0,7.0,72.0,9.5,0.0,9.0,9.0,14.280000000000001,0.0,False,False,False,False,True
204,176.0,187.96,244.0,4.64,0.0,0.0,0.0,100.0,100.0,4.0,120.0,0.0,0.0,0.0,0.0,0.0,9684.0,42057.0,430.0,1097.0,9251.0,36.0,10781.0,51308.0,466.0,0.0,0.0,0.0,0.0,0.0,0.0,0.0,0.0,0.0,0.0,13.0,48.0,3.8,0.0,2.0,11.0,8.0,0.0,15.0,4.0,0.0,0.0,True,False,False,False,False
205,2.0,185.42,207.0,4.46,0.0,0.0,0.0,100.0,100.0,1.0,27.0,0.0,0.0,0.0,0.0,0.0,40.0,680.0,0.0,3235.0,69511.0,655.0,3275.0,70191.0,655.0,0.0,0.0,0.0,0.0,0.0,0.0,0.0,0.0,0.0,0.0,1.0,17.0,17.0,0.0,3.0,56.0,19.1,1.0,3.0,19.1,0.0,3.0,False,False,False,False,True
206,11.0,180.34,217.0,4.43,35.5,19.0,118.0,6.94,4.15,1.0,5.0,14.0,14.0,406.0,14.0,0.0,15921.0,88378.0,1083.0,770.0,6871.0,26.0,16691.0,95249.0,1109.0,409.64000000000004,1.0,1.0,100.0,29.0,29.0,49.0,1.0,0.0,673.6,19.0,96.0,5.1,1.0,1.0,9.0,6.5,0.0,19.0,5.2,29.26,10.7,False,False,True,False,False
207,178.0,195.57999999999998,229.0,4.56,36.5,0.0,0.0,100.0,100.0,1.0,10.0,96.0,105.0,2156.0,0.0,9.0,3339.0,13120.0,169.0,31928.0,478057.0,4696.0,35267.0,491177.0,4865.0,1359.16,1.0,1.0,100.0,23.0,23.0,23.0,0.0,0.0,293.2,2.0,9.0,2.0,0.0,4.0,54.0,14.3,1.0,4.0,13.5,14.120000000000001,4.5,False,False,False,False,True
208,149.0,185.42,203.0,4.32,0.0,0.0,0.0,6.99,100.0,1.0,7.0,0.0,0.0,0.0,0.0,0.0,273.0,1785.0,0.0,2191.0,35303.0,190.0,2464.0,37088.0,190.0,0.0,0.0,0.0,0.0,0.0,0.0,0.0,0.0,0.0,0.0,1.0,2.0,2.0,0.0,3.0,37.0,11.5,0.0,4.0,11.3,0.0,6.1,False,False,False,False,True
209,76.0,180.34,214.0,4.4,38.5,18.0,125.0,7.09,4.47,1.0,30.0,0.0,0.0,0.0,0.0,0.0,13530.0,70699.0,375.0,1533.0,12213.0,266.0,15063.0,82912.0,641.0,0.0,0.0,0.0,0.0,0.0,0.0,0.0,0.0,0.0,0.0,8.0,39.0,5.1,0.0,2.0,9.0,4.5,0.0,9.0,5.1,0.0,10.3,False,False,True,False,False
210,34.0,177.8,192.0,4.57,34.0,0.0,116.0,6.88,4.2,7.0,251.0,14.0,18.0,476.0,14.0,0.0,236.0,1376.0,0.0,6381.0,102451.0,414.0,6617.0,103827.0,414.0,58.4,1.0,1.0,100.0,34.0,34.0,54.0,1.0,0.0,715.6,1.0,7.0,7.0,0.0,6.0,87.0,14.0,0.0,5.0,14.0,14.6,3.2,False,False,False,False,True
211,11.0,187.96,201.0,4.35,39.0,0.0,120.0,7.04,4.16,7.0,233.0,0.0,0.0,0.0,0.0,0.0,31.0,186.0,0.0,1366.0,20827.0,90.0,1397.0,21013.0,90.0,0.0,0.0,0.0,0.0,0.0,0.0,0.0,0.0,0.0,0.0,1.0,6.0,6.0,0.0,2.0,16.0,8.0,0.0,2.0,8.0,0.0,0.0,False,False,False,False,True
212,91.0,182.88,212.0,4.62,37.0,20.0,118.0,100.0,100.0,4.0,109.0,0.0,0.0,0.0,0.0,0.0,0.0,0.0,0.0,5082.0,65717.0,213.0,5082.0,65717.0,213.0,0.0,0.0,0.0,0.0,0.0,0.0,0.0,0.0,0.0,0.0,0.0,0.0,0.0,0.0,5.0,54.0,13.5,0.0,5.0,13.5,0.0,1.1,False,False,False,False,True
213,32.0,175.26,173.0,4.49,0.0,0.0,0.0,100.0,100.0,5.0,147.0,0.0,1.0,0.0,0.0,0.0,458.0,1932.0,0.0,974.0,15658.0,49.0,1432.0,17590.0,49.0,2.7,0.0,1.0,0.0,0.0,0.0,0.0,0.0,0.0,0.0,1.0,2.0,2.0,0.0,2.0,33.0,11.0,0.0,2.0,9.3,2.7,0.0,False,False,False,False,True
214,178.0,180.34,201.0,4.37,0.0,0.0,0.0,100.0,100.0,1.0,2.0,19.0,31.0,988.0,19.0,0.0,12310.0,100124.0,787.0,1528.0,23503.0,333.0,13838.0,123627.0,1120.0,780.92,1.0,1.0,100.0,52.0,52.0,72.0,1.0,0.0,866.8,11.0,71.0,6.8,0.0,3.0,35.0,16.0,0.0,13.0,8.2,21.68,14.9,False,False,True,False,False
215,178.0,190.5,255.0,4.79,0.0,0.0,0.0,100.0,100.0,3.0,93.0,0.0,0.0,0.0,0.0,0.0,0.0,0.0,0.0,2474.0,28268.0,77.0,2474.0,28268.0,77.0,0.0,0.0,0.0,0.0,0.0,0.0,0.0,0.0,0.0,0.0,0.0,0.0,0.0,0.0,3.0,56.0,9.3,0.0,3.0,9.3,0.0,10.9,False,False,False,True,False
216,197.0,175.26,201.0,4.57,31.5,18.0,124.0,7.05,4.2,3.0,74.0,0.0,6.0,0.0,0.0,0.0,18001.0,94610.0,545.0,2279.0,18178.0,56.0,20280.0,112788.0,601.0,171.0,0.0,1.0,0.0,0.0,0.0,0.0,0.0,0.0,0.0,19.0,76.0,4.6,0.0,2.0,14.0,8.0,0.0,21.0,4.8,28.5,0.5,False,False,True,False,False
217,129.0,187.96,224.0,4.89,0.0,0.0,0.0,100.0,100.0,2.0,49.0,13000.0,21813.0,162425.0,1143.0,646.0,6020.0,9581.0,158.0,0.0,0.0,0.0,6020.0,9581.0,158.0,0.0,15.0,26.0,58.3,177.0,7.0,7.6,1.0,0.0,123.9,6.0,7.0,1.6,0.0,0.0,0.0,0.0,0.0,6.0,1.6,0.0,-2.5,False,True,False,False,False
218,59.0,195.57999999999998,224.0,4.5,37.0,16.0,123.0,6.94,4.43,7.0,252.0,0.0,0.0,0.0,0.0,0.0,0.0,0.0,0.0,0.0,0.0,0.0,0.0,0.0,0.0,0.0,0.0,0.0,0.0,0.0,0.0,0.0,0.0,0.0,0.0,0.0,0.0,0.0,0.0,0.0,0.0,0.0,0.0,0.0,0.0,0.0,13.350000000000001,False,False,False,False,True
219,3.0,187.96,205.0,4.88,30.5,0.0,104.0,7.34,4.25,3.0,85.0,13850.0,24331.0,190635.0,1216.0,575.0,4581.0,-893.0,20.0,0.0,0.0,0.0,4581.0,-893.0,20.0,0.0,14.0,29.0,56.4,204.0,7.7,8.3,1.0,0.0,146.5,4.0,-0.5,-0.15,0.0,0.0,0.0,0.0,0.0,4.0,-0.15,0.0,-2.19,False,True,False,False,False
220,182.0,190.5,226.0,4.77,0.0,23.0,0.0,7.1,4.26,1.0,11.0,13509.0,23882.0,163849.0,1077.0,787.0,9475.0,26689.0,272.0,0.0,0.0,0.0,9475.0,26689.0,272.0,0.0,14.0,25.0,54.5,176.0,6.9,6.2,1.0,1.0,116.4,10.0,24.0,2.7,0.0,0.0,0.0,0.0,0.0,10.0,2.7,0.0,13.79,False,True,False,False,False
221,197.0,190.5,253.0,4.65,34.5,23.0,114.0,6.87,4.1,4.0,98.0,49.0,156.0,253.0,0.0,45.0,124.0,558.0,0.0,1713.0,25615.0,368.0,1837.0,26173.0,368.0,0.0,1.0,1.0,25.0,2.0,1.8,-9.5,0.0,1.0,-10.3,4.0,18.0,4.5,0.0,2.0,39.0,15.3,0.0,2.0,15.3,0.0,4.2,False,False,False,True,False
222,55.0,177.8,214.0,4.64,33.0,21.0,116.0,7.13,4.4,4.0,132.0,19.0,22.0,247.0,19.0,0.0,19841.0,93256.0,421.0,1415.0,10450.0,78.0,21256.0,103706.0,499.0,536.38,1.0,1.0,100.0,13.0,13.0,33.0,1.0,0.0,539.2,20.0,103.0,4.3,0.0,1.0,17.0,7.0,0.0,21.0,4.8,26.919999999999998,0.0,False,False,True,False,False
223,84.0,190.5,254.0,4.38,42.0,33.0,128.0,7.0,4.17,1.0,6.0,0.0,0.0,0.0,0.0,0.0,88.0,601.0,0.0,1250.0,19526.0,119.0,1338.0,20127.0,119.0,0.0,0.0,0.0,0.0,0.0,0.0,0.0,0.0,0.0,0.0,1.0,8.0,8.0,0.0,2.0,19.0,11.0,0.0,2.0,11.0,0.0,2.6,False,False,False,True,False
224,137.0,195.57999999999998,263.0,4.87,31.5,27.0,108.0,7.53,4.37,5.0,167.0,0.0,0.0,0.0,0.0,0.0,0.0,0.0,0.0,1259.0,13490.0,50.0,1259.0,13490.0,50.0,0.0,0.0,0.0,0.0,0.0,0.0,0.0,0.0,0.0,0.0,0.0,0.0,0.0,0.0,2.0,13.0,9.0,0.0,2.0,9.0,0.0,0.0,False,False,False,True,False
225,121.0,193.04,259.0,4.72,33.5,19.0,112.0,6.94,4.34,2.0,53.0,0.0,0.0,0.0,0.0,0.0,0.0,0.0,0.0,2329.0,25441.0,154.0,2329.0,25441.0,154.0,0.0,0.0,0.0,0.0,0.0,0.0,0.0,0.0,0.0,0.0,0.0,0.0,0.0,0.0,2.0,18.0,8.0,0.0,2.0,8.0,0.0,2.3,False,False,False,True,False
226,179.0,175.26,218.0,4.5,35.0,29.0,119.0,7.19,100.0,7.0,246.0,0.0,25.0,0.0,0.0,0.0,8545.0,46545.0,286.0,536.0,6565.0,20.0,9081.0,53110.0,306.0,385.8,0.0,1.0,0.0,0.0,0.0,0.0,0.0,0.0,0.0,20.0,106.0,5.5,1.0,1.0,18.0,18.0,0.0,20.0,6.0,16.2,0.0,False,False,True,False,False
227,170.0,185.42,217.0,4.59,34.0,0.0,107.0,7.12,4.16,6.0,194.0,23035.0,33207.0,299435.0,3217.0,935.0,6577.0,29172.0,221.0,95.0,-50.0,0.0,6672.0,29122.0,221.0,2745.8199999999997,22.0,30.0,63.9,298.0,8.9,9.4,3.0,1.0,175.1,5.0,19.0,4.9,0.0,1.0,-3.0,-3.0,0.0,5.0,4.9,41.44,3.2600000000000002,False,True,False,False,False
228,76.0,175.26,192.0,4.53,34.0,0.0,118.0,100.0,100.0,4.0,125.0,0.0,0.0,0.0,0.0,0.0,1942.0,14146.0,0.0,3377.0,34941.0,363.0,5319.0,49087.0,363.0,0.0,0.0,0.0,0.0,0.0,0.0,0.0,0.0,0.0,0.0,2.0,15.0,9.0,0.0,3.0,28.0,8.8,0.0,3.0,10.3,0.0,0.0,False,False,False,False,True
229,7.0,187.96,208.0,4.45,36.0,0.0,124.0,100.0,4.07,3.0,82.0,0.0,0.0,0.0,0.0,0.0,0.0,0.0,0.0,6912.0,109821.0,619.0,6912.0,109821.0,619.0,0.0,0.0,0.0,0.0,0.0,0.0,0.0,0.0,0.0,0.0,0.0,0.0,0.0,0.0,5.0,97.0,15.4,0.0,5.0,15.4,0.0,1.4,False,False,False,False,True
230,183.0,175.26,202.0,4.67,35.0,0.0,114.0,7.03,4.38,5.0,144.0,10219.0,14735.0,137633.0,823.0,372.0,5081.0,19683.0,170.0,1684.0,14870.0,0.0,6765.0,34553.0,170.0,6798.0,12.0,22.0,78.1,163.0,8.7,9.6,1.0,0.0,175.6,7.0,26.0,2.7,0.0,2.0,9.0,7.0,0.0,7.0,4.0,30.12,0.0,False,False,True,False,False
231,188.0,175.26,201.0,4.47,34.5,19.0,124.0,6.77,4.07,5.0,145.0,0.0,0.0,0.0,0.0,0.0,5292.0,27696.0,298.0,364.0,3097.0,3.0,5656.0,30793.0,301.0,0.0,0.0,0.0,0.0,0.0,0.0,0.0,0.0,0.0,0.0,16.0,98.0,4.9,1.0,1.0,6.0,5.5,0.0,17.0,5.6,0.0,1.4,False,False,True,False,False
232,131.0,185.42,208.0,4.59,32.0,0.0,116.0,6.97,4.14,6.0,171.0,0.0,0.0,0.0,0.0,0.0,23.0,267.0,0.0,4016.0,74954.0,435.0,4039.0,75221.0,435.0,0.0,0.0,0.0,0.0,0.0,0.0,0.0,0.0,0.0,0.0,1.0,13.0,13.0,0.0,4.0,63.0,17.1,0.0,4.0,17.1,0.0,0.0,False,False,False,False,True
233,89.0,180.34,190.0,4.41,38.0,16.0,124.0,100.0,100.0,2.0,57.0,0.0,0.0,0.0,0.0,0.0,1688.0,7130.0,33.0,544.0,11368.0,0.0,2232.0,18498.0,33.0,0.0,0.0,0.0,0.0,0.0,0.0,0.0,0.0,0.0,0.0,7.0,24.0,3.4,0.0,2.0,40.0,20.0,0.0,9.0,7.1,0.0,11.899999999999999,False,False,False,False,True
234,124.0,180.34,188.0,4.35,0.0,0.0,0.0,100.0,100.0,1.0,25.0,0.0,0.0,0.0,0.0,0.0,32.0,342.0,0.0,4019.0,73072.0,625.0,4051.0,73414.0,625.0,0.0,0.0,0.0,0.0,0.0,0.0,0.0,0.0,0.0,0.0,1.0,19.0,19.0,0.0,5.0,78.0,16.7,1.0,5.0,16.7,0.0,10.399999999999999,False,False,False,False,True
235,184.0,185.42,227.0,4.62,30.5,18.0,106.0,7.07,4.22,7.0,240.0,0.0,0.0,0.0,0.0,0.0,11000.0,52055.0,470.0,1129.0,10848.0,0.0,12129.0,62903.0,470.0,0.0,0.0,0.0,0.0,0.0,0.0,0.0,0.0,0.0,0.0,5.0,15.0,4.0,0.0,1.0,14.0,11.3,0.0,6.0,5.1,0.0,0.0,False,False,True,False,False
236,43.0,185.42,213.0,4.32,38.5,0.0,122.0,6.73,3.97,2.0,36.0,0.0,0.0,0.0,0.0,0.0,373.0,1323.0,5.0,2699.0,34947.0,155.0,3072.0,36270.0,160.0,0.0,0.0,0.0,0.0,0.0,0.0,0.0,0.0,0.0,0.0,1.0,2.0,2.0,0.0,5.0,76.0,10.9,0.0,5.0,9.8,0.0,2.2,False,False,False,False,True
237,8.0,187.96,226.0,4.69,31.5,22.0,107.0,7.4,4.38,2.0,64.0,112.0,253.0,1120.0,4.0,7.0,169.0,-74.0,0.0,0.0,0.0,0.0,169.0,-74.0,0.0,0.0,2.0,4.0,50.0,12.0,3.0,3.0,0.0,0.0,75.2,3.0,0.0,0.0,0.0,0.0,0.0,0.0,0.0,3.0,0.0,0.0,-0.7000000000000002,False,True,False,False,False
238,20.0,193.04,232.0,4.84,32.5,0.0,108.0,7.47,4.29,5.0,164.0,8546.0,12675.0,113611.0,1194.0,130.0,2871.0,9061.0,136.0,0.0,0.0,0.0,2871.0,9061.0,136.0,0.0,24.0,36.0,66.7,285.0,9.2,9.8,3.0,0.0,159.8,7.0,19.5,3.4,0.0,0.0,0.0,0.0,0.0,7.0,3.4,0.0,0.0,False,True,False,False,False
239,50.0,175.26,181.0,4.44,37.5,0.0,118.0,6.88,4.12,6.0,184.0,0.0,0.0,0.0,0.0,0.0,1347.0,10767.0,81.0,1783.0,18683.0,97.0,3130.0,29450.0,178.0,0.0,0.0,0.0,0.0,0.0,0.0,0.0,0.0,0.0,0.0,2.0,7.0,4.3,0.0,2.0,20.0,10.0,0.0,2.0,9.0,0.0,0.6000000000000001,False,False,False,False,True
240,191.0,180.34,197.0,4.42,36.5,0.0,117.0,6.68,4.16,2.0,52.0,19.0,28.0,418.0,19.0,8.0,329.0,1107.0,0.0,4489.0,74873.0,825.0,4818.0,75980.0,825.0,1012.42,1.0,1.0,100.0,22.0,22.0,42.0,1.0,0.0,614.8,1.0,2.0,2.0,0.0,5.0,75.0,13.0,1.0,6.0,13.0,29.58,5.4,False,False,False,False,True
241,176.0,170.18,207.0,4.39,36.0,18.0,116.0,7.08,4.38,2.0,60.0,0.0,0.0,0.0,0.0,0.0,0.0,0.0,0.0,0.0,0.0,0.0,0.0,0.0,0.0,0.0,0.0,0.0,0.0,0.0,0.0,0.0,0.0,0.0,0.0,0.0,0.0,0.0,0.0,0.0,0.0,0.0,0.0,0.0,0.0,0.0,20.0,False,False,True,False,False
242,184.0,195.57999999999998,245.0,4.83,32.5,21.0,109.0,6.99,4.09,5.0,155.0,0.0,0.0,0.0,0.0,0.0,0.0,0.0,0.0,2114.0,24222.0,380.0,2114.0,24222.0,380.0,0.0,0.0,0.0,0.0,0.0,0.0,0.0,0.0,0.0,0.0,0.0,0.0,0.0,0.0,3.0,27.0,11.7,0.0,3.0,11.7,0.0,3.3,False,False,False,True,False
243,178.0,180.34,233.0,4.76,29.5,0.0,106.0,7.18,4.31,5.0,163.0,0.0,0.0,0.0,0.0,0.0,1000.0,3116.0,210.0,1398.0,10263.0,26.0,2398.0,13379.0,236.0,0.0,0.0,0.0,0.0,0.0,0.0,0.0,0.0,0.0,0.0,3.0,6.0,2.0,1.0,2.0,16.0,5.3,0.0,3.0,4.6,0.0,0.0,True,False,False,False,False
244,32.0,198.12,255.0,4.63,36.0,27.0,112.0,7.39,4.21,2.0,46.0,0.0,0.0,0.0,0.0,0.0,0.0,0.0,0.0,2569.0,24074.0,266.0,2569.0,24074.0,266.0,0.0,0.0,0.0,0.0,0.0,0.0,0.0,0.0,0.0,0.0,0.0,0.0,0.0,0.0,2.0,23.0,7.0,0.0,2.0,7.0,0.0,2.0,False,False,False,True,False
245,178.0,195.57999999999998,223.0,4.9,0.0,0.0,0.0,100.0,100.0,1.0,10.0,20160.0,32752.0,259607.0,2768.0,413.0,3552.0,-1240.0,112.0,210.0,2310.0,0.0,3762.0,1070.0,112.0,6136.200000000001,21.0,32.0,59.0,236.0,7.5,8.5,3.0,0.0,152.1,3.0,-2.0,-0.8,0.0,1.0,11.0,11.0,0.0,3.0,-0.8,29.220000000000002,11.96,False,True,False,False,False
246,176.0,198.12,261.0,4.8,37.0,23.0,118.0,7.24,4.82,1.0,28.0,0.0,0.0,0.0,0.0,0.0,0.0,0.0,0.0,2811.0,32479.0,299.0,2811.0,32479.0,299.0,0.0,0.0,0.0,0.0,0.0,0.0,0.0,0.0,0.0,0.0,0.0,0.0,0.0,0.0,3.0,28.0,10.0,0.0,3.0,10.0,0.0,2.4,False,False,False,True,False
247,183.0,180.34,214.0,4.48,35.0,18.0,111.0,6.99,4.36,6.0,170.0,51.0,83.0,958.0,51.0,0.0,18869.0,79342.0,1332.0,2681.0,20981.0,365.0,21550.0,100323.0,1697.0,2014.3200000000004,1.0,1.0,100.0,18.0,18.0,38.0,1.0,0.0,581.2,16.0,59.0,3.9,1.0,2.0,10.0,5.3,0.0,18.0,4.2,35.220000000000006,7.4,False,False,True,False,False
248,95.0,182.88,217.0,4.48,0.0,0.0,0.0,100.0,100.0,1.0,21.0,0.0,11.0,0.0,0.0,0.0,18786.0,110061.0,742.0,674.0,4958.0,12.0,19460.0,115019.0,754.0,375.1,0.0,1.0,0.0,0.0,0.0,0.0,0.0,0.0,0.0,18.0,109.0,5.8,1.0,2.0,12.0,6.0,0.0,18.0,5.8,34.1,16.9,False,False,True,False,False
249,25.0,193.04,229.0,4.52,37.0,0.0,120.0,100.0,100.0,4.0,119.0,3.0,89.0,168.0,0.0,0.0,94.0,629.0,0.0,5955.0,97130.0,854.0,6049.0,97759.0,854.0,0.0,0.0,1.0,0.0,0.0,0.0,0.0,0.0,0.0,0.0,1.0,8.0,8.0,0.0,5.0,63.0,15.6,0.0,5.0,15.6,0.0,6.25,False,False,False,False,True
250,51.0,187.96,220.0,4.71,36.0,0.0,111.0,7.13,4.17,5.0,148.0,1413.0,2353.0,18716.0,53.0,97.0,420.0,885.0,0.0,15.0,127.0,0.0,435.0,1012.0,0.0,0.0,10.0,12.0,75.0,139.0,7.45,7.6,0.0,1.0,135.05,3.0,5.0,1.0,0.0,1.0,9.0,9.0,0.0,3.0,1.0,0.0,0.0,False,True,False,False,False
251,91.0,190.5,259.0,4.85,0.0,32.0,0.0,100.0,100.0,7.0,244.0,0.0,0.0,0.0,0.0,0.0,0.0,0.0,0.0,958.0,10592.0,44.0,958.0,10592.0,44.0,0.0,0.0,0.0,0.0,0.0,0.0,0.0,0.0,0.0,0.0,0.0,0.0,0.0,0.0,1.0,18.0,11.0,0.0,1.0,11.0,0.0,0.0,False,False,False,True,False
252,166.0,187.96,198.0,4.4,32.0,0.0,121.0,6.96,4.25,6.0,193.0,10215.0,19162.0,163057.0,838.0,470.0,9798.0,42664.0,464.0,0.0,0.0,0.0,9798.0,42664.0,464.0,0.0,11.0,21.0,52.6,183.0,8.3,7.0,1.0,0.0,117.2,11.0,50.0,4.5,0.0,0.0,0.0,0.0,0.0,11.0,4.5,0.0,0.8,False,True,False,False,False
253,174.0,185.42,241.0,4.64,35.5,23.0,111.0,6.81,4.05,4.0,106.0,0.0,0.0,0.0,0.0,0.0,0.0,0.0,0.0,6339.0,81186.0,731.0,6339.0,81186.0,731.0,0.0,0.0,0.0,0.0,0.0,0.0,0.0,0.0,0.0,0.0,0.0,0.0,0.0,0.0,4.0,48.0,11.0,0.0,4.0,11.0,0.0,0.0,True,False,False,False,False
254,89.0,172.72,185.0,4.38,0.0,0.0,0.0,100.0,100.0,2.0,44.0,0.0,0.0,0.0,0.0,0.0,80.0,309.0,0.0,1501.0,19237.0,88.0,1581.0,19546.0,88.0,0.0,0.0,0.0,0.0,0.0,0.0,0.0,0.0,0.0,0.0,1.0,2.0,2.0,0.0,2.0,12.0,10.0,0.0,2.0,10.0,0.0,1.8,False,False,False,False,True
255,98.0,182.88,210.0,4.4,36.5,15.0,122.0,6.81,4.25,3.0,79.0,0.0,33.0,0.0,0.0,0.0,11882.0,66118.0,294.0,896.0,2594.0,13.0,12778.0,68712.0,307.0,627.0,0.0,1.0,0.0,0.0,0.0,0.0,0.0,0.0,0.0,10.0,58.0,4.8,0.0,1.0,5.0,4.0,0.0,11.0,4.6,19.0,8.0,False,False,True,False,False
256,11.0,185.42,205.0,4.45,38.0,0.0,116.0,7.17,4.21,7.0,249.0,0.0,0.0,0.0,0.0,0.0,266.0,2405.0,5.0,2539.0,36782.0,374.0,2805.0,39187.0,379.0,0.0,0.0,0.0,0.0,0.0,0.0,0.0,0.0,0.0,0.0,1.0,8.0,8.0,0.0,2.0,29.0,13.0,0.0,2.0,13.0,0.0,0.0,False,False,False,False,True
257,197.0,187.96,198.0,4.44,35.5,0.0,119.0,7.31,4.16,6.0,172.0,0.0,0.0,0.0,0.0,0.0,0.0,0.0,0.0,2169.0,37290.0,178.0,2169.0,37290.0,178.0,0.0,0.0,0.0,0.0,0.0,0.0,0.0,0.0,0.0,0.0,0.0,0.0,0.0,0.0,2.0,33.0,16.7,0.0,2.0,16.7,0.0,0.0,False,False,False,False,True
258,197.0,190.5,266.0,4.84,32.5,23.0,115.0,7.31,4.3,5.0,150.0,0.0,0.0,0.0,0.0,0.0,0.0,0.0,0.0,183.0,1954.0,0.0,183.0,1954.0,0.0,0.0,0.0,0.0,0.0,0.0,0.0,0.0,0.0,0.0,0.0,0.0,0.0,0.0,0.0,1.0,14.0,7.0,0.0,1.0,7.0,0.0,0.0,False,False,False,True,False
259,52.0,203.2,258.0,4.62,37.5,22.0,118.0,7.47,4.67,3.0,72.0,0.0,0.0,0.0,0.0,0.0,0.0,0.0,0.0,2047.0,25254.0,353.0,2047.0,25254.0,353.0,0.0,0.0,0.0,0.0,0.0,0.0,0.0,0.0,0.0,0.0,0.0,0.0,0.0,0.0,3.0,49.0,17.0,1.0,3.0,17.0,0.0,1.05,False,False,False,True,False
260,47.0,177.8,188.0,4.34,37.5,0.0,117.0,7.06,4.26,3.0,95.0,0.0,0.0,0.0,0.0,0.0,1091.0,5408.0,61.0,2479.0,30886.0,82.0,3570.0,36294.0,143.0,0.0,0.0,0.0,0.0,0.0,0.0,0.0,0.0,0.0,0.0,5.0,21.0,4.2,0.0,2.0,28.0,13.0,0.0,5.0,13.0,0.0,0.0,False,False,False,False,True
261,133.0,185.42,227.0,4.57,0.0,0.0,0.0,100.0,100.0,4.0,100.0,4278.0,9219.0,61969.0,382.0,431.0,6671.0,25283.0,194.0,1136.0,13517.0,53.0,7807.0,38800.0,247.0,2518.78,3.0,9.0,51.2,69.0,6.6,5.4,0.0,0.0,99.8,9.0,35.0,3.5,0.0,3.0,36.0,11.0,0.0,9.0,4.3,12.440000000000001,1.3,False,False,False,False,True
262,160.0,182.88,188.0,4.58,33.5,0.0,110.0,7.37,4.19,4.0,104.0,0.0,0.0,0.0,0.0,0.0,1397.0,3292.0,181.0,4013.0,56054.0,367.0,5410.0,59346.0,548.0,0.0,0.0,0.0,0.0,0.0,0.0,0.0,0.0,0.0,0.0,1.0,4.0,3.0,0.0,4.0,46.0,12.8,0.0,5.0,10.0,0.0,0.0,False,False,False,False,True
263,191.0,195.57999999999998,254.0,4.54,33.5,17.0,115.0,6.81,4.01,2.0,61.0,0.0,0.0,0.0,0.0,0.0,0.0,0.0,0.0,1425.0,16351.0,147.0,1425.0,16351.0,147.0,0.0,0.0,0.0,0.0,0.0,0.0,0.0,0.0,0.0,0.0,0.0,0.0,0.0,0.0,4.0,44.0,11.8,0.0,4.0,11.8,0.0,2.0,False,False,False,True,False
264,52.0,185.42,214.0,4.56,37.5,0.0,121.0,7.07,4.17,7.0,223.0,7527.0,13403.0,111295.0,1289.0,154.0,5057.0,25697.0,273.0,18.0,69.0,0.0,5075.0,25766.0,273.0,321.55999999999995,6.0,12.0,50.0,102.0,8.4,10.2,1.0,0.0,161.1,5.0,13.0,4.0,0.0,1.0,4.0,4.0,0.0,5.0,4.0,18.779999999999998,0.0,False,True,False,False,False
265,99.0,187.96,213.0,4.46,39.5,0.0,128.0,7.0,4.33,4.0,103.0,20542.0,35816.0,223185.0,1225.0,795.0,19947.0,118835.0,1709.0,243.0,3663.0,45.0,20190.0,122498.0,1754.0,8185.6,18.0,32.0,56.8,192.0,6.3,5.8,1.0,1.0,124.3,17.0,76.0,4.9,1.0,1.0,5.0,5.0,0.0,17.0,5.1,35.82,1.6,False,False,False,False,True
266,121.0,193.04,217.0,4.57,35.0,0.0,122.0,6.81,4.14,3.0,90.0,0.0,0.0,0.0,0.0,0.0,7.0,6.0,0.0,3942.0,62553.0,275.0,3949.0,62559.0,275.0,0.0,0.0,0.0,0.0,0.0,0.0,0.0,0.0,0.0,0.0,1.0,1.0,1.0,0.0,3.0,45.0,14.0,0.0,3.0,14.0,0.0,3.55,False,False,False,False,True
267,32.0,198.12,268.0,4.77,32.5,20.0,114.0,7.09,4.52,5.0,166.0,0.0,0.0,0.0,0.0,0.0,0.0,0.0,0.0,1538.0,16666.0,236.0,1538.0,16666.0,236.0,0.0,0.0,0.0,0.0,0.0,0.0,0.0,0.0,0.0,0.0,0.0,0.0,0.0,0.0,2.0,15.0,7.5,0.0,2.0,7.5,0.0,1.1,False,False,False,True,False
268,165.0,190.5,252.0,4.67,37.5,19.0,113.0,7.05,4.34,3.0,86.0,0.0,0.0,0.0,0.0,0.0,0.0,0.0,0.0,1834.0,28782.0,499.0,1834.0,28782.0,499.0,0.0,0.0,0.0,0.0,0.0,0.0,0.0,0.0,0.0,0.0,0.0,0.0,0.0,0.0,2.0,31.0,13.0,1.0,2.0,13.0,0.0,1.65,False,False,False,True,False
269,32.0,182.88,245.0,4.82,30.5,21.0,104.0,7.74,4.63,6.0,180.0,0.0,0.0,0.0,0.0,0.0,4517.0,14677.0,130.0,1815.0,16321.0,61.0,6332.0,30998.0,191.0,0.0,0.0,0.0,0.0,0.0,0.0,0.0,0.0,0.0,0.0,3.0,9.0,2.5,0.0,1.0,10.0,8.5,0.0,4.0,3.6,0.0,1.5,True,False,False,False,False
270,27.0,185.42,240.0,4.49,36.5,0.0,118.0,100.0,100.0,6.0,175.0,0.0,0.0,0.0,0.0,0.0,0.0,0.0,0.0,0.0,0.0,0.0,0.0,0.0,0.0,0.0,0.0,0.0,0.0,0.0,0.0,0.0,0.0,0.0,0.0,0.0,0.0,0.0,0.0,0.0,0.0,0.0,0.0,0.0,0.0,0.0,2.0,False,False,False,False,True
271,47.0,172.72,201.0,4.42,32.5,17.0,105.0,6.94,4.37,4.0,117.0,0.0,0.0,0.0,0.0,0.0,9819.0,50394.0,444.0,1231.0,9509.0,8.0,11050.0,59903.0,452.0,0.0,0.0,0.0,0.0,0.0,0.0,0.0,0.0,0.0,0.0,11.0,30.0,4.3,0.0,1.0,7.0,5.8,0.0,12.0,4.8,0.0,5.699999999999999,False,False,True,False,False
272,12.0,187.96,202.0,4.4,36.0,15.0,118.0,7.13,4.24,7.0,218.0,0.0,0.0,0.0,0.0,0.0,15.0,-60.0,0.0,2530.0,46301.0,390.0,2545.0,46241.0,390.0,0.0,0.0,0.0,0.0,0.0,0.0,0.0,0.0,0.0,0.0,1.0,-4.0,-4.0,0.0,5.0,93.0,18.6,1.0,5.0,18.6,0.0,0.0,False,False,False,False,True
273,146.0,187.96,211.0,4.4,37.0,0.0,126.0,6.81,4.08,6.0,190.0,0.0,0.0,0.0,0.0,0.0,25.0,188.0,0.0,6989.0,87304.0,799.0,7014.0,87492.0,799.0,0.0,0.0,0.0,0.0,0.0,0.0,0.0,0.0,0.0,0.0,1.0,4.0,4.0,0.0,7.0,94.0,11.2,0.0,7.0,11.2,0.0,15.7,False,False,False,False,True
274,178.0,182.88,238.0,4.49,0.0,0.0,0.0,100.0,100.0,2.0,45.0,0.0,0.0,0.0,0.0,0.0,0.0,0.0,0.0,0.0,0.0,0.0,0.0,0.0,0.0,0.0,0.0,0.0,0.0,0.0,0.0,0.0,0.0,0.0,0.0,0.0,0.0,0.0,0.0,0.0,0.0,0.0,0.0,0.0,0.0,0.0,3.3,False,False,True,False,False
275,30.0,195.57999999999998,223.0,4.75,33.0,0.0,112.0,7.0,4.11,3.0,81.0,22733.0,37093.0,266481.0,1280.0,1167.0,7455.0,1705.0,438.0,33.0,66.0,0.0,7488.0,1771.0,438.0,449.46,21.0,33.0,61.9,265.0,7.1,5.5,1.0,1.0,122.4,6.0,-3.0,-0.5,0.0,1.0,2.0,2.0,0.0,6.0,-0.5,13.62,3.6500000000000004,False,True,False,False,False
276,112.0,187.96,269.0,4.72,34.0,25.0,111.0,7.49,4.54,6.0,202.0,0.0,0.0,0.0,0.0,0.0,389.0,2723.0,0.0,8217.0,107323.0,768.0,8606.0,110046.0,768.0,0.0,0.0,0.0,0.0,0.0,0.0,0.0,0.0,0.0,0.0,1.0,7.0,7.0,0.0,2.0,27.0,11.4,0.0,2.0,11.4,0.0,0.0,False,False,False,True,False
277,197.0,175.26,179.0,4.48,34.5,0.0,115.0,6.87,4.07,3.0,84.0,0.0,27.0,0.0,0.0,0.0,6921.0,35844.0,44.0,8049.0,113502.0,351.0,14970.0,149346.0,395.0,100.0,0.0,1.0,0.0,0.0,0.0,0.0,0.0,0.0,0.0,4.0,22.0,5.3,0.0,2.0,17.0,8.5,0.0,2.0,7.5,12.5,0.0,False,False,False,False,True
278,87.0,175.26,214.0,4.45,35.5,25.0,121.0,100.0,100.0,1.0,27.0,0.0,28.0,0.0,0.0,0.0,26173.0,169901.0,1645.0,2060.0,16244.0,34.0,28233.0,186145.0,1679.0,655.1999999999999,0.0,1.0,0.0,0.0,0.0,0.0,0.0,0.0,0.0,27.0,137.0,6.7,1.0,2.0,10.0,5.0,0.0,30.0,7.1,27.299999999999997,11.5,False,False,True,False,False
279,129.0,187.96,197.0,4.52,38.0,0.0,127.0,6.84,4.08,4.0,111.0,0.0,0.0,0.0,0.0,0.0,396.0,2344.0,205.0,4300.0,66207.0,434.0,4696.0,68551.0,639.0,0.0,0.0,0.0,0.0,0.0,0.0,0.0,0.0,0.0,0.0,1.0,5.0,5.0,1.0,4.0,44.0,11.8,0.0,5.0,11.8,0.0,2.2,False,False,False,False,True
280,125.0,187.96,214.0,4.47,36.5,0.0,120.0,6.7,3.99,3.0,78.0,12554.0,20493.0,145740.0,968.0,732.0,8459.0,25654.0,551.0,1955.0,27146.0,371.0,10414.0,52800.0,922.0,441.0,14.0,24.0,66.7,158.0,7.1,6.7,1.0,0.0,135.3,6.0,11.0,2.3,0.0,2.0,22.0,14.0,0.0,4.0,4.4,10.5,1.05,False,False,False,False,True
281,165.0,195.57999999999998,229.0,4.48,0.0,0.0,0.0,100.0,100.0,1.0,3.0,10934.0,16853.0,148469.0,1345.0,879.0,12131.0,86314.0,967.0,19.0,912.0,0.0,12150.0,87226.0,967.0,253.83999999999997,11.0,17.0,62.5,136.0,9.5,9.9,1.0,1.0,158.2,10.0,64.0,7.1,1.0,1.0,48.0,48.0,0.0,10.0,7.1,13.36,11.94,False,True,False,False,False
282,195.0,198.12,255.0,4.71,36.0,19.0,123.0,7.31,4.52,7.0,231.0,0.0,0.0,0.0,0.0,0.0,0.0,0.0,0.0,0.0,0.0,0.0,0.0,0.0,0.0,0.0,0.0,0.0,0.0,0.0,0.0,0.0,0.0,0.0,0.0,0.0,0.0,0.0,0.0,0.0,0.0,0.0,0.0,0.0,0.0,0.0,0.0,False,False,False,True,False
283,39.0,182.88,198.0,4.39,37.0,0.0,127.0,100.0,100.0,5.0,146.0,191.0,396.0,6515.0,188.0,0.0,1187.0,-1664.0,0.0,13598.0,159731.0,823.0,14785.0,158067.0,823.0,2911.7,0.0,1.0,0.0,0.0,0.0,0.0,0.0,0.0,0.0,1.0,-2.0,-2.0,0.0,6.0,67.0,13.5,0.0,7.0,12.0,15.16,7.45,False,False,False,False,True
284,35.0,180.34,243.0,4.73,33.0,23.0,114.0,7.27,4.43,6.0,195.0,0.0,0.0,0.0,0.0,0.0,7467.0,25309.0,13.0,4034.0,30394.0,583.0,11501.0,55703.0,596.0,0.0,0.0,0.0,0.0,0.0,0.0,0.0,0.0,0.0,0.0,2.0,5.0,2.5,0.0,2.0,10.0,6.5,0.0,3.0,4.3,0.0,4.25,True,False,False,False,False
285,43.0,190.5,208.0,4.53,36.0,0.0,129.0,6.69,4.19,7.0,227.0,0.0,0.0,0.0,0.0,0.0,0.0,0.0,0.0,16974.0,262724.0,2705.0,16974.0,262724.0,2705.0,0.0,0.0,0.0,0.0,0.0,0.0,0.0,0.0,0.0,0.0,0.0,0.0,0.0,0.0,4.0,54.0,14.0,1.0,4.0,14.0,0.0,0.0,False,False,False,False,True
286,12.0,187.96,215.0,4.75,29.5,0.0,111.0,6.81,4.17,2.0,40.0,82300.0,122774.0,1054721.0,8205.0,2414.0,17311.0,-612.0,1197.0,2.0,6.0,0.0,17313.0,-606.0,1197.0,56.32,23.0,37.0,66.7,290.0,8.7,10.3,3.0,0.0,161.8,5.0,-4.0,-1.3,0.0,1.0,3.0,3.0,0.0,5.0,-1.3,28.16,-2.54,False,True,False,False,False
287,47.0,177.8,191.0,4.46,35.5,26.0,121.0,100.0,100.0,3.0,71.0,0.0,0.0,0.0,0.0,0.0,36418.0,155270.0,920.0,8428.0,96490.0,19.0,44846.0,251760.0,939.0,0.0,0.0,0.0,0.0,0.0,0.0,0.0,0.0,0.0,0.0,10.0,44.0,4.1,0.0,3.0,30.0,9.4,0.0,11.0,4.9,0.0,9.8,False,False,True,False,False
288,194.0,198.12,252.0,4.78,35.0,0.0,116.0,6.96,4.41,5.0,153.0,0.0,0.0,0.0,0.0,0.0,0.0,0.0,0.0,0.0,0.0,0.0,0.0,0.0,0.0,0.0,0.0,0.0,0.0,0.0,0.0,0.0,0.0,0.0,0.0,0.0,0.0,0.0,0.0,0.0,0.0,0.0,0.0,0.0,0.0,0.0,1.45,False,False,False,True,False
289,76.0,187.96,221.0,4.51,33.0,0.0,125.0,6.81,4.35,1.0,23.0,0.0,0.0,0.0,0.0,0.0,26.0,52.0,0.0,16251.0,256475.0,2928.0,16277.0,256527.0,2928.0,0.0,0.0,0.0,0.0,0.0,0.0,0.0,0.0,0.0,0.0,1.0,2.0,2.0,0.0,5.0,71.0,14.8,1.0,5.0,14.8,0.0,8.95,False,False,False,False,True
290,83.0,175.26,198.0,4.55,34.0,0.0,112.0,6.7,4.09,7.0,250.0,1793.0,4115.0,38755.0,241.0,272.0,74585.0,457415.0,4829.0,4621.0,36725.0,414.0,79206.0,494140.0,5243.0,755.76,1.0,3.0,42.9,28.0,9.0,9.0,0.0,0.0,139.9,19.0,96.0,5.2,1.0,2.0,17.0,7.6,0.0,21.0,5.8,33.04,10.649999999999999,False,False,True,False,False
291,91.0,182.88,193.0,4.46,33.0,0.0,124.0,6.9,4.29,5.0,142.0,45.0,48.0,1620.0,45.0,0.0,3139.0,23057.0,81.0,15155.0,173309.0,566.0,18294.0,196366.0,647.0,641.0999999999999,1.0,1.0,100.0,36.0,36.0,56.0,1.0,0.0,732.4,1.0,9.0,8.0,0.0,4.0,42.0,9.6,0.0,5.0,9.0,13.239999999999998,15.4,False,False,False,False,True
292,82.0,185.42,243.0,4.62,0.0,0.0,0.0,100.0,100.0,4.0,100.0,189.0,535.0,3413.0,93.0,0.0,22747.0,141994.0,2438.0,1768.0,19798.0,57.0,24515.0,161792.0,2495.0,2611.9,0.0,1.0,0.0,0.0,0.0,0.0,0.0,0.0,0.0,16.0,94.0,5.9,1.0,1.0,8.0,8.0,0.0,17.0,7.1,8.84,0.0,False,False,True,False,False
293,66.0,200.66,270.0,4.78,30.0,16.0,111.0,7.26,4.32,4.0,129.0,0.0,0.0,0.0,0.0,0.0,0.0,0.0,0.0,13056.0,166237.0,1412.0,13056.0,166237.0,1412.0,0.0,0.0,0.0,0.0,0.0,0.0,0.0,0.0,0.0,0.0,0.0,0.0,0.0,0.0,4.0,47.0,11.0,0.0,4.0,11.0,0.0,0.0,False,False,False,True,False
294,184.0,182.88,188.0,4.36,32.5,0.0,123.0,7.0,4.15,5.0,157.0,0.0,0.0,0.0,0.0,0.0,206.0,-1315.0,0.0,10506.0,134200.0,77.0,10712.0,132885.0,77.0,0.0,0.0,0.0,0.0,0.0,0.0,0.0,0.0,0.0,0.0,1.0,-5.0,-5.0,0.0,4.0,37.0,11.6,0.0,4.0,11.6,0.0,0.0,False,False,False,False,True
295,3.0,177.8,211.0,4.75,30.0,19.0,108.0,7.25,4.53,7.0,246.0,0.0,0.0,0.0,0.0,0.0,59209.0,233777.0,186.0,6483.0,35845.0,207.0,65692.0,269622.0,393.0,0.0,0.0,0.0,0.0,0.0,0.0,0.0,0.0,0.0,0.0,14.0,64.0,3.1,0.0,2.0,7.0,5.0,0.0,17.0,3.9,0.0,0.0,False,False,True,False,False
296,47.0,185.42,207.0,4.41,0.0,0.0,0.0,100.0,100.0,3.0,69.0,0.0,0.0,0.0,0.0,0.0,0.0,0.0,0.0,0.0,0.0,0.0,0.0,0.0,0.0,0.0,0.0,0.0,0.0,0.0,0.0,0.0,0.0,0.0,0.0,0.0,0.0,0.0,0.0,0.0,0.0,0.0,0.0,0.0,0.0,0.0,0.0,False,False,False,False,True
297,47.0,177.8,181.0,4.5,35.5,0.0,115.0,6.66,4.14,4.0,128.0,0.0,0.0,0.0,0.0,0.0,3007.0,13578.0,312.0,14659.0,182440.0,1137.0,17666.0,196018.0,1449.0,0.0,0.0,0.0,0.0,0.0,0.0,0.0,0.0,0.0,0.0,1.0,8.0,4.0,0.0,2.0,26.0,11.0,0.0,3.0,9.0,0.0,1.7000000000000002,False,False,False,False,True
298,157.0,193.04,231.0,4.76,0.0,19.0,0.0,7.14,4.46,3.0,92.0,32588.0,57006.0,350526.0,1800.0,2448.0,18953.0,13911.0,74.0,15.0,-90.0,0.0,18968.0,13821.0,74.0,25.500000000000004,15.0,28.0,58.8,159.0,6.5,5.2,0.0,1.0,114.2,8.0,4.0,1.3,0.0,1.0,-6.0,-6.0,0.0,8.0,1.3,1.7000000000000002,6.16,False,True,False,False,False
299,73.0,180.34,174.0,4.3,0.0,0.0,123.0,6.85,4.21,3.0,74.0,0.0,0.0,0.0,0.0,0.0,644.0,14165.0,387.0,7457.0,117625.0,633.0,8101.0,131790.0,1020.0,0.0,0.0,0.0,0.0,0.0,0.0,0.0,0.0,0.0,0.0,1.0,30.0,30.0,1.0,2.0,24.0,12.0,0.0,3.0,12.5,0.0,6.2,False,False,False,False,True
300,167.0,187.96,211.0,4.57,32.5,17.0,117.0,100.0,100.0,6.0,188.0,0.0,0.0,0.0,0.0,0.0,1246.0,12704.0,0.0,21886.0,316354.0,2996.0,23132.0,329058.0,2996.0,0.0,0.0,0.0,0.0,0.0,0.0,0.0,0.0,0.0,0.0,1.0,12.0,8.0,0.0,6.0,79.0,13.5,1.0,7.0,13.5,0.0,0.0,False,False,False,False,True
301,124.0,180.34,178.0,4.38,0.0,0.0,0.0,100.0,100.0,1.0,9.0,0.0,0.0,0.0,0.0,0.0,0.0,0.0,0.0,0.0,0.0,0.0,0.0,0.0,0.0,0.0,0.0,0.0,0.0,0.0,0.0,0.0,0.0,0.0,0.0,0.0,0.0,0.0,0.0,0.0,0.0,0.0,0.0,0.0,0.0,0.0,0.0,False,False,False,False,True
302,124.0,182.88,193.0,4.44,38.0,0.0,123.0,6.54,4.08,1.0,32.0,0.0,119.0,0.0,0.0,0.0,1360.0,9663.0,119.0,12368.0,177535.0,2180.0,13728.0,187198.0,2299.0,0.0,0.0,1.0,0.0,0.0,0.0,0.0,0.0,0.0,0.0,1.0,-1.0,-1.0,0.0,4.0,50.0,13.3,1.0,4.0,12.7,0.0,3.2,False,False,False,False,True
303,141.0,195.57999999999998,261.0,4.8,32.0,21.0,112.0,100.0,4.4,7.0,243.0,0.0,0.0,0.0,0.0,0.0,0.0,0.0,0.0,10404.0,145219.0,773.0,10404.0,145219.0,773.0,0.0,0.0,0.0,0.0,0.0,0.0,0.0,0.0,0.0,0.0,0.0,0.0,0.0,0.0,2.0,20.0,11.7,0.0,2.0,11.7,0.0,0.0,False,False,False,True,False
304,5.0,180.34,230.0,4.4,36.0,26.0,127.0,6.96,4.14,2.0,50.0,0.0,0.0,0.0,0.0,0.0,36700.0,134138.0,1360.0,10707.0,138257.0,879.0,47407.0,272395.0,2239.0,0.0,0.0,0.0,0.0,0.0,0.0,0.0,0.0,0.0,0.0,9.0,24.0,2.7,0.0,3.0,25.0,12.0,0.0,7.0,6.2,0.0,8.25,False,False,True,False,False
305,168.0,180.34,186.0,4.48,36.5,0.0,122.0,6.62,4.32,3.0,99.0,0.0,0.0,0.0,0.0,0.0,0.0,0.0,0.0,0.0,0.0,0.0,0.0,0.0,0.0,0.0,0.0,0.0,0.0,0.0,0.0,0.0,0.0,0.0,0.0,0.0,0.0,0.0,0.0,0.0,0.0,0.0,0.0,0.0,0.0,0.0,1.75,False,False,False,False,True
306,188.0,182.88,204.0,4.32,37.0,0.0,123.0,7.02,4.22,3.0,76.0,0.0,0.0,0.0,0.0,0.0,591.0,-1586.0,0.0,11549.0,159738.0,2102.0,12140.0,158152.0,2102.0,0.0,0.0,0.0,0.0,0.0,0.0,0.0,0.0,0.0,0.0,1.0,-2.0,-2.0,0.0,4.0,49.0,11.5,1.0,4.0,11.5,0.0,0.55,False,False,False,False,True
307,80.0,182.88,191.0,4.45,35.5,15.0,120.0,7.12,4.4,7.0,254.0,0.0,0.0,0.0,0.0,0.0,0.0,0.0,0.0,781.0,12072.0,0.0,781.0,12072.0,0.0,0.0,0.0,0.0,0.0,0.0,0.0,0.0,0.0,0.0,0.0,0.0,0.0,0.0,0.0,2.0,36.0,17.7,0.0,2.0,17.7,0.0,0.0,False,False,False,False,True
308,133.0,187.96,233.0,4.68,0.0,24.0,0.0,100.0,100.0,3.0,90.0,0.0,46.0,0.0,0.0,0.0,67746.0,328493.0,3155.0,6757.0,63915.0,573.0,74503.0,392408.0,3728.0,744.4,0.0,1.0,0.0,0.0,0.0,0.0,0.0,0.0,0.0,18.0,114.0,4.6,0.0,2.0,18.0,9.0,0.0,19.0,5.0,17.2,0.35,False,False,True,False,False
309,58.0,175.26,245.0,4.77,30.0,25.0,103.0,7.1,4.42,7.0,236.0,0.0,0.0,0.0,0.0,0.0,32654.0,247442.0,3116.0,17964.0,208204.0,1388.0,50618.0,455646.0,4504.0,0.0,0.0,0.0,0.0,0.0,0.0,0.0,0.0,0.0,0.0,9.0,55.0,6.0,1.0,5.0,56.0,10.7,0.0,14.0,8.4,0.0,0.0,False,False,True,False,False
310,11.0,180.34,203.0,4.45,38.0,0.0,123.0,7.0,4.17,2.0,49.0,0.0,0.0,0.0,0.0,0.0,53968.0,259883.0,1471.0,3161.0,29898.0,1.0,57129.0,289781.0,1472.0,0.0,0.0,0.0,0.0,0.0,0.0,0.0,0.0,0.0,0.0,20.0,75.0,4.3,0.0,1.0,17.0,8.5,0.0,23.0,4.6,0.0,0.0,False,False,True,False,False
311,105.0,177.8,210.0,4.54,37.0,21.0,122.0,7.0,4.14,2.0,63.0,0.0,0.0,0.0,0.0,0.0,53188.0,266565.0,2307.0,28606.0,294443.0,957.0,81794.0,561008.0,3264.0,0.0,0.0,0.0,0.0,0.0,0.0,0.0,0.0,0.0,0.0,9.0,38.0,5.4,0.0,2.0,28.0,8.0,0.0,6.0,6.8,0.0,3.4,False,False,True,False,False
312,178.0,193.04,219.0,4.62,0.0,0.0,0.0,100.0,100.0,2.0,45.0,210.0,406.0,2310.0,0.0,188.0,372.0,-1110.0,0.0,17749.0,249404.0,2810.0,18121.0,248294.0,2810.0,0.0,1.0,1.0,100.0,11.0,11.0,11.0,0.0,0.0,192.4,1.0,-3.0,-3.0,0.0,5.0,68.0,13.2,1.0,5.0,13.0,0.0,2.45,False,False,False,False,True
313,55.0,195.57999999999998,239.0,4.35,0.0,0.0,0.0,100.0,100.0,1.0,2.0,190.0,190.0,1330.0,0.0,0.0,1531.0,6088.0,8.0,20228.0,320676.0,3651.0,21759.0,326764.0,3659.0,2922.2000000000003,1.0,1.0,100.0,7.0,7.0,7.0,0.0,0.0,158.8,1.0,8.0,6.0,0.0,6.0,111.0,14.6,1.0,6.0,13.3,15.38,7.199999999999999,False,False,False,False,True
314,77.0,190.5,210.0,4.5,34.0,0.0,129.0,7.03,4.31,3.0,73.0,24.0,30.0,408.0,0.0,0.0,19030.0,71827.0,1125.0,4047.0,42590.0,490.0,23077.0,114417.0,1615.0,74.4,1.0,1.0,100.0,17.0,17.0,17.0,0.0,0.0,242.8,5.0,19.0,3.4,0.0,2.0,15.0,10.0,0.0,5.0,4.4,12.4,3.2,False,False,False,False,True
315,147.0,185.42,207.0,4.54,34.0,22.0,119.0,7.06,4.2,3.0,78.0,772.0,1897.0,21987.0,389.0,0.0,5149.0,23870.0,203.0,17919.0,225220.0,2752.0,23068.0,249090.0,2955.0,16354.42,1.0,1.0,33.3,10.0,3.3,3.3,0.0,0.0,61.3,1.0,4.0,3.0,0.0,5.0,76.0,14.3,0.0,6.0,10.3,12.379999999999999,5.15,False,False,False,False,True
316,129.0,193.04,217.0,4.49,0.0,0.0,0.0,100.0,100.0,6.0,210.0,0.0,0.0,0.0,0.0,0.0,389.0,8558.0,0.0,9169.0,100761.0,960.0,9558.0,109319.0,960.0,0.0,0.0,0.0,0.0,0.0,0.0,0.0,0.0,0.0,0.0,1.0,22.0,22.0,0.0,3.0,27.0,9.5,0.0,3.0,9.5,0.0,0.0,False,False,False,False,True
317,60.0,190.5,218.0,4.85,32.5,0.0,112.0,6.94,4.44,2.0,36.0,85712.0,133816.0,1114042.0,8142.0,1847.0,36419.0,60923.0,1729.0,32.0,256.0,0.0,36451.0,61179.0,1729.0,808.96,20.0,31.0,64.3,244.0,8.3,8.9,2.0,0.0,150.2,8.0,11.0,1.2,0.0,1.0,8.0,8.0,0.0,8.0,1.2,25.28,-4.2,False,True,False,False,False
318,141.0,185.42,226.0,4.52,34.5,28.0,122.0,6.88,4.22,2.0,52.0,0.0,0.0,0.0,0.0,0.0,38230.0,163190.0,1922.0,13812.0,115718.0,512.0,52042.0,278908.0,2434.0,0.0,0.0,0.0,0.0,0.0,0.0,0.0,0.0,0.0,0.0,7.0,30.0,4.2,0.0,3.0,22.0,6.8,0.0,10.0,4.5,0.0,3.2,False,False,True,False,False
319,23.0,180.34,215.0,4.46,35.5,20.0,125.0,7.05,4.55,1.0,12.0,34.0,53.0,603.0,20.0,0.0,58453.0,366185.0,3082.0,9125.0,91962.0,1196.0,67578.0,458147.0,4278.0,1261.44,1.0,1.0,100.0,14.0,14.0,14.0,0.0,0.0,217.6,17.0,106.0,6.2,1.0,3.0,23.0,11.3,0.0,19.0,5.9,27.8,10.8,False,False,True,False,False
320,3.0,182.88,256.0,4.75,29.5,14.0,113.0,7.14,4.47,4.0,137.0,0.0,0.0,0.0,0.0,0.0,0.0,0.0,0.0,0.0,0.0,0.0,0.0,0.0,0.0,0.0,0.0,0.0,0.0,0.0,0.0,0.0,0.0,0.0,0.0,0.0,0.0,0.0,0.0,0.0,0.0,0.0,0.0,0.0,0.0,0.0,0.0,True,False,False,False,False
321,163.0,187.96,214.0,4.39,37.5,0.0,121.0,6.97,4.31,1.0,27.0,0.0,0.0,0.0,0.0,0.0,1017.0,2382.0,0.0,16016.0,326607.0,2796.0,17033.0,328989.0,2796.0,0.0,0.0,0.0,0.0,0.0,0.0,0.0,0.0,0.0,0.0,1.0,1.0,1.0,0.0,5.0,98.0,16.3,1.0,6.0,16.3,0.0,0.0,False,False,False,False,True
322,7.0,193.04,256.0,4.87,34.0,0.0,115.0,7.01,4.42,2.0,38.0,0.0,0.0,0.0,0.0,0.0,0.0,0.0,0.0,12653.0,124924.0,1109.0,12653.0,124924.0,1109.0,0.0,0.0,0.0,0.0,0.0,0.0,0.0,0.0,0.0,0.0,0.0,0.0,0.0,0.0,4.0,43.0,9.0,0.0,4.0,9.0,0.0,3.8,False,False,False,True,False
323,52.0,193.04,252.0,4.79,34.0,19.0,117.0,7.35,4.49,4.0,133.0,0.0,0.0,0.0,0.0,0.0,0.0,0.0,0.0,6367.0,89559.0,581.0,6367.0,89559.0,581.0,0.0,0.0,0.0,0.0,0.0,0.0,0.0,0.0,0.0,0.0,0.0,0.0,0.0,0.0,2.0,33.0,12.0,0.0,2.0,12.0,0.0,1.8,False,False,False,True,False
324,17.0,187.96,225.0,4.41,40.0,19.0,119.0,100.0,100.0,5.0,172.0,73.0,456.0,1971.0,0.0,45.0,1645.0,19349.0,0.0,9387.0,129051.0,1418.0,11032.0,148400.0,1418.0,2444.7999999999997,0.0,1.0,0.0,0.0,0.0,0.0,0.0,0.0,0.0,1.0,27.0,9.0,0.0,3.0,36.0,14.0,0.0,3.0,13.0,12.799999999999999,2.2,False,False,False,False,True
325,89.0,198.12,254.0,4.51,35.5,23.0,114.0,7.04,4.48,1.0,31.0,0.0,0.0,0.0,0.0,0.0,0.0,0.0,0.0,8992.0,106075.0,234.0,8992.0,106075.0,234.0,0.0,0.0,0.0,0.0,0.0,0.0,0.0,0.0,0.0,0.0,0.0,0.0,0.0,0.0,3.0,39.0,10.3,0.0,3.0,10.3,0.0,3.3,False,False,False,True,False
326,168.0,198.12,231.0,4.98,30.5,0.0,104.0,7.32,4.58,6.0,205.0,74954.0,118828.0,976084.0,7332.0,5209.0,14567.0,-18743.0,353.0,0.0,0.0,0.0,14567.0,-18743.0,353.0,0.0,20.0,33.0,66.7,253.0,7.3,6.2,2.0,1.0,137.2,3.0,-1.0,-1.0,0.0,0.0,0.0,0.0,0.0,3.0,-1.0,0.0,0.0,False,True,False,False,False
327,38.0,190.5,252.0,4.74,34.5,0.0,111.0,7.21,4.31,7.0,215.0,0.0,0.0,0.0,0.0,0.0,0.0,0.0,0.0,1523.0,15786.0,72.0,1523.0,15786.0,72.0,0.0,0.0,0.0,0.0,0.0,0.0,0.0,0.0,0.0,0.0,0.0,0.0,0.0,0.0,2.0,21.0,8.5,0.0,2.0,8.5,0.0,2.6,False,False,False,True,False
328,125.0,185.42,217.0,4.4,38.5,0.0,127.0,7.09,4.4,1.0,7.0,0.0,0.0,0.0,0.0,0.0,53983.0,289184.0,2915.0,2478.0,42527.0,399.0,56461.0,331711.0,3314.0,0.0,0.0,0.0,0.0,0.0,0.0,0.0,0.0,0.0,0.0,25.0,139.0,5.2,1.0,1.0,9.0,8.0,0.0,26.0,5.0,0.0,8.2,False,False,True,False,False
329,124.0,180.34,207.0,4.4,35.5,16.0,123.0,6.84,4.16,4.0,107.0,0.0,0.0,0.0,0.0,0.0,60801.0,315006.0,3147.0,3310.0,24595.0,0.0,64111.0,339601.0,3147.0,0.0,0.0,0.0,0.0,0.0,0.0,0.0,0.0,0.0,0.0,19.0,111.0,5.5,1.0,2.0,6.0,3.5,0.0,20.0,5.6,0.0,1.55,False,False,True,False,False
330,121.0,193.04,232.0,4.73,0.0,24.0,0.0,100.0,100.0,1.0,22.0,82915.0,134966.0,977593.0,8113.0,2010.0,23750.0,3935.0,658.0,66.0,0.0,0.0,23816.0,3935.0,658.0,1164.44,23.0,37.0,60.5,274.0,7.0,7.8,2.0,0.0,147.3,6.0,0.0,0.0,0.0,1.0,0.0,0.0,0.0,6.0,0.0,27.080000000000002,0.0,False,True,False,False,False
331,149.0,190.5,200.0,4.51,39.5,0.0,119.0,7.09,4.34,2.0,44.0,0.0,188.0,0.0,0.0,0.0,190.0,1140.0,0.0,17774.0,265719.0,2222.0,17964.0,266859.0,2222.0,0.0,0.0,1.0,0.0,0.0,0.0,0.0,0.0,0.0,0.0,1.0,6.0,6.0,0.0,6.0,72.0,15.0,0.0,6.0,14.5,0.0,3.6500000000000004,False,False,False,False,True
332,63.0,187.96,199.0,4.38,39.0,19.0,127.0,6.83,4.28,3.0,75.0,0.0,0.0,0.0,0.0,0.0,0.0,0.0,0.0,0.0,0.0,0.0,0.0,0.0,0.0,0.0,0.0,0.0,0.0,0.0,0.0,0.0,0.0,0.0,0.0,0.0,0.0,0.0,0.0,0.0,0.0,0.0,0.0,0.0,0.0,0.0,3.0,False,False,False,False,True
333,90.0,175.26,179.0,4.47,35.0,0.0,123.0,6.71,4.21,4.0,118.0,443.0,728.0,14674.0,20.0,0.0,885.0,2996.0,0.0,23089.0,311364.0,1792.0,23974.0,314360.0,1792.0,5806.86,1.0,1.0,100.0,21.0,21.0,21.0,0.0,0.0,276.4,1.0,4.0,4.0,0.0,7.0,72.0,13.0,0.0,7.0,13.0,11.52,6.8,False,False,False,False,True
334,129.0,190.5,244.0,4.78,36.0,20.0,115.0,6.96,4.47,5.0,155.0,0.0,0.0,0.0,0.0,0.0,865.0,2905.0,66.0,10096.0,109214.0,372.0,10961.0,112119.0,438.0,0.0,0.0,0.0,0.0,0.0,0.0,0.0,0.0,0.0,0.0,2.0,7.0,3.0,0.0,2.0,28.0,12.0,0.0,2.0,12.0,0.0,4.2,False,False,False,True,False
335,107.0,195.57999999999998,226.0,4.91,29.5,0.0,114.0,7.16,4.42,5.0,151.0,49786.0,79386.0,560612.0,4557.0,2165.0,26783.0,66104.0,1056.0,0.0,0.0,0.0,26783.0,66104.0,1056.0,0.0,17.0,22.0,62.5,163.0,7.6,7.2,1.0,0.0,137.1,9.0,21.0,2.6,0.0,0.0,0.0,0.0,0.0,9.0,2.6,0.0,0.0,False,True,False,False,False
336,76.0,195.57999999999998,265.0,4.83,0.0,0.0,0.0,100.0,100.0,1.0,1.0,51958.0,75866.0,720165.0,6479.0,1673.0,11864.0,16396.0,244.0,0.0,0.0,0.0,11864.0,16396.0,244.0,0.0,15.0,20.0,72.7,223.0,9.8,11.2,2.0,0.0,174.9,4.0,2.0,0.3,0.0,0.0,0.0,0.0,0.0,4.0,0.3,0.0,0.4,False,True,False,False,False
337,17.0,187.96,247.0,4.74,37.5,27.0,122.0,7.0,4.27,7.0,222.0,0.0,0.0,0.0,0.0,0.0,0.0,0.0,0.0,7400.0,83957.0,985.0,7400.0,83957.0,985.0,0.0,0.0,0.0,0.0,0.0,0.0,0.0,0.0,0.0,0.0,0.0,0.0,0.0,0.0,2.0,19.0,9.0,0.0,2.0,9.0,0.0,1.7,True,False,False,False,False
338,25.0,187.96,209.0,4.35,36.5,18.0,121.0,6.92,4.39,3.0,79.0,0.0,0.0,0.0,0.0,0.0,0.0,0.0,0.0,0.0,0.0,0.0,0.0,0.0,0.0,0.0,0.0,0.0,0.0,0.0,0.0,0.0,0.0,0.0,0.0,0.0,0.0,0.0,0.0,0.0,0.0,0.0,0.0,0.0,0.0,0.0,0.0,False,False,False,False,True
339,82.0,180.34,220.0,4.5,38.0,18.0,114.0,7.22,4.34,5.0,148.0,0.0,0.0,0.0,0.0,0.0,35990.0,202662.0,1522.0,5399.0,46084.0,170.0,41389.0,248746.0,1692.0,0.0,0.0,0.0,0.0,0.0,0.0,0.0,0.0,0.0,0.0,10.0,59.0,5.5,0.0,2.0,14.0,7.0,0.0,11.0,5.7,0.0,9.4,False,False,True,False,False
340,178.0,182.88,197.0,4.44,38.0,0.0,120.0,6.68,4.19,2.0,51.0,0.0,0.0,0.0,0.0,0.0,257.0,763.0,0.0,20135.0,304966.0,2301.0,20392.0,305729.0,2301.0,0.0,0.0,0.0,0.0,0.0,0.0,0.0,0.0,0.0,0.0,1.0,3.0,3.0,0.0,5.0,67.0,12.6,0.0,5.0,12.6,0.0,1.3,False,False,False,False,True
341,124.0,182.88,225.0,4.72,0.0,0.0,0.0,100.0,100.0,5.0,174.0,50987.0,76336.0,676861.0,7793.0,1027.0,18706.0,71922.0,298.0,0.0,0.0,0.0,18706.0,71922.0,298.0,0.0,16.0,25.0,66.7,203.0,9.6,11.6,2.0,0.0,179.3,5.0,18.0,3.0,0.0,0.0,0.0,0.0,0.0,5.0,3.0,0.0,7.92,False,True,False,False,False
342,183.0,180.34,230.0,4.79,30.0,0.0,111.0,7.06,4.37,7.0,244.0,0.0,0.0,0.0,0.0,0.0,41227.0,177267.0,1782.0,6446.0,63540.0,33.0,47673.0,240807.0,1815.0,0.0,0.0,0.0,0.0,0.0,0.0,0.0,0.0,0.0,0.0,14.0,77.0,4.6,1.0,3.0,25.0,10.3,0.0,17.0,5.1,0.0,0.75,True,False,False,False,False
343,95.0,200.66,270.0,4.83,0.0,0.0,0.0,100.0,100.0,3.0,77.0,0.0,0.0,0.0,0.0,0.0,0.0,0.0,0.0,11980.0,147333.0,904.0,11980.0,147333.0,904.0,0.0,0.0,0.0,0.0,0.0,0.0,0.0,0.0,0.0,0.0,0.0,0.0,0.0,0.0,4.0,47.0,11.8,0.0,4.0,11.8,0.0,4.45,False,False,False,True,False
344,186.0,187.96,216.0,4.6,0.0,22.0,0.0,100.0,100.0,4.0,103.0,27283.0,50236.0,374230.0,2660.0,1095.0,23837.0,102844.0,1062.0,453.0,6061.0,0.0,24290.0,108905.0,1062.0,624.14,15.0,25.0,56.0,168.0,6.7,6.8,2.0,1.0,125.6,11.0,47.0,3.7,0.0,1.0,9.0,9.0,0.0,11.0,4.7,2.52,0.0,False,True,False,False,False
345,93.0,190.5,226.0,4.75,30.5,0.0,108.0,6.77,4.41,2.0,43.0,43095.0,69909.0,485291.0,2868.0,2112.0,28660.0,123228.0,1202.0,41.0,424.0,20.0,28701.0,123652.0,1222.0,1576.82,16.0,25.0,62.5,161.0,6.0,6.0,1.0,1.0,112.9,9.0,34.0,3.9,0.0,1.0,4.0,4.0,0.0,9.0,4.1,37.96,0.0,False,True,False,False,False
346,5.0,175.26,194.0,4.59,33.0,17.0,0.0,100.0,100.0,7.0,234.0,0.0,0.0,0.0,0.0,0.0,1663.0,8423.0,0.0,14178.0,162145.0,650.0,15841.0,170568.0,650.0,0.0,0.0,0.0,0.0,0.0,0.0,0.0,0.0,0.0,0.0,1.0,6.0,5.0,0.0,5.0,61.0,11.3,0.0,5.0,11.3,0.0,0.0,False,False,False,False,True
347,30.0,180.34,197.0,4.56,35.0,0.0,120.0,6.91,4.14,7.0,235.0,789.0,1418.0,6439.0,166.0,0.0,2622.0,14324.0,77.0,12820.0,179656.0,999.0,15442.0,193980.0,1076.0,679.48,1.0,3.0,33.3,13.0,4.3,4.3,0.0,0.0,69.7,1.0,5.0,5.0,0.0,4.0,66.0,12.9,0.0,4.0,11.3,9.72,0.0,False,False,False,False,True
348,11.0,187.96,204.0,4.5,36.0,0.0,122.0,7.22,4.28,6.0,197.0,5.0,5.0,140.0,5.0,0.0,2001.0,14578.0,0.0,13739.0,185243.0,728.0,15740.0,199821.0,728.0,0.0,1.0,1.0,100.0,28.0,28.0,48.0,1.0,0.0,665.2,1.0,1.0,1.0,0.0,3.0,43.0,12.6,0.0,4.0,12.5,0.0,1.1,False,False,False,False,True
349,45.0,180.34,184.0,4.42,32.5,0.0,123.0,6.99,4.29,7.0,233.0,0.0,0.0,0.0,0.0,0.0,772.0,-3311.0,0.0,19728.0,211269.0,392.0,20500.0,207958.0,392.0,0.0,0.0,0.0,0.0,0.0,0.0,0.0,0.0,0.0,0.0,1.0,-9.0,-9.0,0.0,7.0,72.0,10.0,0.0,7.0,10.0,0.0,0.0,False,False,False,False,True
350,50.0,185.42,205.0,4.45,38.5,0.0,125.0,7.03,4.24,3.0,80.0,0.0,0.0,0.0,0.0,0.0,1627.0,18095.0,12.0,7565.0,80458.0,241.0,9192.0,98553.0,253.0,0.0,0.0,0.0,0.0,0.0,0.0,0.0,0.0,0.0,0.0,1.0,8.0,4.0,0.0,3.0,22.0,11.0,0.0,3.0,10.0,0.0,0.0,False,False,False,False,True
351,118.0,170.18,186.0,4.39,35.5,22.0,116.0,6.69,4.08,3.0,93.0,0.0,0.0,0.0,0.0,0.0,86184.0,576908.0,4981.0,7384.0,77279.0,504.0,93568.0,654187.0,5485.0,0.0,0.0,0.0,0.0,0.0,0.0,0.0,0.0,0.0,0.0,24.0,171.0,6.4,2.0,3.0,9.0,6.2,0.0,27.0,6.4,0.0,2.7,False,False,True,False,False
352,50.0,180.34,228.0,4.66,34.0,14.0,115.0,7.23,4.43,4.0,111.0,0.0,0.0,0.0,0.0,0.0,72240.0,397418.0,3322.0,7937.0,70455.0,270.0,80177.0,467873.0,3592.0,0.0,0.0,0.0,0.0,0.0,0.0,0.0,0.0,0.0,0.0,23.0,106.0,4.9,1.0,2.0,6.0,4.0,0.0,25.0,5.1,0.0,1.0,False,False,True,False,False
353,43.0,177.8,232.0,4.47,31.5,0.0,115.0,100.0,100.0,7.0,228.0,0.0,0.0,0.0,0.0,0.0,0.0,0.0,0.0,0.0,0.0,0.0,0.0,0.0,0.0,0.0,0.0,0.0,0.0,0.0,0.0,0.0,0.0,0.0,0.0,0.0,0.0,0.0,0.0,0.0,0.0,0.0,0.0,0.0,0.0,0.0,3.8,False,False,True,False,False
354,163.0,195.57999999999998,225.0,4.98,21.5,0.0,108.0,7.51,4.6,5.0,162.0,113272.0,175297.0,1347988.0,11369.0,4216.0,8924.0,-26309.0,193.0,0.0,0.0,0.0,8924.0,-26309.0,193.0,0.0,22.0,33.0,63.9,259.0,7.2,7.5,2.0,1.0,137.6,2.0,-5.0,-1.7,0.0,0.0,0.0,0.0,0.0,2.0,-1.7,0.0,0.0,False,True,False,False,False
355,91.0,190.5,203.0,4.55,0.0,0.0,0.0,100.0,100.0,7.0,237.0,166.0,338.0,1826.0,166.0,0.0,0.0,0.0,0.0,20103.0,264084.0,3089.0,20103.0,264084.0,3089.0,0.0,0.0,1.0,0.0,0.0,0.0,0.0,0.0,0.0,0.0,0.0,0.0,0.0,0.0,4.0,55.0,12.9,1.0,4.0,12.9,0.0,0.0,False,False,False,False,True
356,60.0,180.34,192.0,4.43,0.0,16.0,0.0,100.0,100.0,2.0,33.0,0.0,0.0,0.0,0.0,0.0,0.0,0.0,0.0,32615.0,502092.0,2544.0,32615.0,502092.0,2544.0,0.0,0.0,0.0,0.0,0.0,0.0,0.0,0.0,0.0,0.0,0.0,0.0,0.0,0.0,5.0,66.0,12.5,0.0,5.0,12.5,0.0,8.45,False,False,False,False,True
357,82.0,198.12,243.0,4.61,31.0,22.0,117.0,6.92,4.23,5.0,141.0,0.0,0.0,0.0,0.0,0.0,0.0,0.0,0.0,19138.0,270051.0,2745.0,19138.0,270051.0,2745.0,0.0,0.0,0.0,0.0,0.0,0.0,0.0,0.0,0.0,0.0,0.0,0.0,0.0,0.0,4.0,45.0,13.3,0.0,4.0,13.3,0.0,0.0,False,False,False,True,False
358,182.0,180.34,209.0,4.48,26.0,15.0,110.0,7.15,4.22,3.0,70.0,597.0,923.0,14940.0,399.0,0.0,2656.0,5932.0,0.0,34688.0,445797.0,2731.0,37344.0,451729.0,2731.0,4887.5,1.0,1.0,100.0,30.0,30.0,50.0,1.0,0.0,682.0,1.0,3.0,3.0,0.0,6.0,70.0,10.8,0.0,6.0,10.3,13.9,0.0,False,False,False,False,True
359,166.0,198.12,259.0,4.68,34.0,18.0,118.0,7.64,4.53,2.0,61.0,0.0,0.0,0.0,0.0,0.0,0.0,0.0,0.0,17059.0,211951.0,1246.0,17059.0,211951.0,1246.0,0.0,0.0,0.0,0.0,0.0,0.0,0.0,0.0,0.0,0.0,0.0,0.0,0.0,0.0,3.0,35.0,11.2,0.0,3.0,11.2,0.0,3.6,False,False,False,True,False
360,149.0,182.88,213.0,4.52,33.5,25.0,118.0,6.97,4.24,7.0,238.0,0.0,0.0,0.0,0.0,0.0,72946.0,367848.0,3616.0,16102.0,185011.0,810.0,89048.0,552859.0,4426.0,0.0,0.0,0.0,0.0,0.0,0.0,0.0,0.0,0.0,0.0,14.0,69.0,5.1,0.0,3.0,33.0,9.5,0.0,16.0,6.2,0.0,0.0,False,False,True,False,False
361,58.0,187.96,207.0,4.79,0.0,0.0,0.0,100.0,100.0,6.0,186.0,177485.0,245721.0,2277682.0,22762.0,6527.0,38469.0,96665.0,2662.0,0.0,0.0,0.0,38469.0,96665.0,2662.0,0.0,30.0,41.0,71.8,402.0,9.0,10.6,4.0,1.0,180.8,6.0,13.0,2.1,0.0,0.0,0.0,0.0,0.0,6.0,2.1,0.0,0.0,False,True,False,False,False
362,188.0,187.96,211.0,4.96,28.0,0.0,112.0,7.22,4.19,7.0,223.0,117086.0,194972.0,1402491.0,9605.0,5199.0,30276.0,9616.0,422.0,197.0,788.0,197.0,30473.0,10404.0,619.0,2765.8799999999997,21.0,35.0,59.3,270.0,6.9,6.8,2.0,1.0,125.3,6.0,6.0,0.9,0.0,1.0,4.0,4.0,1.0,6.0,0.9,14.04,0.0,False,True,False,False,False
363,82.0,190.5,230.0,4.81,30.0,0.0,115.0,7.13,4.55,2.0,56.0,103692.0,161064.0,1500459.0,10310.0,3358.0,21489.0,11046.0,903.0,183.0,-1116.0,0.0,21672.0,9930.0,903.0,4576.4400000000005,19.0,30.0,65.1,282.0,8.5,9.4,1.0,0.0,151.4,3.0,-1.0,-0.3,0.0,1.0,-7.0,-7.0,0.0,3.0,-0.3,25.740000000000002,0.0,False,True,False,False,False
364,52.0,172.72,204.0,4.51,36.0,25.0,128.0,7.17,100.0,6.0,172.0,5.0,5.0,45.0,5.0,0.0,50291.0,264333.0,3174.0,4734.0,42646.0,343.0,55025.0,306979.0,3517.0,0.0,1.0,1.0,100.0,9.0,9.0,29.0,1.0,0.0,505.6,11.0,57.0,4.1,0.0,1.0,14.0,9.8,0.0,13.0,4.5,0.0,0.0,False,False,True,False,False
365,75.0,182.88,201.0,4.44,38.5,10.0,125.0,6.77,4.2,4.0,128.0,0.0,0.0,0.0,0.0,0.0,575.0,-429.0,0.0,31216.0,408464.0,4790.0,31791.0,408035.0,4790.0,0.0,0.0,0.0,0.0,0.0,0.0,0.0,0.0,0.0,0.0,1.0,-7.0,-7.0,0.0,5.0,65.0,11.7,1.0,5.0,11.7,0.0,1.75,False,False,False,False,True
366,43.0,182.88,204.0,4.35,33.0,0.0,124.0,6.75,4.11,3.0,97.0,442.0,475.0,4035.0,369.0,0.0,5558.0,30194.0,418.0,23469.0,283235.0,2045.0,29027.0,313429.0,2463.0,0.0,1.0,1.0,100.0,5.0,5.0,25.0,1.0,0.0,472.0,2.0,9.0,5.0,0.0,4.0,38.0,11.0,0.0,4.0,10.0,0.0,3.5999999999999996,False,False,False,False,True
367,121.0,195.57999999999998,251.0,4.88,30.5,20.0,113.0,7.12,4.28,2.0,38.0,0.0,0.0,0.0,0.0,0.0,0.0,0.0,0.0,18870.0,212853.0,1449.0,18870.0,212853.0,1449.0,0.0,0.0,0.0,0.0,0.0,0.0,0.0,0.0,0.0,0.0,0.0,0.0,0.0,0.0,4.0,38.0,9.7,0.0,4.0,9.7,0.0,8.4,False,False,False,True,False
368,165.0,180.34,200.0,4.38,30.5,0.0,122.0,6.8,4.22,3.0,73.0,0.0,0.0,0.0,0.0,0.0,85717.0,495650.0,5372.0,6956.0,73326.0,409.0,92673.0,568976.0,5781.0,0.0,0.0,0.0,0.0,0.0,0.0,0.0,0.0,0.0,0.0,16.0,77.0,5.4,1.0,2.0,7.0,7.0,0.0,18.0,5.7,0.0,6.8,False,False,True,False,False
369,55.0,177.8,215.0,4.48,34.0,20.0,119.0,6.88,100.0,4.0,122.0,162.0,162.0,2754.0,162.0,0.0,121661.0,624417.0,4917.0,5837.0,47348.0,0.0,127498.0,671765.0,4917.0,0.0,1.0,1.0,100.0,17.0,17.0,37.0,1.0,0.0,572.8,21.0,107.0,4.8,1.0,1.0,11.0,7.3,0.0,21.0,4.9,0.0,3.75,False,False,True,False,False
370,163.0,200.66,270.0,4.63,33.0,24.0,0.0,100.0,100.0,3.0,76.0,0.0,0.0,0.0,0.0,0.0,0.0,0.0,0.0,3844.0,56695.0,0.0,3844.0,56695.0,0.0,0.0,0.0,0.0,0.0,0.0,0.0,0.0,0.0,0.0,0.0,0.0,0.0,0.0,0.0,1.0,24.0,12.0,0.0,1.0,12.0,0.0,1.0,False,False,False,True,False
371,178.0,190.5,255.0,4.68,0.0,24.0,0.0,100.0,100.0,2.0,48.0,0.0,0.0,0.0,0.0,0.0,0.0,0.0,0.0,21808.0,264536.0,2315.0,21808.0,264536.0,2315.0,0.0,0.0,0.0,0.0,0.0,0.0,0.0,0.0,0.0,0.0,0.0,0.0,0.0,0.0,4.0,41.0,11.0,0.0,4.0,11.0,0.0,1.1,False,False,False,True,False
372,93.0,198.12,262.0,4.59,28.0,22.0,118.0,7.25,4.38,5.0,158.0,0.0,0.0,0.0,0.0,0.0,983.0,7095.0,0.0,8791.0,127962.0,1217.0,9774.0,135057.0,1217.0,0.0,0.0,0.0,0.0,0.0,0.0,0.0,0.0,0.0,0.0,1.0,5.0,5.0,0.0,2.0,33.0,16.0,0.0,2.0,13.5,0.0,0.0,False,False,False,True,False
373,129.0,190.5,195.0,4.58,0.0,0.0,0.0,100.0,100.0,5.0,156.0,84484.0,131438.0,966512.0,7034.0,3685.0,44731.0,222502.0,2461.0,0.0,0.0,0.0,44731.0,222502.0,2461.0,0.0,16.0,25.0,63.3,189.0,7.2,7.1,1.0,0.0,127.3,9.0,34.0,4.5,0.0,0.0,0.0,0.0,0.0,9.0,4.5,0.0,0.0,False,True,False,False,False
374,76.0,182.88,209.0,4.59,0.0,0.0,0.0,100.0,100.0,3.0,81.0,164.0,164.0,5740.0,0.0,0.0,2067.0,8699.0,388.0,22867.0,256948.0,2856.0,24934.0,265647.0,3244.0,0.0,1.0,1.0,100.0,35.0,35.0,35.0,0.0,0.0,394.0,1.0,5.0,5.0,0.0,5.0,58.0,12.0,1.0,6.0,11.4,0.0,1.55,False,False,False,False,True
375,82.0,180.34,176.0,4.51,31.0,0.0,120.0,6.57,4.12,3.0,84.0,0.0,19.0,0.0,0.0,19.0,3700.0,22110.0,7.0,27344.0,498891.0,3053.0,31044.0,521001.0,3060.0,0.0,0.0,1.0,0.0,0.0,0.0,-45.0,0.0,1.0,-200.0,1.0,6.0,6.0,0.0,5.0,87.0,17.1,0.0,6.0,16.3,0.0,3.1500000000000004,False,False,False,False,True
376,51.0,182.88,241.0,4.68,32.5,30.0,110.0,7.2,4.46,5.0,146.0,0.0,0.0,0.0,0.0,0.0,0.0,0.0,0.0,0.0,0.0,0.0,0.0,0.0,0.0,0.0,0.0,0.0,0.0,0.0,0.0,0.0,0.0,0.0,0.0,0.0,0.0,0.0,0.0,0.0,0.0,0.0,0.0,0.0,0.0,0.0,1.3,True,False,False,False,False
377,71.0,190.5,251.0,4.83,29.0,24.0,115.0,6.8,4.19,4.0,132.0,0.0,0.0,0.0,0.0,0.0,0.0,0.0,0.0,15406.0,162216.0,2009.0,15406.0,162216.0,2009.0,0.0,0.0,0.0,0.0,0.0,0.0,0.0,0.0,0.0,0.0,0.0,0.0,0.0,0.0,3.0,30.0,9.7,0.0,3.0,9.7,0.0,1.5,False,False,False,True,False
378,165.0,193.04,243.0,4.82,27.5,20.0,117.0,7.15,4.38,3.0,91.0,0.0,0.0,0.0,0.0,0.0,0.0,0.0,155.0,14595.0,183679.0,909.0,14595.0,183679.0,1064.0,0.0,0.0,0.0,0.0,0.0,0.0,0.0,0.0,0.0,0.0,0.0,0.0,0.0,1.0,3.0,37.0,12.0,0.0,3.0,12.0,0.0,0.5,False,False,False,True,False
379,135.0,198.12,236.0,4.84,28.5,0.0,110.0,6.82,4.27,1.0,18.0,11.0,44.0,121.0,0.0,0.0,92.0,-65.0,0.0,0.0,0.0,0.0,92.0,-65.0,0.0,0.0,1.0,4.0,25.0,11.0,2.8,2.8,0.0,0.0,48.1,2.0,-5.0,-2.5,0.0,0.0,0.0,0.0,0.0,2.0,-2.5,0.0,13.369999999999997,False,True,False,False,False
380,76.0,187.96,231.0,4.79,28.0,0.0,109.0,7.21,4.34,7.0,209.0,41884.0,76097.0,524291.0,4210.0,2428.0,23235.0,66655.0,855.0,164.0,5740.0,0.0,23399.0,72395.0,855.0,5579.28,12.0,19.0,55.2,128.0,7.2,7.2,1.0,0.0,123.0,4.0,12.0,3.8,0.0,1.0,35.0,35.0,0.0,4.0,4.9,34.019999999999996,0.12,False,True,False,False,False
381,23.0,172.72,194.0,4.62,26.5,26.0,112.0,6.96,100.0,7.0,233.0,0.0,0.0,0.0,0.0,0.0,91937.0,470884.0,3871.0,7317.0,69129.0,196.0,99254.0,540013.0,4067.0,0.0,0.0,0.0,0.0,0.0,0.0,0.0,0.0,0.0,0.0,12.0,75.0,4.7,0.0,2.0,13.0,6.0,0.0,14.0,4.8,0.0,0.0,False,False,True,False,False
382,173.0,185.42,217.0,4.44,33.0,23.0,118.0,6.84,4.23,2.0,44.0,161.0,2033.0,644.0,0.0,0.0,99758.0,549163.0,5441.0,12239.0,134121.0,423.0,111997.0,683284.0,5864.0,40430.36,0.0,1.0,0.0,0.0,0.0,0.0,0.0,0.0,0.0,19.0,117.0,4.8,1.0,3.0,30.0,10.0,0.0,23.0,5.5,24.16,16.35,False,False,True,False,False
383,99.0,182.88,214.0,4.37,34.5,0.0,0.0,100.0,100.0,4.0,105.0,0.0,0.0,0.0,0.0,0.0,0.0,0.0,0.0,0.0,0.0,0.0,0.0,0.0,0.0,0.0,0.0,0.0,0.0,0.0,0.0,0.0,0.0,0.0,0.0,0.0,0.0,0.0,0.0,0.0,0.0,0.0,0.0,0.0,0.0,0.0,0.9,False,False,False,False,True
384,103.0,182.88,210.0,4.42,36.5,20.0,125.0,6.9,4.19,6.0,205.0,0.0,0.0,0.0,0.0,0.0,0.0,0.0,0.0,0.0,0.0,0.0,0.0,0.0,0.0,0.0,0.0,0.0,0.0,0.0,0.0,0.0,0.0,0.0,0.0,0.0,0.0,0.0,0.0,0.0,0.0,0.0,0.0,0.0,0.0,0.0,9.2,False,False,False,False,True
385,64.0,195.57999999999998,217.0,4.45,31.5,18.0,125.0,6.84,4.2,2.0,41.0,0.0,0.0,0.0,0.0,0.0,0.0,0.0,0.0,25574.0,398812.0,5216.0,25574.0,398812.0,5216.0,0.0,0.0,0.0,0.0,0.0,0.0,0.0,0.0,0.0,0.0,0.0,0.0,0.0,0.0,5.0,86.0,13.8,1.0,5.0,13.8,0.0,0.0,False,False,False,False,True
386,184.0,190.5,213.0,4.56,28.5,0.0,120.0,7.03,4.43,7.0,215.0,7.0,12.0,287.0,0.0,0.0,255.0,2475.0,0.0,16938.0,262547.0,1269.0,17193.0,265022.0,1269.0,0.0,1.0,1.0,100.0,41.0,41.0,41.0,0.0,0.0,444.4,1.0,10.0,10.0,0.0,2.0,35.0,12.4,0.0,2.0,12.4,0.0,0.0,False,False,False,False,True
387,91.0,175.26,206.0,4.69,28.0,23.0,110.0,100.0,100.0,6.0,202.0,0.0,0.0,0.0,0.0,0.0,0.0,0.0,0.0,496.0,8083.0,45.0,496.0,8083.0,45.0,0.0,0.0,0.0,0.0,0.0,0.0,0.0,0.0,0.0,0.0,0.0,0.0,0.0,0.0,2.0,34.0,13.2,0.0,2.0,13.2,0.0,1.6,False,False,True,False,False
388,23.0,180.34,187.0,4.57,0.0,14.0,117.0,100.0,100.0,4.0,126.0,0.0,0.0,0.0,0.0,0.0,2092.0,22980.0,0.0,25941.0,356076.0,2499.0,28033.0,379056.0,2499.0,0.0,0.0,0.0,0.0,0.0,0.0,0.0,0.0,0.0,0.0,1.0,10.0,10.0,0.0,4.0,53.0,13.5,0.0,5.0,13.5,0.0,1.9500000000000002,False,False,False,False,True
389,91.0,190.5,230.0,4.92,25.5,0.0,106.0,7.17,4.4,2.0,57.0,84573.0,142808.0,1034478.0,9592.0,3398.0,18990.0,-24352.0,247.0,0.0,0.0,0.0,18990.0,-24352.0,247.0,0.0,17.0,26.0,60.0,196.0,7.1,7.4,2.0,1.0,127.0,3.0,-3.0,-2.0,0.0,0.0,0.0,0.0,0.0,3.0,-2.0,0.0,2.68,False,True,False,False,False
390,71.0,193.04,207.0,4.55,31.5,0.0,126.0,7.08,4.3,6.0,171.0,29.0,29.0,290.0,0.0,0.0,164.0,3772.0,0.0,18174.0,293182.0,2644.0,18338.0,296954.0,2644.0,0.0,1.0,1.0,100.0,10.0,10.0,10.0,0.0,0.0,184.0,1.0,23.0,23.0,0.0,3.0,33.0,13.2,0.0,3.0,13.2,0.0,0.0,False,False,False,False,True
391,76.0,180.34,226.0,4.61,27.5,23.0,111.0,6.85,4.24,3.0,69.0,0.0,0.0,0.0,0.0,0.0,66003.0,319826.0,3955.0,10499.0,76371.0,745.0,76502.0,396197.0,4700.0,0.0,0.0,0.0,0.0,0.0,0.0,0.0,0.0,0.0,0.0,10.0,49.0,4.9,1.0,2.0,10.0,6.8,0.0,12.0,5.2,0.0,4.2,True,False,False,False,False
392,101.0,180.34,231.0,4.68,32.0,0.0,122.0,7.01,4.2,6.0,204.0,0.0,0.0,0.0,0.0,0.0,0.0,0.0,0.0,0.0,0.0,0.0,0.0,0.0,0.0,0.0,0.0,0.0,0.0,0.0,0.0,0.0,0.0,0.0,0.0,0.0,0.0,0.0,0.0,0.0,0.0,0.0,0.0,0.0,0.0,0.0,0.0,True,False,False,False,False
393,8.0,185.42,240.0,4.64,30.5,26.0,117.0,7.15,100.0,7.0,227.0,0.0,13.0,0.0,0.0,0.0,16876.0,88874.0,654.0,12962.0,126946.0,885.0,29838.0,215820.0,1539.0,232.7,0.0,1.0,0.0,0.0,0.0,0.0,0.0,0.0,0.0,4.0,16.0,4.8,0.0,2.0,22.0,9.0,0.0,5.0,6.3,17.9,16.6,True,False,False,False,False
394,197.0,190.5,221.0,4.49,29.5,15.0,126.0,100.0,100.0,6.0,191.0,0.0,0.0,0.0,0.0,0.0,0.0,0.0,0.0,11156.0,199267.0,1142.0,11156.0,199267.0,1142.0,0.0,0.0,0.0,0.0,0.0,0.0,0.0,0.0,0.0,0.0,0.0,0.0,0.0,0.0,3.0,33.0,17.0,0.0,3.0,17.0,0.0,0.0,False,False,False,False,True
395,23.0,177.8,169.0,4.35,0.0,0.0,120.0,100.0,100.0,2.0,49.0,0.0,0.0,0.0,0.0,0.0,0.0,0.0,0.0,0.0,0.0,0.0,0.0,0.0,0.0,0.0,0.0,0.0,0.0,0.0,0.0,0.0,0.0,0.0,0.0,0.0,0.0,0.0,0.0,0.0,0.0,0.0,0.0,0.0,0.0,0.0,12.3,False,False,False,False,True
396,4.0,175.26,182.0,4.33,29.5,0.0,122.0,6.81,4.38,2.0,58.0,0.0,0.0,0.0,0.0,0.0,0.0,0.0,0.0,0.0,0.0,0.0,0.0,0.0,0.0,0.0,0.0,0.0,0.0,0.0,0.0,0.0,0.0,0.0,0.0,0.0,0.0,0.0,0.0,0.0,0.0,0.0,0.0,0.0,0.0,0.0,0.0,False,False,False,False,True
397,39.0,180.34,197.0,4.24,35.0,0.0,130.0,100.0,100.0,1.0,24.0,427.0,910.0,5330.0,56.0,50.0,72394.0,388202.0,5186.0,33135.0,394057.0,3258.0,105529.0,782259.0,8444.0,348.3,3.0,4.0,75.0,20.0,2.6,1.5,0.0,0.0,100.0,3.0,15.0,5.3,0.0,2.0,21.0,10.0,0.0,3.0,8.4,8.1,14.55,False,False,True,False,False
398,69.0,180.34,177.0,4.5,32.0,14.0,118.0,6.75,4.18,6.0,193.0,0.0,0.0,0.0,0.0,0.0,0.0,0.0,0.0,0.0,0.0,0.0,0.0,0.0,0.0,0.0,0.0,0.0,0.0,0.0,0.0,0.0,0.0,0.0,0.0,0.0,0.0,0.0,0.0,0.0,0.0,0.0,0.0,0.0,0.0,0.0,0.0,False,False,False,False,True
399,144.0,190.5,213.0,4.53,33.5,0.0,110.0,7.56,4.42,5.0,160.0,0.0,0.0,0.0,0.0,0.0,0.0,0.0,0.0,0.0,0.0,0.0,0.0,0.0,0.0,0.0,0.0,0.0,0.0,0.0,0.0,0.0,0.0,0.0,0.0,0.0,0.0,0.0,0.0,0.0,0.0,0.0,0.0,0.0,0.0,0.0,0.0,False,True,False,False,False
400,8.0,177.8,207.0,4.44,33.5,0.0,124.0,6.9,4.19,1.0,22.0,0.0,0.0,0.0,0.0,0.0,57512.0,477759.0,3490.0,6731.0,60302.0,935.0,64243.0,538061.0,4425.0,0.0,0.0,0.0,0.0,0.0,0.0,0.0,0.0,0.0,0.0,12.0,85.0,7.6,0.0,2.0,14.0,6.7,0.0,12.0,7.0,0.0,19.3,False,False,True,False,False
401,137.0,187.96,242.0,4.53,38.0,26.0,131.0,6.88,4.14,1.0,30.0,0.0,0.0,0.0,0.0,0.0,0.0,0.0,165.0,25400.0,341482.0,2360.0,25400.0,341482.0,2525.0,0.0,0.0,0.0,0.0,0.0,0.0,0.0,0.0,0.0,0.0,0.0,0.0,0.0,1.0,4.0,45.0,11.5,0.0,4.0,11.5,0.0,6.5,False,False,False,True,False
402,125.0,193.04,224.0,4.68,0.0,0.0,0.0,100.0,100.0,2.0,51.0,0.0,0.0,0.0,0.0,0.0,0.0,0.0,0.0,25354.0,409816.0,4187.0,25354.0,409816.0,4187.0,0.0,0.0,0.0,0.0,0.0,0.0,0.0,0.0,0.0,0.0,0.0,0.0,0.0,0.0,4.0,66.0,14.2,0.0,4.0,14.2,0.0,0.55,False,False,False,False,True
403,91.0,182.88,181.0,4.59,32.0,16.0,117.0,7.34,4.27,3.0,95.0,0.0,0.0,0.0,0.0,0.0,4641.0,20414.0,0.0,23144.0,395398.0,4415.0,27785.0,415812.0,4415.0,0.0,0.0,0.0,0.0,0.0,0.0,0.0,0.0,0.0,0.0,2.0,4.0,4.0,0.0,5.0,86.0,14.7,1.0,5.0,14.3,0.0,0.0,False,False,False,False,True
404,8.0,185.42,211.0,4.33,33.0,0.0,128.0,100.0,100.0,1.0,4.0,2645.0,4207.0,41099.0,1583.0,369.0,118711.0,679696.0,5752.0,6785.0,64702.0,353.0,125496.0,744398.0,6105.0,59014.42,1.0,1.0,100.0,12.0,9.0,16.25,1.0,0.0,236.5,21.0,117.0,5.2,1.0,2.0,11.0,6.0,0.0,23.0,5.9,34.720000000000006,7.8,False,False,True,False,False
405,62.0,177.8,225.0,4.41,33.5,26.0,117.0,100.0,4.18,1.0,23.0,0.0,0.0,0.0,0.0,0.0,64346.0,417293.0,4577.0,9372.0,101745.0,553.0,73718.0,519038.0,5130.0,0.0,0.0,0.0,0.0,0.0,0.0,0.0,0.0,0.0,0.0,10.0,75.0,6.0,1.0,3.0,26.0,8.3,0.0,14.0,6.4,0.0,6.9,False,False,True,False,False
406,8.0,193.04,222.0,4.56,34.5,9.0,119.0,7.08,4.3,7.0,248.0,0.0,13.0,0.0,0.0,0.0,0.0,0.0,0.0,13848.0,238470.0,2962.0,13848.0,238470.0,2962.0,0.0,0.0,1.0,0.0,0.0,0.0,0.0,0.0,0.0,0.0,0.0,0.0,0.0,0.0,3.0,51.0,17.1,1.0,3.0,17.1,0.0,0.0,False,False,False,False,True
407,185.0,180.34,195.0,4.47,28.0,0.0,120.0,7.09,4.3,5.0,136.0,0.0,0.0,0.0,0.0,0.0,28665.0,142669.0,885.0,25116.0,249525.0,1221.0,53781.0,392194.0,2106.0,0.0,0.0,0.0,0.0,0.0,0.0,0.0,0.0,0.0,0.0,4.0,34.0,5.6,0.0,4.0,39.0,9.1,0.0,7.0,8.5,0.0,0.0,False,False,False,False,True
408,184.0,182.88,219.0,4.46,0.0,0.0,0.0,100.0,100.0,6.0,174.0,0.0,0.0,0.0,0.0,0.0,688.0,2456.0,0.0,18242.0,241437.0,2231.0,18930.0,243893.0,2231.0,0.0,0.0,0.0,0.0,0.0,0.0,0.0,0.0,0.0,0.0,1.0,6.0,6.0,0.0,4.0,40.0,11.0,0.0,4.0,11.0,0.0,2.3,False,False,False,False,True
409,73.0,190.5,217.0,4.51,31.0,0.0,123.0,7.03,4.35,2.0,36.0,709.0,1236.0,16721.0,521.0,0.0,855.0,-794.0,0.0,33280.0,434816.0,2248.0,34135.0,434022.0,2248.0,13283.56,1.0,1.0,100.0,21.0,21.0,28.0,0.0,0.0,335.2,1.0,1.0,1.0,0.0,6.0,90.0,13.7,0.0,6.0,13.7,20.439999999999998,5.5,False,False,False,False,True
410,146.0,195.57999999999998,225.0,4.61,31.0,0.0,113.0,7.01,4.38,3.0,94.0,77128.0,129644.0,879868.0,4316.0,3092.0,42583.0,137523.0,2979.0,532.0,8455.0,42.0,43115.0,145978.0,3021.0,6513.959999999999,18.0,27.0,61.3,196.0,6.9,5.1,1.0,1.0,118.7,10.0,25.0,2.8,0.0,1.0,9.0,9.0,0.0,10.0,2.9,8.959999999999999,-0.33999999999999997,False,True,False,False,False
411,119.0,180.34,228.0,4.52,31.0,17.0,112.0,100.0,100.0,6.0,179.0,0.0,0.0,0.0,0.0,0.0,0.0,0.0,0.0,0.0,0.0,0.0,0.0,0.0,0.0,0.0,0.0,0.0,0.0,0.0,0.0,0.0,0.0,0.0,0.0,0.0,0.0,0.0,0.0,0.0,0.0,0.0,0.0,0.0,0.0,0.0,0.0,False,False,True,False,False
412,170.0,180.34,224.0,4.47,34.0,19.0,125.0,6.96,4.29,6.0,176.0,0.0,0.0,0.0,0.0,0.0,101310.0,538697.0,4498.0,6812.0,53277.0,168.0,108122.0,591974.0,4666.0,0.0,0.0,0.0,0.0,0.0,0.0,0.0,0.0,0.0,0.0,18.0,93.0,5.4,1.0,1.0,5.0,5.0,0.0,19.0,5.2,0.0,0.0,False,False,True,False,False
413,125.0,185.42,198.0,4.55,0.0,0.0,0.0,100.0,100.0,7.0,240.0,0.0,0.0,0.0,0.0,0.0,66538.0,335654.0,2772.0,1824.0,11638.0,161.0,68362.0,347292.0,2933.0,0.0,0.0,0.0,0.0,0.0,0.0,0.0,0.0,0.0,0.0,13.0,57.0,4.5,0.0,1.0,11.0,7.0,0.0,14.0,4.4,0.0,0.0,False,False,True,False,False
414,141.0,172.72,199.0,4.42,31.5,23.0,119.0,6.65,4.2,2.0,55.0,0.0,198.0,0.0,0.0,0.0,157175.0,832188.0,9754.0,6333.0,61682.0,173.0,163508.0,893870.0,9927.0,4078.8,0.0,1.0,0.0,0.0,0.0,0.0,0.0,0.0,0.0,25.0,129.0,5.2,2.0,2.0,21.0,9.0,0.0,26.0,5.4,20.6,6.95,False,False,True,False,False
415,181.0,180.34,202.0,4.69,27.5,0.0,115.0,7.31,4.77,6.0,182.0,0.0,0.0,0.0,0.0,0.0,4283.0,14350.0,11.0,20007.0,265674.0,1913.0,24290.0,280024.0,1924.0,0.0,0.0,0.0,0.0,0.0,0.0,0.0,0.0,0.0,0.0,1.0,3.0,3.0,0.0,4.0,58.0,12.4,0.0,5.0,12.3,0.0,0.0,False,False,False,False,True
416,184.0,177.8,184.0,4.39,36.0,24.0,124.0,7.07,4.34,2.0,42.0,180.0,1090.0,9540.0,180.0,348.0,3000.0,37951.0,30.0,16757.0,233802.0,1664.0,19757.0,271753.0,1694.0,0.0,0.0,1.0,0.0,0.0,0.0,0.0,0.0,0.0,0.0,1.0,9.0,9.0,0.0,3.0,44.0,14.0,0.0,3.0,12.3,0.0,15.2,False,False,False,False,True
417,99.0,195.57999999999998,251.0,4.75,0.0,20.0,0.0,100.0,100.0,4.0,111.0,0.0,0.0,0.0,0.0,0.0,2891.0,12013.0,0.0,29930.0,304741.0,2561.0,32821.0,316754.0,2561.0,0.0,0.0,0.0,0.0,0.0,0.0,0.0,0.0,0.0,0.0,2.0,9.0,5.0,0.0,5.0,54.0,9.5,0.0,6.0,9.4,0.0,0.0,False,False,False,True,False
418,18.0,195.57999999999998,228.0,4.89,0.0,0.0,0.0,7.4,4.51,1.0,3.0,144642.0,239116.0,1635305.0,10373.0,5968.0,26706.0,1032.0,1309.0,349.0,349.0,0.0,27055.0,1381.0,1309.0,16060.980000000001,24.0,43.0,61.5,285.0,6.9,6.4,2.0,1.0,128.1,5.0,0.0,0.0,0.0,1.0,1.0,1.0,0.0,5.0,0.0,46.02,15.18,False,True,False,False,False
419,183.0,190.5,250.0,4.8,36.0,14.0,121.0,7.08,4.27,6.0,196.0,0.0,0.0,0.0,0.0,0.0,0.0,0.0,0.0,14883.0,162796.0,1086.0,14883.0,162796.0,1086.0,0.0,0.0,0.0,0.0,0.0,0.0,0.0,0.0,0.0,0.0,0.0,0.0,0.0,0.0,2.0,25.0,9.0,0.0,2.0,9.0,0.0,3.35,False,False,False,True,False
420,190.0,187.96,247.0,4.73,0.0,26.0,0.0,100.0,100.0,5.0,163.0,0.0,0.0,0.0,0.0,0.0,26578.0,145361.0,2048.0,5140.0,44839.0,362.0,31718.0,190200.0,2410.0,0.0,0.0,0.0,0.0,0.0,0.0,0.0,0.0,0.0,0.0,4.0,17.0,4.3,0.0,2.0,13.0,7.0,0.0,5.0,5.3,0.0,1.2,True,False,False,False,False
421,140.0,185.42,194.0,4.37,37.5,19.0,128.0,6.67,3.96,4.0,125.0,0.0,0.0,0.0,0.0,0.0,0.0,0.0,0.0,0.0,0.0,0.0,0.0,0.0,0.0,0.0,0.0,0.0,0.0,0.0,0.0,0.0,0.0,0.0,0.0,0.0,0.0,0.0,0.0,0.0,0.0,0.0,0.0,0.0,0.0,0.0,0.0,False,False,False,False,True
422,31.0,187.96,199.0,4.42,37.5,0.0,136.0,7.08,4.52,2.0,46.0,0.0,0.0,0.0,0.0,0.0,0.0,0.0,0.0,0.0,0.0,0.0,0.0,0.0,0.0,0.0,0.0,0.0,0.0,0.0,0.0,0.0,0.0,0.0,0.0,0.0,0.0,0.0,0.0,0.0,0.0,0.0,0.0,0.0,0.0,0.0,0.0,False,False,False,False,True
423,190.0,175.26,197.0,4.45,33.5,19.0,118.0,100.0,100.0,3.0,89.0,0.0,0.0,0.0,0.0,0.0,112179.0,668931.0,8115.0,11005.0,152185.0,731.0,123184.0,821116.0,8846.0,0.0,0.0,0.0,0.0,0.0,0.0,0.0,0.0,0.0,0.0,19.0,110.0,5.5,1.0,2.0,14.0,11.7,0.0,21.0,6.3,0.0,15.4,False,False,True,False,False
424,25.0,185.42,217.0,4.53,32.0,0.0,120.0,6.74,4.49,3.0,64.0,6.0,6.0,72.0,6.0,0.0,152934.0,842561.0,8975.0,12778.0,119169.0,233.0,165712.0,961730.0,9208.0,0.0,1.0,1.0,100.0,12.0,12.0,32.0,1.0,0.0,530.8,28.0,147.0,5.3,1.0,2.0,19.0,9.0,0.0,28.0,5.7,0.0,12.299999999999999,False,False,True,False,False
425,108.0,185.42,221.0,4.51,26.5,20.0,111.0,7.1,4.42,4.0,106.0,0.0,0.0,0.0,0.0,0.0,4265.0,17306.0,214.0,31059.0,400994.0,2424.0,35324.0,418300.0,2638.0,0.0,0.0,0.0,0.0,0.0,0.0,0.0,0.0,0.0,0.0,1.0,3.0,3.0,0.0,5.0,72.0,11.6,0.0,6.0,10.6,0.0,0.0,False,False,False,False,True
426,23.0,190.5,254.0,4.59,27.5,27.0,114.0,7.07,4.31,3.0,85.0,0.0,0.0,0.0,0.0,0.0,0.0,0.0,0.0,7479.0,95883.0,718.0,7479.0,95883.0,718.0,0.0,0.0,0.0,0.0,0.0,0.0,0.0,0.0,0.0,0.0,0.0,0.0,0.0,0.0,2.0,22.0,11.0,0.0,2.0,11.0,0.0,1.6,False,False,False,True,False
427,129.0,177.8,235.0,4.46,36.5,28.0,128.0,100.0,100.0,1.0,13.0,0.0,0.0,0.0,0.0,0.0,100999.0,595049.0,4386.0,8373.0,53855.0,526.0,109372.0,648904.0,4912.0,0.0,0.0,0.0,0.0,0.0,0.0,0.0,0.0,0.0,0.0,17.0,111.0,4.8,0.0,2.0,18.0,6.7,0.0,19.0,5.1,0.0,11.2,False,False,True,False,False
428,165.0,193.04,215.0,4.48,35.0,0.0,0.0,100.0,100.0,2.0,53.0,0.0,0.0,0.0,0.0,0.0,349.0,606.0,0.0,16564.0,290025.0,3837.0,16913.0,290631.0,3837.0,0.0,0.0,0.0,0.0,0.0,0.0,0.0,0.0,0.0,0.0,1.0,-1.0,-1.0,0.0,3.0,57.0,16.3,1.0,3.0,15.5,0.0,1.5,False,False,False,False,True
429,75.0,190.5,236.0,4.58,30.0,18.0,109.0,6.99,4.27,4.0,127.0,0.0,19.0,0.0,0.0,19.0,0.0,0.0,0.0,18072.0,208033.0,1583.0,18072.0,208033.0,1583.0,0.0,0.0,1.0,0.0,0.0,0.0,-45.0,0.0,1.0,-200.0,0.0,0.0,0.0,0.0,3.0,39.0,11.6,0.0,3.0,11.6,0.0,1.1,False,False,False,True,False
430,93.0,187.96,216.0,4.41,28.0,0.0,126.0,7.15,4.26,2.0,34.0,0.0,166.0,0.0,0.0,0.0,8976.0,58360.0,73.0,15904.0,265657.0,1875.0,24880.0,324017.0,1948.0,1776.1999999999998,0.0,1.0,0.0,0.0,0.0,0.0,0.0,0.0,0.0,2.0,7.0,3.5,0.0,4.0,82.0,15.4,0.0,4.0,10.1,10.7,2.8,False,False,False,False,True
431,168.0,182.88,213.0,4.59,30.0,21.0,116.0,100.0,100.0,5.0,166.0,358.0,358.0,7356.0,193.0,0.0,87237.0,379418.0,4617.0,12913.0,98204.0,546.0,100150.0,477622.0,5163.0,3547.3400000000006,1.0,1.0,100.0,27.0,27.0,47.0,1.0,0.0,656.8,17.0,60.0,3.9,1.0,2.0,17.0,4.8,0.0,20.0,4.5,18.380000000000003,0.0,False,False,True,False,False
432,7.0,182.88,222.0,4.61,34.0,21.0,120.0,100.0,100.0,5.0,139.0,0.0,0.0,0.0,0.0,0.0,71671.0,392211.0,2734.0,5791.0,71989.0,1128.0,77462.0,464200.0,3862.0,0.0,0.0,0.0,0.0,0.0,0.0,0.0,0.0,0.0,0.0,18.0,91.0,5.4,0.0,2.0,17.0,9.0,0.0,19.0,5.9,0.0,6.45,False,False,True,False,False
433,82.0,195.57999999999998,232.0,4.59,30.0,16.0,115.0,7.07,4.44,7.0,246.0,0.0,0.0,0.0,0.0,0.0,0.0,0.0,0.0,20939.0,352257.0,2138.0,20939.0,352257.0,2138.0,0.0,0.0,0.0,0.0,0.0,0.0,0.0,0.0,0.0,0.0,0.0,0.0,0.0,0.0,5.0,67.0,15.8,0.0,5.0,15.8,0.0,0.0,False,False,False,False,True
434,178.0,180.34,211.0,4.45,0.0,0.0,0.0,100.0,100.0,7.0,213.0,0.0,0.0,0.0,0.0,0.0,72649.0,347096.0,3742.0,2423.0,25756.0,164.0,75072.0,372852.0,3906.0,0.0,0.0,0.0,0.0,0.0,0.0,0.0,0.0,0.0,0.0,12.0,64.0,4.5,1.0,1.0,11.0,8.5,0.0,13.0,5.0,0.0,0.6,False,False,True,False,False
435,75.0,193.04,229.0,4.85,0.0,0.0,0.0,100.0,100.0,6.0,198.0,120224.0,191080.0,1499508.0,15442.0,3606.0,28310.0,-62870.0,707.0,8.0,40.0,0.0,28318.0,-62830.0,707.0,7.200000000000001,21.0,33.0,64.7,266.0,8.3,9.4,3.0,0.0,159.6,4.0,-8.0,-2.5,0.0,1.0,5.0,5.0,0.0,4.0,-2.5,0.9000000000000001,0.0,False,True,False,False,False
436,22.0,198.12,229.0,4.51,33.5,17.0,118.0,100.0,4.26,3.0,85.0,0.0,0.0,0.0,0.0,0.0,0.0,0.0,0.0,0.0,0.0,0.0,0.0,0.0,0.0,0.0,0.0,0.0,0.0,0.0,0.0,0.0,0.0,0.0,0.0,0.0,0.0,0.0,0.0,0.0,0.0,0.0,0.0,0.0,0.0,0.0,0.0,False,False,False,False,True
437,197.0,190.5,243.0,4.61,0.0,28.0,0.0,100.0,100.0,3.0,100.0,0.0,0.0,0.0,0.0,0.0,1418.0,4620.0,0.0,31324.0,424990.0,2312.0,32742.0,429610.0,2312.0,0.0,0.0,0.0,0.0,0.0,0.0,0.0,0.0,0.0,0.0,1.0,4.0,4.0,0.0,5.0,66.0,14.5,0.0,5.0,13.4,0.0,1.8,False,False,False,True,False
438,142.0,187.96,225.0,4.7,0.0,25.0,106.0,6.91,4.06,5.0,151.0,4539.0,8120.0,58972.0,253.0,269.0,2522.0,4413.0,40.0,0.0,0.0,0.0,2522.0,4413.0,40.0,0.0,17.0,30.0,56.7,229.0,7.6,6.8,1.0,1.0,125.1,9.0,14.0,1.6,0.0,0.0,0.0,0.0,0.0,9.0,1.6,0.0,0.0,False,True,False,False,False
439,50.0,195.57999999999998,220.0,4.87,28.5,0.0,106.0,6.93,4.37,6.0,174.0,118585.0,204854.0,1390735.0,8844.0,7089.0,26472.0,39355.0,1396.0,0.0,0.0,0.0,26472.0,39355.0,1396.0,0.0,16.0,26.0,57.9,199.0,6.7,6.5,1.0,1.0,123.8,3.0,2.0,0.6,0.0,0.0,0.0,0.0,0.0,3.0,0.6,0.0,0.0,False,True,False,False,False
440,141.0,190.5,218.0,4.47,37.0,23.0,124.0,100.0,4.47,1.0,30.0,144.0,144.0,4032.0,0.0,0.0,944.0,10024.0,133.0,33139.0,547093.0,2817.0,34083.0,557117.0,2950.0,0.0,1.0,1.0,100.0,28.0,28.0,28.0,0.0,0.0,335.2,1.0,16.0,16.0,0.0,5.0,93.0,15.0,0.0,5.0,15.0,0.0,11.4,False,False,False,False,True
441,112.0,182.88,224.0,4.37,37.0,24.0,115.0,7.35,4.33,4.0,129.0,0.0,269.0,0.0,0.0,269.0,80778.0,406531.0,3362.0,11925.0,99118.0,415.0,92703.0,505649.0,3777.0,6106.300000000001,0.0,1.0,0.0,0.0,0.0,-45.0,0.0,1.0,-200.0,13.0,63.0,4.6,0.0,2.0,14.0,6.3,0.0,15.0,4.8,22.700000000000003,0.0,False,False,True,False,False
442,35.0,177.8,210.0,4.46,41.5,0.0,125.0,6.93,4.1,1.0,27.0,0.0,0.0,0.0,0.0,0.0,125022.0,680192.0,6627.0,8822.0,50119.0,375.0,133844.0,730311.0,7002.0,0.0,0.0,0.0,0.0,0.0,0.0,0.0,0.0,0.0,0.0,19.0,99.0,5.0,1.0,1.0,7.0,6.5,0.0,21.0,5.0,0.0,7.85,False,False,True,False,False
443,133.0,177.8,182.0,4.31,34.5,12.0,118.0,7.01,4.48,3.0,91.0,0.0,0.0,0.0,0.0,0.0,515.0,-1767.0,0.0,28766.0,424748.0,2346.0,29281.0,422981.0,2346.0,0.0,0.0,0.0,0.0,0.0,0.0,0.0,0.0,0.0,0.0,1.0,-3.0,-3.0,0.0,3.0,43.0,13.1,0.0,3.0,13.0,0.0,2.8,False,False,False,False,True
444,76.0,182.88,199.0,4.35,31.5,0.0,117.0,100.0,100.0,7.0,224.0,0.0,0.0,0.0,0.0,0.0,0.0,0.0,0.0,12271.0,203938.0,2039.0,12271.0,203938.0,2039.0,0.0,0.0,0.0,0.0,0.0,0.0,0.0,0.0,0.0,0.0,0.0,0.0,0.0,0.0,3.0,38.0,13.0,0.0,3.0,13.0,0.0,0.0,False,False,False,False,True
445,139.0,190.5,246.0,4.69,36.0,28.0,111.0,7.0,4.48,5.0,152.0,741.0,2023.0,6375.0,413.0,168.0,18759.0,67409.0,2314.0,26544.0,320325.0,3308.0,45303.0,387734.0,5622.0,38370.16,0.0,1.0,0.0,0.0,0.0,0.0,0.0,0.0,0.0,4.0,11.0,3.2,1.0,7.0,67.0,11.8,0.0,10.0,7.9,17.66,2.55,True,False,False,False,False
446,3.0,182.88,209.0,4.5,36.0,24.0,121.0,7.35,4.51,3.0,74.0,0.0,0.0,0.0,0.0,0.0,61784.0,342842.0,2542.0,5702.0,47064.0,5.0,67486.0,389906.0,2547.0,0.0,0.0,0.0,0.0,0.0,0.0,0.0,0.0,0.0,0.0,13.0,72.0,5.3,1.0,1.0,11.0,9.0,0.0,15.0,5.4,0.0,4.65,False,False,True,False,False
447,99.0,198.12,244.0,4.83,0.0,0.0,0.0,100.0,100.0,3.0,98.0,180.0,494.0,5220.0,180.0,0.0,349.0,2792.0,0.0,41311.0,435103.0,5972.0,41660.0,437895.0,5972.0,0.0,0.0,1.0,0.0,0.0,0.0,0.0,0.0,0.0,0.0,1.0,8.0,8.0,0.0,6.0,53.0,10.2,1.0,6.0,10.2,0.0,0.0,False,False,False,True,False
448,12.0,185.42,200.0,4.53,34.0,17.0,120.0,6.78,4.24,4.0,127.0,0.0,315.0,0.0,0.0,13.0,1837.0,14182.0,0.0,29537.0,452561.0,4220.0,31374.0,466743.0,4220.0,2580.3,0.0,1.0,0.0,0.0,0.0,0.0,0.0,0.0,0.0,1.0,10.0,7.0,0.0,6.0,104.0,14.1,1.0,7.0,13.9,18.3,9.7,False,False,False,False,True
449,149.0,195.57999999999998,246.0,4.49,41.0,23.0,123.0,100.0,100.0,3.0,89.0,0.0,0.0,0.0,0.0,0.0,1.0,11.0,0.0,13091.0,200894.0,1320.0,13092.0,200905.0,1320.0,0.0,0.0,0.0,0.0,0.0,0.0,0.0,0.0,0.0,0.0,1.0,11.0,11.0,0.0,2.0,25.0,16.5,0.0,2.0,16.5,0.0,0.8,False,False,False,True,False
450,167.0,185.42,215.0,4.54,0.0,0.0,0.0,100.0,100.0,1.0,10.0,0.0,0.0,0.0,0.0,0.0,283.0,169.0,0.0,41684.0,555950.0,7463.0,41967.0,556119.0,7463.0,0.0,0.0,0.0,0.0,0.0,0.0,0.0,0.0,0.0,0.0,1.0,3.0,3.0,0.0,9.0,127.0,12.5,2.0,9.0,12.5,0.0,8.45,False,False,False,False,True
451,30.0,180.34,218.0,4.45,32.0,17.0,109.0,7.15,4.37,6.0,195.0,0.0,0.0,0.0,0.0,0.0,120067.0,642315.0,8102.0,6416.0,58548.0,337.0,126483.0,700863.0,8439.0,0.0,0.0,0.0,0.0,0.0,0.0,0.0,0.0,0.0,0.0,13.0,88.0,4.6,1.0,2.0,13.0,8.5,0.0,14.0,5.0,0.0,2.4,False,False,True,False,False
452,13.0,185.42,226.0,4.95,26.5,0.0,99.0,100.0,100.0,5.0,171.0,124108.0,198834.0,1666397.0,14356.0,3523.0,27959.0,78528.0,1516.0,505.0,4998.0,141.0,28464.0,83526.0,1657.0,18303.36,18.0,30.0,64.6,247.0,8.1,9.8,2.0,0.0,157.5,4.0,8.0,2.7,0.0,1.0,9.0,9.0,0.0,4.0,2.7,29.939999999999998,0.0,False,True,False,False,False
453,139.0,177.8,191.0,4.5,42.5,13.0,129.0,7.1,4.41,5.0,144.0,0.0,0.0,0.0,0.0,0.0,405.0,898.0,0.0,48659.0,672810.0,10456.0,49064.0,673708.0,10456.0,0.0,0.0,0.0,0.0,0.0,0.0,0.0,0.0,0.0,0.0,1.0,2.0,2.0,0.0,7.0,90.0,14.1,1.0,7.0,14.1,0.0,2.8,False,False,False,False,True
454,39.0,193.04,256.0,4.78,29.5,17.0,113.0,7.28,4.56,5.0,149.0,0.0,279.0,0.0,0.0,0.0,0.0,0.0,0.0,13805.0,180208.0,1337.0,13805.0,180208.0,1337.0,0.0,0.0,1.0,0.0,0.0,0.0,0.0,0.0,0.0,0.0,0.0,0.0,0.0,0.0,2.0,26.0,12.3,0.0,2.0,12.3,0.0,0.0,False,False,False,True,False
455,158.0,187.96,204.0,4.42,37.0,0.0,120.0,100.0,4.18,6.0,206.0,0.0,0.0,0.0,0.0,0.0,0.0,0.0,0.0,0.0,0.0,0.0,0.0,0.0,0.0,0.0,0.0,0.0,0.0,0.0,0.0,0.0,0.0,0.0,0.0,0.0,0.0,0.0,0.0,0.0,0.0,0.0,0.0,0.0,0.0,0.0,0.0,False,False,False,False,True
456,159.0,182.88,245.0,4.58,34.0,30.0,112.0,7.31,4.49,4.0,128.0,0.0,0.0,0.0,0.0,0.0,3645.0,23489.0,0.0,4724.0,36081.0,279.0,8369.0,59570.0,279.0,0.0,0.0,0.0,0.0,0.0,0.0,0.0,0.0,0.0,0.0,1.0,3.0,2.0,0.0,2.0,11.0,8.0,0.0,2.0,5.0,0.0,0.0,True,False,False,False,False
457,110.0,182.88,211.0,4.44,0.0,27.0,0.0,100.0,100.0,5.0,160.0,0.0,0.0,0.0,0.0,0.0,1978.0,19699.0,0.0,20039.0,254213.0,1526.0,22017.0,273912.0,1526.0,0.0,0.0,0.0,0.0,0.0,0.0,0.0,0.0,0.0,0.0,1.0,6.0,6.0,0.0,3.0,29.0,11.7,0.0,3.0,11.0,0.0,0.0,False,False,False,False,True
458,73.0,198.12,248.0,4.9,33.5,0.0,119.0,7.11,4.43,1.0,17.0,128494.0,220589.0,1496284.0,7594.0,7185.0,37196.0,53268.0,3371.0,0.0,0.0,0.0,37196.0,53268.0,3371.0,0.0,21.0,33.0,57.9,237.0,6.3,6.3,1.0,1.0,127.1,5.0,2.0,0.5,0.0,0.0,0.0,0.0,0.0,5.0,0.5,0.0,5.84,False,True,False,False,False
459,188.0,182.88,210.0,4.59,0.0,0.0,0.0,100.0,100.0,6.0,194.0,0.0,299.0,0.0,0.0,0.0,1841.0,7171.0,0.0,35760.0,519383.0,3148.0,37601.0,526554.0,3148.0,4694.3,0.0,1.0,0.0,0.0,0.0,0.0,0.0,0.0,0.0,1.0,1.0,1.0,0.0,4.0,53.0,13.7,0.0,4.0,13.0,15.700000000000001,3.6,False,False,False,False,True
460,166.0,182.88,208.0,4.43,39.5,14.0,118.0,6.89,4.22,4.0,111.0,0.0,0.0,0.0,0.0,0.0,73492.0,396342.0,2615.0,16654.0,163743.0,1269.0,90146.0,560085.0,3884.0,0.0,0.0,0.0,0.0,0.0,0.0,0.0,0.0,0.0,0.0,10.0,60.0,5.4,0.0,2.0,16.0,6.5,0.0,12.0,6.2,0.0,7.0,False,False,True,False,False
461,66.0,177.8,227.0,4.55,37.0,19.0,121.0,7.1,4.4,3.0,65.0,0.0,0.0,0.0,0.0,0.0,52871.0,319181.0,2891.0,2438.0,16475.0,0.0,55309.0,335656.0,2891.0,0.0,0.0,0.0,0.0,0.0,0.0,0.0,0.0,0.0,0.0,21.0,109.0,5.2,1.0,1.0,11.0,5.5,0.0,22.0,5.7,0.0,2.3,False,False,True,False,False
462,84.0,195.57999999999998,255.0,4.79,33.0,26.0,122.0,6.92,4.26,7.0,255.0,0.0,0.0,0.0,0.0,0.0,0.0,0.0,0.0,6253.0,57522.0,624.0,6253.0,57522.0,624.0,0.0,0.0,0.0,0.0,0.0,0.0,0.0,0.0,0.0,0.0,0.0,0.0,0.0,0.0,2.0,11.0,9.0,0.0,2.0,9.0,0.0,0.9,False,False,False,True,False
463,124.0,187.96,195.0,4.49,34.5,0.0,120.0,6.65,4.12,4.0,108.0,0.0,0.0,0.0,0.0,0.0,1252.0,8929.0,0.0,15152.0,243557.0,1951.0,16404.0,252486.0,1951.0,0.0,0.0,0.0,0.0,0.0,0.0,0.0,0.0,0.0,0.0,1.0,8.0,8.0,0.0,2.0,32.0,15.3,0.0,2.0,14.7,0.0,4.9,False,False,False,False,True
464,43.0,180.34,192.0,4.39,0.0,19.0,0.0,100.0,100.0,1.0,22.0,0.0,0.0,0.0,0.0,0.0,31599.0,297407.0,2912.0,21834.0,341393.0,2401.0,53433.0,638800.0,5313.0,0.0,0.0,0.0,0.0,0.0,0.0,0.0,0.0,0.0,0.0,4.0,37.0,8.3,0.0,3.0,52.0,14.3,0.0,7.0,12.5,0.0,21.55,False,False,False,False,True
465,84.0,187.96,210.0,4.3,38.5,16.0,126.0,6.8,4.18,1.0,7.0,0.0,0.0,0.0,0.0,0.0,4644.0,55605.0,462.0,24945.0,373690.0,2313.0,29589.0,429295.0,2775.0,0.0,0.0,0.0,0.0,0.0,0.0,0.0,0.0,0.0,0.0,1.0,6.0,6.0,0.0,4.0,57.0,13.5,0.0,4.0,13.3,0.0,1.9,False,False,False,False,True
466,112.0,195.57999999999998,262.0,4.84,30.5,21.0,107.0,7.31,4.56,4.0,122.0,0.0,0.0,0.0,0.0,0.0,0.0,0.0,0.0,11701.0,129611.0,551.0,11701.0,129611.0,551.0,0.0,0.0,0.0,0.0,0.0,0.0,0.0,0.0,0.0,0.0,0.0,0.0,0.0,0.0,3.0,29.0,12.0,0.0,3.0,12.0,0.0,0.0,False,False,False,True,False
467,125.0,185.42,210.0,4.44,34.5,0.0,116.0,100.0,4.4,3.0,99.0,0.0,0.0,0.0,0.0,0.0,2197.0,25297.0,172.0,33294.0,480252.0,2929.0,35491.0,505549.0,3101.0,0.0,0.0,0.0,0.0,0.0,0.0,0.0,0.0,0.0,0.0,1.0,7.0,7.0,0.0,4.0,51.0,13.8,0.0,4.0,13.1,0.0,0.0,False,False,False,False,True
468,43.0,193.04,245.0,4.68,33.0,21.0,0.0,7.12,4.53,5.0,153.0,0.0,0.0,0.0,0.0,0.0,26.0,104.0,0.0,12632.0,167252.0,1538.0,12658.0,167356.0,1538.0,0.0,0.0,0.0,0.0,0.0,0.0,0.0,0.0,0.0,0.0,2.0,8.0,4.0,0.0,2.0,37.0,11.8,0.0,2.0,11.8,0.0,0.0,False,False,False,True,False
469,78.0,185.42,231.0,4.52,34.0,29.0,120.0,6.86,4.2,7.0,250.0,0.0,0.0,0.0,0.0,0.0,495.0,2271.0,8.0,23.0,227.0,0.0,518.0,2498.0,8.0,0.0,0.0,0.0,0.0,0.0,0.0,0.0,0.0,0.0,0.0,12.0,41.0,3.7,0.0,1.0,14.0,14.0,0.0,12.0,3.9,0.0,2.7,False,False,True,False,False
470,9.0,185.42,260.0,4.73,32.5,21.0,113.0,7.28,4.43,7.0,241.0,45862.0,71063.0,749692.0,7403.0,2649.0,17075.0,25592.0,616.0,8652.0,134538.0,1428.0,25727.0,160130.0,2044.0,0.0,13.0,22.0,63.6,177.0,11.4,12.0,1.0,0.0,181.8,4.0,5.0,1.0,0.0,1.0,18.0,12.0,0.0,2.0,7.2,0.0,13.3,True,False,False,False,False
471,34.0,177.8,219.0,4.67,34.0,20.0,114.0,100.0,100.0,4.0,134.0,0.0,0.0,0.0,0.0,0.0,0.0,0.0,0.0,0.0,0.0,0.0,0.0,0.0,0.0,0.0,0.0,0.0,0.0,0.0,0.0,0.0,0.0,0.0,0.0,0.0,0.0,0.0,0.0,0.0,0.0,0.0,0.0,0.0,0.0,0.0,1.6,False,False,True,False,False
472,125.0,180.34,189.0,4.5,0.0,0.0,0.0,100.0,100.0,7.0,229.0,173.0,173.0,4325.0,0.0,0.0,807.0,3391.0,0.0,20253.0,281698.0,2653.0,21060.0,285089.0,2653.0,0.0,1.0,1.0,100.0,25.0,25.0,25.0,0.0,0.0,310.0,1.0,2.0,2.0,0.0,2.0,24.0,12.0,0.0,2.0,11.0,0.0,0.0,False,False,False,False,True
473,76.0,185.42,246.0,4.72,32.0,16.0,115.0,100.0,100.0,5.0,145.0,0.0,0.0,0.0,0.0,0.0,2505.0,5751.0,421.0,759.0,10866.0,0.0,3264.0,16617.0,421.0,0.0,0.0,0.0,0.0,0.0,0.0,0.0,0.0,0.0,0.0,1.0,4.0,2.3,0.0,1.0,9.0,9.0,0.0,1.0,4.0,0.0,0.25,True,False,False,False,False
474,0.0,180.34,185.0,4.34,35.0,0.0,122.0,6.81,4.15,5.0,140.0,0.0,0.0,0.0,0.0,0.0,0.0,0.0,0.0,0.0,0.0,0.0,0.0,0.0,0.0,0.0,0.0,0.0,0.0,0.0,0.0,0.0,0.0,0.0,0.0,0.0,0.0,0.0,0.0,0.0,0.0,0.0,0.0,0.0,0.0,0.0,14.05,False,False,False,False,True
475,86.0,182.88,184.0,4.4,0.0,20.0,0.0,100.0,100.0,6.0,175.0,0.0,0.0,0.0,0.0,0.0,0.0,0.0,0.0,0.0,0.0,0.0,0.0,0.0,0.0,0.0,0.0,0.0,0.0,0.0,0.0,0.0,0.0,0.0,0.0,0.0,0.0,0.0,0.0,0.0,0.0,0.0,0.0,0.0,0.0,0.0,7.8,False,False,False,False,True
476,99.0,182.88,198.0,4.43,0.0,0.0,0.0,100.0,100.0,1.0,19.0,167.0,334.0,0.0,0.0,167.0,15590.0,118522.0,955.0,31207.0,391592.0,3632.0,46797.0,510114.0,4587.0,3507.0,1.0,2.0,50.0,0.0,0.0,-22.5,0.0,1.0,-50.0,3.0,26.0,8.0,0.0,7.0,66.0,12.2,1.0,10.0,11.4,21.0,9.05,False,False,False,False,True
477,52.0,185.42,210.0,4.51,36.5,0.0,127.0,100.0,100.0,2.0,50.0,0.0,414.0,0.0,0.0,0.0,172.0,2152.0,0.0,23140.0,339153.0,2741.0,23312.0,341305.0,2741.0,0.0,0.0,1.0,0.0,0.0,0.0,0.0,0.0,0.0,0.0,1.0,12.0,12.0,0.0,3.0,39.0,11.5,0.0,3.0,11.5,0.0,2.7,False,False,False,False,True
478,135.0,177.8,198.0,4.5,0.0,0.0,0.0,100.0,100.0,2.0,53.0,309.0,603.0,5010.0,0.0,0.0,109285.0,528514.0,6041.0,11827.0,97154.0,165.0,121112.0,625668.0,6206.0,12617.9,1.0,1.0,100.0,14.0,14.0,14.0,0.0,0.0,217.6,23.0,107.0,5.1,1.0,3.0,17.0,8.5,0.0,27.0,5.5,18.32,7.3999999999999995,False,False,True,False,False
479,166.0,190.5,225.0,4.61,33.0,0.0,112.0,7.34,4.49,4.0,101.0,94791.0,157071.0,1076268.0,4974.0,2666.0,70322.0,316937.0,2337.0,192.0,2304.0,0.0,70514.0,319241.0,2337.0,2653.44,16.0,24.0,58.1,170.0,6.8,6.3,1.0,0.0,121.8,10.0,41.0,3.9,0.0,1.0,12.0,12.0,0.0,10.0,3.9,13.82,0.0,False,True,False,False,False
480,149.0,182.88,189.0,4.37,37.0,0.0,113.0,6.96,4.1,5.0,141.0,193.0,364.0,4246.0,193.0,0.0,1342.0,2897.0,0.0,35638.0,487442.0,3865.0,36980.0,490339.0,3865.0,1668.8000000000002,1.0,1.0,100.0,22.0,22.0,42.0,1.0,0.0,614.8,1.0,0.0,0.0,0.0,5.0,63.0,13.6,0.0,5.0,13.6,9.8,0.0,False,False,False,False,True
481,107.0,193.04,218.0,4.43,32.0,9.0,116.0,7.04,4.33,7.0,243.0,0.0,0.0,0.0,0.0,0.0,1050.0,26190.0,0.0,27599.0,477547.0,3611.0,28649.0,503737.0,3611.0,0.0,0.0,0.0,0.0,0.0,0.0,0.0,0.0,0.0,0.0,1.0,31.0,31.0,0.0,4.0,52.0,16.0,0.0,4.0,16.0,0.0,1.1,False,False,False,False,True
482,52.0,180.34,217.0,4.5,35.5,25.0,115.0,6.84,4.27,1.0,12.0,0.0,0.0,0.0,0.0,0.0,83860.0,460967.0,5048.0,8844.0,118476.0,137.0,92704.0,579443.0,5185.0,0.0,0.0,0.0,0.0,0.0,0.0,0.0,0.0,0.0,0.0,18.0,94.0,5.6,1.0,2.0,28.0,11.0,0.0,21.0,6.5,0.0,10.7,False,False,True,False,False
483,23.0,190.5,244.0,4.61,32.5,24.0,115.0,6.99,4.36,7.0,248.0,0.0,0.0,0.0,0.0,0.0,0.0,0.0,0.0,8158.0,95886.0,1646.0,8158.0,95886.0,1646.0,0.0,0.0,0.0,0.0,0.0,0.0,0.0,0.0,0.0,0.0,0.0,0.0,0.0,0.0,1.0,19.0,9.0,0.0,1.0,9.0,0.0,0.8,False,False,False,True,False
484,43.0,187.96,203.0,4.32,0.0,12.0,0.0,100.0,100.0,4.0,124.0,0.0,269.0,0.0,0.0,0.0,594.0,3373.0,0.0,13251.0,212892.0,2286.0,13845.0,216265.0,2286.0,0.0,0.0,1.0,0.0,0.0,0.0,0.0,0.0,0.0,0.0,1.0,3.0,3.0,0.0,3.0,44.0,14.5,0.0,3.0,14.5,0.0,3.2,False,False,False,False,True
485,155.0,195.57999999999998,240.0,4.52,33.0,19.0,115.0,6.96,4.46,4.0,121.0,0.0,0.0,0.0,0.0,0.0,0.0,0.0,0.0,24788.0,332494.0,2447.0,24788.0,332494.0,2447.0,0.0,0.0,0.0,0.0,0.0,0.0,0.0,0.0,0.0,0.0,0.0,0.0,0.0,0.0,3.0,35.0,12.0,0.0,3.0,12.0,0.0,2.7,False,False,False,True,False
486,110.0,185.42,212.0,4.51,36.0,0.0,0.0,100.0,100.0,1.0,29.0,0.0,0.0,0.0,0.0,0.0,1057.0,6579.0,141.0,33850.0,511453.0,3609.0,34907.0,518032.0,3750.0,0.0,0.0,0.0,0.0,0.0,0.0,0.0,0.0,0.0,0.0,1.0,8.0,8.0,0.0,5.0,63.0,14.0,0.0,5.0,13.3,0.0,10.7,False,False,False,False,True
487,165.0,182.88,220.0,4.57,35.0,19.0,111.0,6.85,4.29,7.0,211.0,0.0,0.0,0.0,0.0,0.0,21316.0,86961.0,1086.0,13146.0,129181.0,589.0,34462.0,216142.0,1675.0,0.0,0.0,0.0,0.0,0.0,0.0,0.0,0.0,0.0,0.0,3.0,6.0,2.5,0.0,2.0,21.0,7.7,0.0,4.0,4.8,0.0,6.9,False,False,True,False,False
488,137.0,190.5,225.0,4.87,29.0,0.0,102.0,7.0,4.48,6.0,201.0,166198.0,277736.0,1965542.0,12779.0,7371.0,33380.0,28549.0,2073.0,136.0,2638.0,0.0,33516.0,31187.0,2073.0,7387.52,23.0,39.0,59.1,261.0,7.1,6.6,2.0,1.0,129.1,5.0,3.0,0.8,0.0,1.0,1.0,18.0,0.0,5.0,0.8,54.32,-3.9400000000000004,False,True,False,False,False
489,50.0,195.57999999999998,251.0,4.89,26.5,0.0,107.0,7.65,4.55,6.0,184.0,0.0,0.0,0.0,0.0,0.0,0.0,0.0,0.0,22167.0,263973.0,2101.0,22167.0,263973.0,2101.0,0.0,0.0,0.0,0.0,0.0,0.0,0.0,0.0,0.0,0.0,0.0,0.0,0.0,0.0,3.0,29.0,9.7,0.0,3.0,9.7,0.0,1.4,False,False,False,True,False
490,183.0,175.26,216.0,4.34,40.0,27.0,117.0,6.99,4.29,6.0,185.0,0.0,0.0,0.0,0.0,0.0,63693.0,292116.0,2220.0,11902.0,68001.0,12.0,75595.0,360117.0,2232.0,0.0,0.0,0.0,0.0,0.0,0.0,0.0,0.0,0.0,0.0,8.0,32.0,3.8,0.0,2.0,10.0,5.0,0.0,10.0,4.6,0.0,0.0,False,False,True,False,False
491,127.0,195.57999999999998,263.0,4.8,33.0,22.0,118.0,7.12,4.37,1.0,20.0,0.0,0.0,0.0,0.0,0.0,0.0,0.0,0.0,18807.0,248573.0,1442.0,18807.0,248573.0,1442.0,0.0,0.0,0.0,0.0,0.0,0.0,0.0,0.0,0.0,0.0,0.0,0.0,0.0,0.0,2.0,39.0,12.1,0.0,2.0,12.1,0.0,3.5,False,False,False,True,False
492,183.0,195.57999999999998,251.0,4.78,33.5,20.0,112.0,6.84,4.27,6.0,208.0,0.0,0.0,0.0,0.0,0.0,3.0,30.0,0.0,0.0,0.0,0.0,3.0,30.0,0.0,0.0,0.0,0.0,0.0,0.0,0.0,0.0,0.0,0.0,0.0,1.0,10.0,10.0,0.0,0.0,0.0,0.0,0.0,1.0,10.0,0.0,0.9,False,False,False,True,False
493,110.0,193.04,264.0,4.88,32.5,24.0,119.0,7.5,4.62,2.0,64.0,0.0,0.0,0.0,0.0,0.0,0.0,0.0,0.0,2053.0,23622.0,441.0,2053.0,23622.0,441.0,0.0,0.0,0.0,0.0,0.0,0.0,0.0,0.0,0.0,0.0,0.0,0.0,0.0,0.0,1.0,8.0,8.0,0.0,1.0,8.0,0.0,0.0,False,False,False,True,False
494,93.0,175.26,205.0,4.5,34.0,23.0,115.0,6.87,4.11,5.0,173.0,0.0,0.0,0.0,0.0,0.0,126084.0,648432.0,5062.0,14967.0,122336.0,196.0,141051.0,770768.0,5258.0,0.0,0.0,0.0,0.0,0.0,0.0,0.0,0.0,0.0,0.0,16.0,83.0,4.5,0.0,2.0,16.0,8.0,0.0,19.0,5.0,0.0,2.4,False,False,True,False,False
495,124.0,190.5,209.0,4.46,37.5,0.0,0.0,6.72,4.19,2.0,36.0,0.0,0.0,0.0,0.0,0.0,0.0,0.0,0.0,23013.0,341969.0,4299.0,23013.0,341969.0,4299.0,0.0,0.0,0.0,0.0,0.0,0.0,0.0,0.0,0.0,0.0,0.0,0.0,0.0,0.0,3.0,41.0,13.7,1.0,3.0,13.7,0.0,0.0,False,False,False,False,True
496,178.0,187.96,227.0,4.93,32.5,0.0,116.0,7.06,4.21,1.0,5.0,51289.0,79481.0,635892.0,6419.0,2855.0,10984.0,5208.0,611.0,0.0,0.0,0.0,10984.0,5208.0,611.0,0.0,17.0,28.0,62.1,179.0,8.6,9.5,2.0,1.0,151.7,4.0,2.0,0.4,0.0,0.0,0.0,0.0,0.0,4.0,0.4,0.0,8.96,False,True,False,False,False
497,0.0,177.8,200.0,4.44,36.0,21.0,125.0,6.82,4.08,6.0,209.0,0.0,0.0,0.0,0.0,0.0,0.0,0.0,0.0,0.0,0.0,0.0,0.0,0.0,0.0,0.0,0.0,0.0,0.0,0.0,0.0,0.0,0.0,0.0,0.0,0.0,0.0,0.0,0.0,0.0,0.0,0.0,0.0,0.0,0.0,0.0,8.6,False,False,True,False,False
498,52.0,187.96,225.0,4.81,30.5,0.0,107.0,7.06,4.47,1.0,1.0,101554.0,178690.0,1406359.0,9132.0,5807.0,25991.0,39328.0,1039.0,190.0,-1140.0,0.0,26181.0,38188.0,1039.0,1508.6,14.0,24.0,58.6,213.0,8.0,6.65,1.0,0.0,134.5,4.0,3.0,0.8,0.0,1.0,-6.0,-6.0,0.0,4.0,0.8,7.9399999999999995,9.120000000000001,False,True,False,False,False
499,131.0,175.26,189.0,4.45,30.0,13.0,110.0,7.03,4.28,7.0,233.0,0.0,0.0,0.0,0.0,0.0,2527.0,-3436.0,0.0,30882.0,510768.0,2904.0,33409.0,507332.0,2904.0,0.0,0.0,0.0,0.0,0.0,0.0,0.0,0.0,0.0,0.0,1.0,2.0,2.0,0.0,5.0,87.0,14.5,0.0,6.0,14.3,0.0,3.3499999999999996,False,False,False,False,True
500,110.0,182.88,183.0,4.52,0.0,0.0,0.0,100.0,100.0,3.0,83.0,145.0,145.0,1740.0,0.0,0.0,5331.0,65895.0,315.0,8957.0,181961.0,1611.0,14288.0,247856.0,1926.0,1200.6,1.0,1.0,100.0,12.0,12.0,12.0,0.0,0.0,200.8,2.0,15.0,7.5,0.0,2.0,38.0,18.0,0.0,4.0,16.0,8.28,5.85,False,False,False,False,True
501,5.0,172.72,195.0,4.3,40.5,0.0,126.0,6.65,4.28,4.0,107.0,0.0,0.0,0.0,0.0,0.0,6880.0,65847.0,308.0,39774.0,470039.0,3324.0,46654.0,535886.0,3632.0,0.0,0.0,0.0,0.0,0.0,0.0,0.0,0.0,0.0,0.0,1.0,14.0,6.0,0.0,5.0,53.0,11.5,0.0,6.0,12.8,0.0,9.55,False,False,False,False,True
502,178.0,195.57999999999998,223.0,4.59,0.0,0.0,0.0,100.0,100.0,3.0,87.0,0.0,197.0,0.0,0.0,0.0,0.0,0.0,0.0,24452.0,304637.0,3248.0,24452.0,304637.0,3248.0,0.0,0.0,1.0,0.0,0.0,0.0,0.0,0.0,0.0,0.0,0.0,0.0,0.0,0.0,3.0,35.0,13.0,0.0,3.0,13.0,0.0,0.0,False,False,False,False,True
503,141.0,185.42,184.0,4.31,41.5,7.0,129.0,6.62,4.11,7.0,253.0,0.0,7.0,0.0,0.0,7.0,232.0,818.0,0.0,26434.0,396005.0,2976.0,26666.0,396823.0,2976.0,0.0,0.0,1.0,0.0,0.0,0.0,-45.0,0.0,1.0,-200.0,8.0,28.0,3.5,0.0,4.0,41.0,12.6,0.0,4.0,12.6,0.0,0.0,False,False,False,False,True
504,96.0,182.88,199.0,4.33,40.0,14.0,129.0,6.9,4.27,3.0,84.0,0.0,0.0,0.0,0.0,0.0,1719.0,17321.0,0.0,18252.0,337014.0,2662.0,19971.0,354335.0,2662.0,0.0,0.0,0.0,0.0,0.0,0.0,0.0,0.0,0.0,0.0,1.0,16.0,14.0,0.0,3.0,48.0,13.3,0.0,3.0,13.3,0.0,5.2,False,False,False,False,True
505,124.0,185.42,235.0,4.38,33.5,25.0,128.0,100.0,100.0,1.0,31.0,0.0,0.0,0.0,0.0,0.0,0.0,0.0,0.0,0.0,0.0,0.0,0.0,0.0,0.0,0.0,0.0,0.0,0.0,0.0,0.0,0.0,0.0,0.0,0.0,0.0,0.0,0.0,0.0,0.0,0.0,0.0,0.0,0.0,0.0,0.0,5.95,False,False,True,False,False
506,190.0,182.88,197.0,4.55,35.0,0.0,117.0,7.06,4.42,2.0,44.0,87791.0,132864.0,1038592.0,9563.0,3795.0,107872.0,698483.0,8087.0,0.0,0.0,0.0,107872.0,698483.0,8087.0,0.0,11.0,17.0,65.0,140.0,8.1,8.0,1.0,0.0,148.9,12.0,89.0,6.8,1.0,0.0,0.0,0.0,0.0,12.0,6.8,0.0,0.05,False,True,False,False,False
507,133.0,180.34,194.0,4.47,33.0,15.0,0.0,100.0,100.0,3.0,82.0,138.0,779.0,3174.0,0.0,0.0,23195.0,109550.0,827.0,26896.0,287719.0,1499.0,50091.0,397269.0,2326.0,3799.36,0.0,1.0,0.0,0.0,0.0,0.0,0.0,0.0,0.0,2.0,9.0,4.8,0.0,3.0,30.0,9.4,0.0,5.0,7.0,4.9,8.700000000000001,False,False,False,False,True
508,61.0,185.42,239.0,4.79,0.0,23.0,0.0,100.0,100.0,7.0,221.0,0.0,0.0,0.0,0.0,0.0,3548.0,39166.0,667.0,17178.0,217642.0,2074.0,20726.0,256808.0,2741.0,0.0,0.0,0.0,0.0,0.0,0.0,0.0,0.0,0.0,0.0,1.0,14.0,11.5,0.0,4.0,47.0,11.8,0.0,3.0,12.0,0.0,0.0,True,False,False,False,False
509,164.0,175.26,223.0,4.51,33.5,25.0,116.0,100.0,100.0,7.0,212.0,0.0,0.0,0.0,0.0,0.0,0.0,0.0,0.0,0.0,0.0,0.0,0.0,0.0,0.0,0.0,0.0,0.0,0.0,0.0,0.0,0.0,0.0,0.0,0.0,0.0,0.0,0.0,0.0,0.0,0.0,0.0,0.0,0.0,0.0,0.0,-0.2,False,False,True,False,False
510,62.0,185.42,219.0,4.57,37.0,20.0,118.0,100.0,100.0,2.0,39.0,0.0,0.0,0.0,0.0,0.0,11545.0,46273.0,525.0,26863.0,374437.0,993.0,38408.0,420710.0,1518.0,0.0,0.0,0.0,0.0,0.0,0.0,0.0,0.0,0.0,0.0,2.0,8.0,3.3,0.0,4.0,59.0,13.7,0.0,7.0,9.0,0.0,3.9,False,False,False,False,True
511,23.0,177.8,199.0,4.34,32.5,18.0,113.0,6.75,4.17,1.0,30.0,0.0,0.0,0.0,0.0,0.0,59644.0,412506.0,4014.0,10736.0,90480.0,893.0,70380.0,502986.0,4907.0,0.0,0.0,0.0,0.0,0.0,0.0,0.0,0.0,0.0,0.0,13.0,63.0,6.0,0.0,2.0,17.0,7.0,0.0,15.0,6.0,0.0,8.9,False,False,True,False,False
512,125.0,193.04,236.0,4.79,0.0,0.0,0.0,100.0,100.0,1.0,1.0,100595.0,146461.0,1416684.0,15289.0,2516.0,11642.0,14340.0,839.0,0.0,0.0,0.0,11642.0,14340.0,839.0,0.0,19.0,26.0,70.4,266.0,8.8,10.2,3.0,0.0,177.1,2.0,3.0,1.5,0.0,0.0,0.0,0.0,0.0,2.0,1.5,0.0,13.68,False,True,False,False,False
513,71.0,187.96,207.0,4.66,33.0,9.0,115.0,7.1,4.57,6.0,191.0,0.0,0.0,0.0,0.0,0.0,674.0,5649.0,121.0,31773.0,449810.0,4942.0,32447.0,455459.0,5063.0,0.0,0.0,0.0,0.0,0.0,0.0,0.0,0.0,0.0,0.0,1.0,5.0,5.0,0.0,6.0,60.0,13.3,1.0,6.0,13.3,0.0,3.8,False,False,False,False,True
514,26.0,177.8,186.0,4.56,33.5,13.0,105.0,6.98,4.18,6.0,195.0,265.0,563.0,3236.0,142.0,0.0,10785.0,83199.0,524.0,48843.0,522954.0,3562.0,59628.0,606153.0,4086.0,9027.04,0.0,1.0,0.0,0.0,0.0,0.0,0.0,0.0,0.0,2.0,13.0,8.3,0.0,7.0,66.0,9.6,0.0,8.0,9.1,19.360000000000003,8.05,False,False,False,False,True
515,172.0,190.5,229.0,4.93,31.5,20.0,106.0,7.07,4.43,7.0,209.0,67962.0,106885.0,803752.0,5482.0,1604.0,10614.0,8135.0,116.0,0.0,0.0,0.0,10614.0,8135.0,116.0,0.0,24.0,36.0,63.9,263.0,6.5,7.0,2.0,0.0,137.4,3.0,-1.0,-0.5,0.0,0.0,0.0,0.0,0.0,3.0,-0.5,0.0,0.0,False,True,False,False,False
516,127.0,187.96,225.0,4.52,0.0,0.0,0.0,100.0,100.0,1.0,24.0,0.0,0.0,0.0,0.0,0.0,316.0,2534.0,0.0,23282.0,382950.0,4854.0,23598.0,385484.0,4854.0,0.0,0.0,0.0,0.0,0.0,0.0,0.0,0.0,0.0,0.0,1.0,9.0,9.0,0.0,5.0,82.0,15.2,0.0,5.0,15.2,0.0,11.649999999999999,False,False,False,False,True
517,135.0,193.04,268.0,4.97,29.0,0.0,109.0,100.0,100.0,6.0,182.0,0.0,0.0,0.0,0.0,0.0,0.0,0.0,0.0,8146.0,110782.0,493.0,8146.0,110782.0,493.0,0.0,0.0,0.0,0.0,0.0,0.0,0.0,0.0,0.0,0.0,0.0,0.0,0.0,0.0,2.0,24.0,11.0,0.0,2.0,11.0,0.0,1.05,False,False,False,True,False
518,131.0,193.04,223.0,4.93,29.5,0.0,100.0,7.26,4.39,7.0,239.0,92203.0,145297.0,1001083.0,6276.0,4997.0,14925.0,-53854.0,415.0,0.0,0.0,0.0,14925.0,-53854.0,415.0,0.0,17.0,28.0,66.0,158.0,6.8,7.6,1.0,1.0,135.8,2.0,-8.0,-5.0,0.0,0.0,0.0,0.0,0.0,2.0,-5.0,0.0,0.0,False,True,False,False,False
519,24.0,180.34,191.0,4.49,0.0,12.0,0.0,100.0,100.0,5.0,162.0,336.0,707.0,8697.0,81.0,39.0,1286.0,5434.0,47.0,1044.0,9889.0,155.0,2330.0,15323.0,202.0,0.0,2.0,5.0,44.4,47.0,11.4,12.2,0.0,0.0,185.1,5.0,30.0,2.8,0.0,1.0,12.0,8.0,0.0,2.0,8.0,0.0,0.0,False,False,False,False,True
520,121.0,190.5,222.0,4.76,0.0,0.0,0.0,100.0,100.0,2.0,48.0,108084.0,173720.0,1248202.0,8993.0,4437.0,28134.0,-61715.0,669.0,0.0,0.0,0.0,28134.0,-61715.0,669.0,0.0,20.0,31.0,61.8,237.0,6.3,6.1,2.0,0.0,126.5,4.0,-9.0,-2.5,0.0,0.0,0.0,0.0,0.0,4.0,-2.5,0.0,0.7599999999999998,False,True,False,False,False
521,75.0,180.34,246.0,4.64,35.0,24.0,111.0,7.15,4.32,5.0,139.0,0.0,0.0,0.0,0.0,0.0,7881.0,34687.0,584.0,4402.0,34902.0,825.0,12283.0,69589.0,1409.0,0.0,0.0,0.0,0.0,0.0,0.0,0.0,0.0,0.0,0.0,2.0,5.0,3.5,0.0,1.0,8.0,7.0,0.0,2.0,4.0,0.0,0.35,True,False,False,False,False
522,43.0,190.5,222.0,4.53,33.0,0.0,114.0,100.0,100.0,5.0,159.0,0.0,117.0,0.0,0.0,0.0,123.0,1722.0,0.0,12153.0,228392.0,3096.0,12276.0,230114.0,3096.0,0.0,0.0,1.0,0.0,0.0,0.0,0.0,0.0,0.0,0.0,1.0,14.0,14.0,0.0,2.0,28.0,14.0,0.0,2.0,14.0,0.0,2.05,False,False,False,False,True
523,95.0,190.5,217.0,4.54,0.0,15.0,0.0,100.0,100.0,3.0,87.0,484.0,606.0,8486.0,288.0,0.0,2148.0,16628.0,148.0,38534.0,517886.0,4179.0,40682.0,534514.0,4327.0,0.0,1.0,1.0,100.0,20.0,20.0,22.0,1.0,0.0,284.8,1.0,6.0,6.0,0.0,5.0,62.0,13.0,0.0,5.0,13.0,0.0,7.5,False,False,False,False,True
524,135.0,185.42,226.0,4.4,43.5,24.0,125.0,6.96,4.3,7.0,227.0,0.0,0.0,0.0,0.0,0.0,1066.0,11204.0,389.0,8296.0,91939.0,1716.0,9362.0,103143.0,2105.0,0.0,0.0,0.0,0.0,0.0,0.0,0.0,0.0,0.0,0.0,1.0,12.0,12.0,0.0,2.0,21.0,11.0,0.0,2.0,11.5,0.0,0.0,False,False,False,True,False
525,129.0,193.04,249.0,4.59,34.0,23.0,115.0,7.32,4.59,3.0,70.0,0.0,137.0,0.0,0.0,0.0,915.0,5836.0,0.0,20780.0,260264.0,1884.0,21695.0,266100.0,1884.0,0.0,0.0,1.0,0.0,0.0,0.0,0.0,0.0,0.0,0.0,1.0,10.0,10.0,0.0,3.0,32.0,11.2,0.0,3.0,11.2,0.0,1.2,False,False,False,True,False
526,98.0,185.42,233.0,4.67,33.0,15.0,121.0,7.09,4.49,6.0,173.0,0.0,0.0,0.0,0.0,0.0,160426.0,691496.0,7033.0,8518.0,67562.0,598.0,168944.0,759058.0,7631.0,0.0,0.0,0.0,0.0,0.0,0.0,0.0,0.0,0.0,0.0,18.0,81.0,3.8,1.0,2.0,14.0,7.0,0.0,18.0,4.1,0.0,1.7,False,False,True,False,False
527,157.0,195.57999999999998,246.0,4.82,0.0,17.0,0.0,100.0,100.0,7.0,233.0,0.0,0.0,0.0,0.0,0.0,0.0,0.0,0.0,8786.0,97731.0,1184.0,8786.0,97731.0,1184.0,0.0,0.0,0.0,0.0,0.0,0.0,0.0,0.0,0.0,0.0,0.0,0.0,0.0,0.0,2.0,19.0,9.5,0.0,2.0,9.5,0.0,0.0,False,False,False,True,False
528,55.0,180.34,229.0,4.64,33.0,15.0,107.0,7.56,4.67,6.0,188.0,0.0,0.0,0.0,0.0,0.0,78406.0,510994.0,6301.0,1678.0,31019.0,143.0,80084.0,542013.0,6444.0,0.0,0.0,0.0,0.0,0.0,0.0,0.0,0.0,0.0,0.0,13.0,83.0,5.4,1.0,1.0,11.0,9.0,0.0,14.0,5.4,0.0,0.0,False,False,True,False,False
529,35.0,190.5,210.0,4.39,34.0,16.0,123.0,6.94,4.6,4.0,107.0,0.0,0.0,0.0,0.0,0.0,113.0,1243.0,0.0,6708.0,125377.0,1022.0,6821.0,126620.0,1022.0,0.0,0.0,0.0,0.0,0.0,0.0,0.0,0.0,0.0,0.0,1.0,11.0,11.0,0.0,4.0,67.0,16.8,0.0,4.0,16.8,0.0,0.0,False,False,False,False,True
530,4.0,180.34,187.0,4.41,0.0,0.0,0.0,100.0,100.0,3.0,89.0,0.0,0.0,0.0,0.0,0.0,0.0,0.0,0.0,0.0,0.0,0.0,0.0,0.0,0.0,0.0,0.0,0.0,0.0,0.0,0.0,0.0,0.0,0.0,0.0,0.0,0.0,0.0,0.0,0.0,0.0,0.0,0.0,0.0,0.0,0.0,0.35,False,False,False,False,True
531,125.0,195.57999999999998,261.0,4.72,31.5,0.0,0.0,100.0,100.0,5.0,162.0,0.0,0.0,0.0,0.0,0.0,0.0,0.0,0.0,2436.0,17125.0,269.0,2436.0,17125.0,269.0,0.0,0.0,0.0,0.0,0.0,0.0,0.0,0.0,0.0,0.0,0.0,0.0,0.0,0.0,1.0,7.0,7.0,0.0,1.0,7.0,0.0,1.3,False,False,False,True,False
532,89.0,190.5,250.0,4.7,0.0,19.0,0.0,100.0,100.0,7.0,235.0,0.0,0.0,0.0,0.0,0.0,0.0,0.0,0.0,7702.0,108695.0,1042.0,7702.0,108695.0,1042.0,0.0,0.0,0.0,0.0,0.0,0.0,0.0,0.0,0.0,0.0,0.0,0.0,0.0,0.0,2.0,23.0,12.0,0.0,2.0,12.0,0.0,0.0,False,False,False,True,False
533,30.0,175.26,186.0,4.28,33.5,15.0,115.0,7.0,4.44,4.0,108.0,346.0,346.0,9011.0,229.0,0.0,10266.0,93327.0,351.0,22327.0,307582.0,2423.0,32593.0,400909.0,2774.0,5527.9400000000005,1.0,1.0,100.0,23.0,23.0,43.0,1.0,0.0,623.2,1.0,9.0,8.5,0.0,3.0,49.0,12.0,0.0,4.0,10.7,20.42,12.05,False,False,False,False,True
534,157.0,182.88,231.0,4.5,38.0,22.0,118.0,6.94,4.25,2.0,51.0,110.0,110.0,1980.0,110.0,0.0,109474.0,557260.0,6747.0,6828.0,68655.0,0.0,116302.0,625915.0,6747.0,5832.2,1.0,1.0,100.0,18.0,18.0,38.0,1.0,0.0,581.2,16.0,82.0,4.6,0.0,2.0,15.0,8.0,0.0,16.0,5.0,53.019999999999996,1.85,False,False,True,False,False
535,14.0,190.5,217.0,4.43,34.5,15.0,124.0,6.94,4.41,6.0,198.0,0.0,0.0,0.0,0.0,0.0,0.0,0.0,0.0,19445.0,265440.0,549.0,19445.0,265440.0,549.0,0.0,0.0,0.0,0.0,0.0,0.0,0.0,0.0,0.0,0.0,0.0,0.0,0.0,0.0,3.0,35.0,12.0,0.0,3.0,12.0,0.0,4.7,False,False,False,False,True
536,28.0,182.88,187.0,4.61,39.0,0.0,116.0,6.92,4.4,4.0,99.0,0.0,0.0,0.0,0.0,0.0,995.0,3653.0,123.0,24863.0,356437.0,3278.0,25858.0,360090.0,3401.0,0.0,0.0,0.0,0.0,0.0,0.0,0.0,0.0,0.0,0.0,1.0,3.0,3.0,0.0,6.0,98.0,14.6,1.0,7.0,14.3,0.0,4.9,False,False,False,False,True
537,197.0,190.5,243.0,4.71,34.5,20.0,112.0,7.09,4.35,4.0,118.0,0.0,0.0,0.0,0.0,0.0,0.0,0.0,0.0,18389.0,223403.0,2685.0,18389.0,223403.0,2685.0,0.0,0.0,0.0,0.0,0.0,0.0,0.0,0.0,0.0,0.0,0.0,0.0,0.0,0.0,3.0,30.0,11.5,0.0,3.0,11.5,0.0,0.0,False,False,False,True,False
538,89.0,198.12,260.0,4.53,38.5,0.0,120.0,6.9,4.45,3.0,95.0,0.0,0.0,0.0,0.0,0.0,0.0,0.0,0.0,2153.0,26522.0,704.0,2153.0,26522.0,704.0,0.0,0.0,0.0,0.0,0.0,0.0,0.0,0.0,0.0,0.0,0.0,0.0,0.0,0.0,1.0,14.0,14.0,1.0,1.0,14.0,0.0,7.25,False,False,False,True,False
539,125.0,195.57999999999998,261.0,4.66,35.0,20.0,113.0,7.07,4.53,1.0,21.0,0.0,0.0,0.0,0.0,0.0,143.0,715.0,0.0,19126.0,298158.0,4615.0,19269.0,298873.0,4615.0,0.0,0.0,0.0,0.0,0.0,0.0,0.0,0.0,0.0,0.0,1.0,5.0,5.0,0.0,2.0,35.0,17.0,0.0,2.0,17.0,0.0,5.199999999999999,False,False,False,True,False
540,5.0,198.12,264.0,4.68,0.0,23.0,0.0,100.0,100.0,2.0,42.0,0.0,0.0,0.0,0.0,0.0,0.0,0.0,0.0,12325.0,207857.0,2909.0,12325.0,207857.0,2909.0,0.0,0.0,0.0,0.0,0.0,0.0,0.0,0.0,0.0,0.0,0.0,0.0,0.0,0.0,3.0,50.0,15.2,1.0,3.0,15.2,0.0,3.85,False,False,False,True,False
541,100.0,190.5,252.0,4.62,40.0,30.0,120.0,100.0,4.37,4.0,125.0,0.0,0.0,0.0,0.0,0.0,0.0,0.0,0.0,0.0,0.0,0.0,0.0,0.0,0.0,0.0,0.0,0.0,0.0,0.0,0.0,0.0,0.0,0.0,0.0,0.0,0.0,0.0,0.0,0.0,0.0,0.0,0.0,0.0,0.0,0.0,3.7,True,False,False,False,False
542,163.0,182.88,225.0,4.49,41.0,21.0,124.0,6.87,4.14,2.0,59.0,0.0,113.0,0.0,0.0,0.0,91201.0,387614.0,4691.0,5969.0,57353.0,239.0,97170.0,444967.0,4930.0,971.8,0.0,1.0,0.0,0.0,0.0,0.0,0.0,0.0,0.0,9.0,41.0,3.9,0.0,1.0,11.0,8.0,0.0,9.0,4.1,8.6,0.0,False,False,True,False,False
543,43.0,187.96,245.0,4.64,0.0,0.0,0.0,100.0,100.0,4.0,113.0,0.0,0.0,0.0,0.0,0.0,118.0,1888.0,0.0,13875.0,176362.0,1867.0,13993.0,178250.0,1867.0,0.0,0.0,0.0,0.0,0.0,0.0,0.0,0.0,0.0,0.0,1.0,16.0,16.0,0.0,3.0,39.0,11.7,0.0,3.0,12.3,0.0,7.3,False,False,False,True,False
544,76.0,165.1,166.0,4.34,42.0,10.0,116.0,6.54,4.48,6.0,197.0,0.0,0.0,0.0,0.0,0.0,19931.0,138902.0,647.0,1271.0,9936.0,0.0,21202.0,148838.0,647.0,0.0,0.0,0.0,0.0,0.0,0.0,0.0,0.0,0.0,0.0,3.0,17.0,4.8,0.0,1.0,4.0,4.0,0.0,3.0,4.8,0.0,0.0,False,False,False,False,True
545,62.0,193.04,264.0,4.77,0.0,25.0,0.0,100.0,100.0,5.0,132.0,0.0,0.0,0.0,0.0,0.0,0.0,0.0,0.0,6048.0,76231.0,775.0,6048.0,76231.0,775.0,0.0,0.0,0.0,0.0,0.0,0.0,0.0,0.0,0.0,0.0,0.0,0.0,0.0,0.0,2.0,23.0,12.0,0.0,2.0,12.0,0.0,3.0,False,False,False,True,False
546,120.0,190.5,225.0,4.93,32.0,0.0,110.0,6.96,4.37,4.0,122.0,62166.0,95961.0,626384.0,2785.0,3036.0,47224.0,192503.0,1690.0,122.0,2928.0,122.0,47346.0,195431.0,1812.0,5831.599999999999,13.0,18.0,65.0,128.0,6.2,5.5,0.0,0.0,133.1,8.0,33.0,3.8,0.0,1.0,24.0,24.0,1.0,8.0,3.8,47.8,0.0,False,True,False,False,False
547,76.0,187.96,211.0,4.58,36.0,0.0,115.0,6.81,4.23,3.0,78.0,0.0,0.0,0.0,0.0,0.0,0.0,0.0,0.0,0.0,0.0,0.0,0.0,0.0,0.0,0.0,0.0,0.0,0.0,0.0,0.0,0.0,0.0,0.0,0.0,0.0,0.0,0.0,0.0,0.0,0.0,0.0,0.0,0.0,0.0,0.0,4.8,False,False,False,False,True
548,26.0,190.5,230.0,4.6,29.5,0.0,110.0,6.93,4.22,6.0,181.0,0.0,0.0,0.0,0.0,0.0,0.0,0.0,0.0,0.0,0.0,0.0,0.0,0.0,0.0,0.0,0.0,0.0,0.0,0.0,0.0,0.0,0.0,0.0,0.0,0.0,0.0,0.0,0.0,0.0,0.0,0.0,0.0,0.0,0.0,0.0,0.0,False,True,False,False,False
549,50.0,182.88,218.0,4.37,36.0,19.0,121.0,7.0,4.33,1.0,12.0,0.0,122.0,0.0,0.0,0.0,86260.0,527503.0,6230.0,2821.0,41542.0,291.0,89081.0,569045.0,6521.0,0.0,0.0,1.0,0.0,0.0,0.0,0.0,0.0,0.0,0.0,16.0,99.0,5.5,1.0,1.0,20.0,13.0,0.0,16.0,5.6,0.0,7.800000000000001,False,False,True,False,False
550,96.0,175.26,172.0,4.53,37.5,20.0,118.0,100.0,4.06,2.0,36.0,111.0,963.0,2997.0,111.0,290.0,44806.0,299242.0,2404.0,21680.0,288884.0,1222.0,66486.0,588126.0,3626.0,9539.28,0.0,1.0,0.0,0.0,0.0,0.0,0.0,0.0,0.0,7.0,50.0,5.7,0.0,3.0,47.0,12.6,0.0,9.0,9.9,14.0,9.399999999999999,False,False,False,False,True
551,178.0,193.04,259.0,4.71,35.5,19.0,113.0,6.99,4.57,6.0,185.0,0.0,0.0,0.0,0.0,0.0,123.0,3489.0,0.0,6091.0,96873.0,430.0,6214.0,100362.0,430.0,0.0,0.0,0.0,0.0,0.0,0.0,0.0,0.0,0.0,0.0,1.0,23.0,2.0,0.0,2.0,22.0,13.0,0.0,2.0,13.0,0.0,0.0,False,False,False,True,False
552,165.0,185.42,216.0,4.79,0.0,0.0,114.0,100.0,100.0,3.0,85.0,190611.0,273534.0,2219177.0,19576.0,7922.0,74188.0,275542.0,3412.0,0.0,0.0,0.0,74188.0,275542.0,3412.0,0.0,21.0,31.0,70.3,239.0,8.6,8.7,2.0,1.0,167.7,8.0,22.0,2.6,0.0,0.0,0.0,0.0,0.0,8.0,2.6,0.0,11.540000000000001,False,True,False,False,False
553,178.0,180.34,198.0,4.4,36.5,18.0,120.0,100.0,100.0,4.0,112.0,0.0,0.0,0.0,0.0,0.0,53558.0,339936.0,2085.0,10103.0,78629.0,460.0,63661.0,418565.0,2545.0,0.0,0.0,0.0,0.0,0.0,0.0,0.0,0.0,0.0,0.0,9.0,60.0,6.0,0.0,3.0,12.0,7.5,0.0,12.0,6.6,0.0,1.2,False,False,True,False,False
554,71.0,187.96,224.0,4.62,35.0,13.0,115.0,100.0,4.23,5.0,165.0,27578.0,45841.0,324635.0,3603.0,2149.0,24436.0,91924.0,1551.0,32616.0,323469.0,2514.0,57052.0,415393.0,4065.0,16191.839999999998,6.0,6.0,66.7,56.0,6.9,7.9,1.0,0.0,143.0,3.0,13.0,3.5,0.0,4.0,46.0,9.4,0.0,7.0,7.6,8.879999999999999,0.0,False,False,False,False,True
555,153.0,190.5,215.0,4.46,36.0,16.0,122.0,6.96,4.55,6.0,177.0,0.0,0.0,0.0,0.0,0.0,985.0,4379.0,0.0,17439.0,285706.0,1805.0,18424.0,290085.0,1805.0,0.0,0.0,0.0,0.0,0.0,0.0,0.0,0.0,0.0,0.0,1.0,3.0,3.0,0.0,4.0,41.0,14.5,0.0,4.0,14.3,0.0,0.9,False,False,False,False,True
556,66.0,190.5,245.0,4.69,34.0,18.0,113.0,7.1,4.42,3.0,93.0,0.0,0.0,0.0,0.0,0.0,0.0,0.0,0.0,9705.0,116082.0,1713.0,9705.0,116082.0,1713.0,0.0,0.0,0.0,0.0,0.0,0.0,0.0,0.0,0.0,0.0,0.0,0.0,0.0,0.0,2.0,23.0,10.7,0.0,2.0,10.7,0.0,7.05,False,False,False,True,False
557,28.0,198.12,223.0,4.9,28.5,0.0,108.0,7.06,4.53,6.0,204.0,63691.0,102108.0,743656.0,7152.0,2897.0,15124.0,29089.0,383.0,0.0,0.0,0.0,15124.0,29089.0,383.0,0.0,17.0,26.0,63.6,178.0,6.4,7.2,2.0,1.0,135.2,3.0,3.0,2.0,0.0,0.0,0.0,0.0,0.0,3.0,2.0,0.0,0.8799999999999999,False,True,False,False,False
558,12.0,193.04,245.0,4.68,34.0,27.0,113.0,6.72,4.17,4.0,114.0,0.0,0.0,0.0,0.0,0.0,0.0,0.0,0.0,35120.0,478531.0,3680.0,35120.0,478531.0,3680.0,0.0,0.0,0.0,0.0,0.0,0.0,0.0,0.0,0.0,0.0,0.0,0.0,0.0,0.0,5.0,59.0,12.3,0.0,5.0,12.3,0.0,0.0,False,False,False,True,False
559,122.0,182.88,204.0,4.4,37.0,16.0,114.0,6.82,4.34,3.0,90.0,447.0,746.0,11623.0,276.0,0.0,3676.0,23491.0,0.0,25737.0,346338.0,2202.0,29413.0,369829.0,2202.0,1567.6599999999999,1.0,1.0,100.0,22.0,22.0,28.0,0.0,0.0,335.2,1.0,8.0,4.0,0.0,3.0,40.0,13.0,0.0,3.0,13.0,3.52,0.0,False,False,False,False,True
560,133.0,193.04,254.0,4.68,32.0,23.0,112.0,100.0,100.0,5.0,154.0,0.0,0.0,0.0,0.0,0.0,0.0,0.0,0.0,14066.0,181908.0,1194.0,14066.0,181908.0,1194.0,0.0,0.0,0.0,0.0,0.0,0.0,0.0,0.0,0.0,0.0,0.0,0.0,0.0,0.0,2.0,31.0,12.5,0.0,2.0,12.5,0.0,2.1500000000000004,False,False,False,True,False
561,179.0,182.88,191.0,4.56,37.0,15.0,114.0,6.95,4.38,5.0,156.0,0.0,0.0,0.0,0.0,0.0,617.0,2859.0,148.0,13929.0,201341.0,1289.0,14546.0,204200.0,1437.0,0.0,0.0,0.0,0.0,0.0,0.0,0.0,0.0,0.0,0.0,1.0,9.0,9.0,0.0,4.0,60.0,12.4,0.0,4.0,11.0,0.0,3.85,False,False,False,False,True
562,29.0,180.34,195.0,4.4,36.0,15.0,120.0,6.77,4.15,3.0,88.0,0.0,0.0,0.0,0.0,0.0,0.0,0.0,0.0,0.0,0.0,0.0,0.0,0.0,0.0,0.0,0.0,0.0,0.0,0.0,0.0,0.0,0.0,0.0,0.0,0.0,0.0,0.0,0.0,0.0,0.0,0.0,0.0,0.0,0.0,0.0,8.1,False,False,False,False,True
563,127.0,187.96,214.0,4.68,35.0,0.0,110.0,7.24,4.4,7.0,250.0,97829.0,158103.0,1359195.0,11120.0,5219.0,67215.0,309730.0,3426.0,0.0,0.0,0.0,67215.0,309730.0,3426.0,0.0,14.0,22.0,65.4,193.0,7.7,8.0,1.0,0.0,142.4,9.0,32.0,4.1,0.0,0.0,0.0,0.0,0.0,9.0,4.1,0.0,0.0,False,True,False,False,False
564,142.0,180.34,186.0,4.4,39.5,12.0,126.0,6.64,4.1,3.0,82.0,0.0,0.0,0.0,0.0,0.0,1611.0,7139.0,0.0,47836.0,631430.0,5782.0,49447.0,638569.0,5782.0,0.0,0.0,0.0,0.0,0.0,0.0,0.0,0.0,0.0,0.0,1.0,4.0,4.0,0.0,6.0,74.0,12.0,1.0,6.0,11.8,0.0,10.9,False,False,False,False,True
565,76.0,180.34,238.0,4.68,30.5,0.0,111.0,6.98,4.47,6.0,200.0,0.0,0.0,0.0,0.0,0.0,73255.0,420568.0,6187.0,5310.0,45575.0,643.0,78565.0,466143.0,6830.0,0.0,0.0,0.0,0.0,0.0,0.0,0.0,0.0,0.0,0.0,10.0,49.0,5.6,0.0,1.0,11.0,8.0,0.0,9.0,6.2,0.0,0.0,False,False,True,False,False
566,165.0,180.34,193.0,4.6,36.5,16.0,116.0,100.0,100.0,3.0,84.0,0.0,465.0,0.0,0.0,0.0,2849.0,29549.0,0.0,34631.0,464834.0,4795.0,37480.0,494383.0,4795.0,5308.1,0.0,1.0,0.0,0.0,0.0,0.0,0.0,0.0,0.0,1.0,12.0,6.0,0.0,4.0,47.0,11.8,1.0,4.0,11.6,13.700000000000001,5.2,False,False,False,False,True
567,48.0,195.57999999999998,243.0,4.85,33.5,0.0,108.0,7.17,4.33,5.0,155.0,0.0,0.0,0.0,0.0,0.0,0.0,0.0,0.0,0.0,0.0,0.0,0.0,0.0,0.0,0.0,0.0,0.0,0.0,0.0,0.0,0.0,0.0,0.0,0.0,0.0,0.0,0.0,0.0,0.0,0.0,0.0,0.0,0.0,0.0,0.0,4.29,False,True,False,False,False
568,30.0,180.34,196.0,4.37,0.0,18.0,0.0,100.0,100.0,1.0,9.0,248.0,371.0,3944.0,248.0,0.0,102982.0,600430.0,5074.0,20771.0,236167.0,1619.0,123753.0,836597.0,6693.0,8282.960000000001,1.0,1.0,100.0,15.0,15.0,35.0,1.0,0.0,556.0,10.0,58.0,5.4,0.0,2.0,17.0,8.5,0.0,13.0,6.5,23.6,10.35,False,False,True,False,False
569,21.0,187.96,218.0,4.5,36.0,15.0,119.0,6.89,4.23,6.0,193.0,162.0,162.0,810.0,0.0,0.0,133270.0,602795.0,6197.0,20704.0,155186.0,489.0,153974.0,757981.0,6686.0,4228.2,1.0,1.0,100.0,5.0,5.0,5.0,0.0,0.0,142.0,19.0,77.0,4.3,1.0,3.0,16.0,6.0,0.0,22.0,4.7,26.099999999999998,5.300000000000001,False,False,True,False,False
570,11.0,180.34,220.0,4.34,40.5,26.0,124.0,6.91,4.12,2.0,58.0,0.0,0.0,0.0,0.0,0.0,114149.0,562922.0,4029.0,8829.0,58446.0,0.0,122978.0,621368.0,4029.0,0.0,0.0,0.0,0.0,0.0,0.0,0.0,0.0,0.0,0.0,15.0,72.0,4.5,0.0,1.0,7.0,5.0,0.0,17.0,4.4,0.0,0.0,False,False,True,False,False
571,121.0,177.8,199.0,4.42,35.0,17.0,120.0,7.12,4.34,2.0,60.0,0.0,0.0,0.0,0.0,0.0,4390.0,38461.0,491.0,23126.0,421132.0,3831.0,27516.0,459593.0,4322.0,0.0,0.0,0.0,0.0,0.0,0.0,0.0,0.0,0.0,0.0,1.0,5.0,5.0,0.0,5.0,104.0,16.6,1.0,6.0,15.5,0.0,6.3999999999999995,False,False,False,False,True
572,43.0,190.5,236.0,4.71,38.5,0.0,115.0,6.66,4.17,1.0,25.0,101050.0,149767.0,1453175.0,13682.0,2232.0,109732.0,469371.0,9826.0,0.0,0.0,0.0,109732.0,469371.0,9826.0,0.0,13.0,20.0,68.0,199.0,9.5,11.2,2.0,0.0,170.7,11.0,38.0,4.1,1.0,0.0,0.0,0.0,0.0,11.0,4.1,0.0,10.31,False,True,False,False,False
573,55.0,190.5,224.0,4.52,0.0,0.0,0.0,100.0,100.0,1.0,22.0,136.0,485.0,2992.0,0.0,0.0,554.0,4301.0,0.0,18508.0,350831.0,2251.0,19062.0,355132.0,2251.0,677.2800000000001,0.0,1.0,0.0,0.0,0.0,0.0,0.0,0.0,0.0,1.0,3.0,3.0,0.0,3.0,46.0,16.0,0.0,3.0,16.0,4.98,10.799999999999999,False,False,False,False,True
574,178.0,185.42,197.0,4.52,38.0,19.0,118.0,6.79,4.24,3.0,77.0,13850.0,23215.0,142101.0,963.0,612.0,8637.0,12411.0,310.0,23909.0,324392.0,2451.0,32546.0,336803.0,2761.0,0.0,12.0,23.0,60.0,136.0,5.7,5.3,1.0,1.0,114.3,4.0,7.0,5.0,0.0,4.0,58.0,12.6,0.0,4.0,12.3,0.0,4.0,False,False,False,False,True
575,7.0,177.8,188.0,4.4,33.0,11.0,118.0,7.0,4.19,6.0,206.0,152.0,152.0,4269.0,117.0,0.0,4166.0,28018.0,0.0,32052.0,431304.0,3951.0,36218.0,459322.0,3951.0,0.0,1.0,1.0,100.0,32.0,32.0,52.0,1.0,0.0,698.8,1.0,4.0,4.0,0.0,3.0,38.0,11.8,0.0,3.0,11.0,0.0,2.9000000000000004,False,False,False,False,True
576,159.0,185.42,221.0,4.53,33.5,8.0,116.0,6.9,4.31,4.0,101.0,96.0,105.0,2156.0,0.0,9.0,3339.0,13120.0,169.0,31928.0,478057.0,4696.0,35267.0,491177.0,4865.0,1359.16,1.0,1.0,100.0,23.0,23.0,23.0,0.0,0.0,293.2,2.0,9.0,2.0,0.0,4.0,54.0,14.3,1.0,4.0,13.5,14.120000000000001,4.5,False,False,False,False,True
577,55.0,185.42,228.0,4.56,41.5,24.0,120.0,6.79,4.06,7.0,225.0,0.0,0.0,0.0,0.0,0.0,80700.0,435262.0,5734.0,5627.0,61242.0,552.0,86327.0,496504.0,6286.0,0.0,0.0,0.0,0.0,0.0,0.0,0.0,0.0,0.0,0.0,8.0,43.0,4.5,1.0,1.0,20.0,11.0,0.0,9.0,5.3,0.0,0.8,False,False,True,False,False
578,135.0,193.04,228.0,4.49,42.0,20.0,129.0,7.07,4.34,1.0,26.0,0.0,0.0,0.0,0.0,0.0,0.0,0.0,0.0,0.0,0.0,0.0,0.0,0.0,0.0,0.0,0.0,0.0,0.0,0.0,0.0,0.0,0.0,0.0,0.0,0.0,0.0,0.0,0.0,0.0,0.0,0.0,0.0,0.0,0.0,0.0,0.0,False,False,False,False,True
579,178.0,180.34,242.0,4.53,29.0,28.0,113.0,6.97,4.39,6.0,187.0,0.0,0.0,0.0,0.0,0.0,38279.0,211779.0,2436.0,2326.0,25354.0,613.0,40605.0,237133.0,3049.0,0.0,0.0,0.0,0.0,0.0,0.0,0.0,0.0,0.0,0.0,6.0,19.0,3.7,0.0,1.0,12.0,8.0,0.0,6.0,4.4,0.0,1.3,False,False,True,False,False
580,146.0,180.34,187.0,4.68,33.5,12.0,121.0,6.64,4.25,3.0,82.0,0.0,0.0,0.0,0.0,0.0,1948.0,7173.0,0.0,28229.0,404036.0,2943.0,30177.0,411209.0,2943.0,0.0,0.0,0.0,0.0,0.0,0.0,0.0,0.0,0.0,0.0,2.0,2.0,1.0,0.0,5.0,58.0,12.1,0.0,4.0,10.3,0.0,4.0,False,False,False,False,True
581,189.0,185.42,221.0,4.5,34.5,19.0,117.0,7.04,4.31,7.0,236.0,0.0,0.0,0.0,0.0,0.0,0.0,0.0,0.0,0.0,0.0,0.0,0.0,0.0,0.0,0.0,0.0,0.0,0.0,0.0,0.0,0.0,0.0,0.0,0.0,0.0,0.0,0.0,0.0,0.0,0.0,0.0,0.0,0.0,0.0,0.0,4.8,False,False,False,False,True
582,178.0,195.57999999999998,254.0,4.53,37.5,23.0,119.0,6.82,4.03,4.0,102.0,0.0,0.0,0.0,0.0,0.0,86.0,516.0,0.0,1736.0,14198.0,98.0,1822.0,14714.0,98.0,0.0,0.0,0.0,0.0,0.0,0.0,0.0,0.0,0.0,0.0,1.0,6.0,6.0,0.0,2.0,14.0,8.0,0.0,2.0,7.5,0.0,1.0,False,False,False,True,False
583,159.0,175.26,222.0,4.54,37.0,27.0,120.0,6.92,4.07,4.0,119.0,0.0,0.0,0.0,0.0,0.0,93098.0,440773.0,3669.0,4325.0,28172.0,121.0,97423.0,468945.0,3790.0,0.0,0.0,0.0,0.0,0.0,0.0,0.0,0.0,0.0,0.0,15.0,67.0,4.0,0.0,1.0,9.0,6.0,0.0,16.0,4.4,0.0,2.0,False,False,True,False,False
584,52.0,187.96,247.0,4.87,35.5,23.0,116.0,7.13,4.4,7.0,220.0,0.0,0.0,0.0,0.0,0.0,6338.0,22231.0,287.0,3884.0,35465.0,563.0,10222.0,57696.0,850.0,0.0,0.0,0.0,0.0,0.0,0.0,0.0,0.0,0.0,0.0,2.0,9.0,3.0,0.0,1.0,11.0,10.0,0.0,2.0,5.0,0.0,1.4,True,False,False,False,False
585,174.0,190.5,245.0,4.69,33.5,18.0,118.0,7.07,4.15,6.0,174.0,0.0,0.0,0.0,0.0,0.0,26352.0,135339.0,1406.0,29248.0,414852.0,4338.0,55600.0,550191.0,5744.0,0.0,0.0,0.0,0.0,0.0,0.0,0.0,0.0,0.0,0.0,3.0,11.0,4.0,0.0,3.0,54.0,12.6,0.0,7.0,8.6,0.0,2.1,True,False,False,False,False
586,75.0,177.8,191.0,4.46,33.5,16.0,115.0,7.08,4.34,2.0,64.0,9803.0,19375.0,102457.0,714.0,839.0,31762.0,160199.0,2845.0,17923.0,213830.0,1723.0,49685.0,374029.0,4568.0,49191.24,1.0,2.0,50.0,15.0,4.3,3.3,0.0,0.0,94.1,8.0,22.0,4.5,0.0,4.0,45.0,11.0,0.0,10.0,6.4,17.66,12.15,False,False,False,False,True
587,160.0,187.96,215.0,4.83,29.5,0.0,106.0,6.93,4.27,2.0,35.0,118708.0,194501.0,1464367.0,9758.0,4264.0,62197.0,233807.0,3241.0,166.0,4482.0,0.0,62363.0,238289.0,3241.0,557.76,16.0,25.0,62.5,197.0,8.3,7.6,1.0,0.0,133.7,8.0,23.0,3.7,0.0,1.0,27.0,27.0,0.0,8.0,3.7,3.36,15.16,False,True,False,False,False
588,64.0,187.96,201.0,4.62,0.0,14.0,0.0,100.0,100.0,4.0,123.0,0.0,85.0,0.0,0.0,0.0,5188.0,34366.0,217.0,19855.0,244328.0,1452.0,25043.0,278694.0,1669.0,2567.0,0.0,1.0,0.0,0.0,0.0,0.0,0.0,0.0,0.0,2.0,12.0,8.0,0.0,6.0,62.0,12.9,0.0,7.0,11.5,30.2,0.0,False,False,False,False,True
589,61.0,193.04,240.0,5.12,25.5,0.0,102.0,7.13,4.46,5.0,160.0,114921.0,215032.0,1458926.0,10430.0,10151.0,34886.0,-46053.0,408.0,179.0,-2327.0,0.0,35065.0,-48380.0,408.0,211.2199999999999,16.0,33.0,53.6,205.0,7.3,6.2,2.0,1.0,121.1,6.0,-9.0,-1.5,0.0,1.0,-13.0,-13.0,0.0,6.0,-1.5,1.1799999999999995,0.0,False,True,False,False,False
590,99.0,193.04,234.0,4.61,33.5,0.0,120.0,6.84,4.26,1.0,10.0,62083.0,103700.0,750618.0,4598.0,2141.0,25384.0,56657.0,809.0,116.0,-1160.0,0.0,25500.0,55497.0,809.0,714.56,18.0,31.0,58.6,208.0,6.9,6.5,1.0,0.0,125.0,6.0,12.0,2.2,0.0,1.0,-10.0,-10.0,0.0,6.0,2.2,6.159999999999999,7.519999999999999,False,True,False,False,False
591,0.0,182.88,192.0,4.31,40.0,16.0,131.0,100.0,100.0,4.0,111.0,0.0,0.0,0.0,0.0,0.0,0.0,0.0,0.0,0.0,0.0,0.0,0.0,0.0,0.0,0.0,0.0,0.0,0.0,0.0,0.0,0.0,0.0,0.0,0.0,0.0,0.0,0.0,0.0,0.0,0.0,0.0,0.0,0.0,0.0,0.0,8.1,False,False,False,False,True
592,52.0,193.04,211.0,4.48,34.5,18.0,126.0,6.91,4.21,1.0,4.0,0.0,0.0,0.0,0.0,0.0,936.0,15552.0,0.0,22626.0,366826.0,3353.0,23562.0,382378.0,3353.0,0.0,0.0,0.0,0.0,0.0,0.0,0.0,0.0,0.0,0.0,1.0,14.0,14.0,0.0,5.0,81.0,17.0,1.0,5.0,17.2,0.0,14.4,False,False,False,False,True
593,58.0,182.88,225.0,4.45,34.0,20.0,114.0,6.91,4.15,3.0,96.0,0.0,0.0,0.0,0.0,0.0,25945.0,175932.0,1954.0,4113.0,45069.0,206.0,30058.0,221001.0,2160.0,0.0,0.0,0.0,0.0,0.0,0.0,0.0,0.0,0.0,0.0,8.0,40.0,5.5,0.0,1.0,9.0,5.0,0.0,9.0,6.3,0.0,1.1,False,False,True,False,False
594,107.0,190.5,249.0,4.54,42.5,23.0,130.0,6.9,4.4,7.0,204.0,0.0,0.0,0.0,0.0,0.0,750.0,5992.0,0.0,8504.0,100497.0,1315.0,9254.0,106489.0,1315.0,0.0,0.0,0.0,0.0,0.0,0.0,0.0,0.0,0.0,0.0,1.0,14.0,7.5,0.0,2.0,19.0,9.5,0.0,2.0,9.0,0.0,1.3,False,False,False,True,False
595,89.0,185.42,209.0,4.4,36.0,14.0,117.0,6.94,4.21,3.0,79.0,0.0,0.0,0.0,0.0,0.0,0.0,0.0,0.0,16977.0,266730.0,2846.0,16977.0,266730.0,2846.0,0.0,0.0,0.0,0.0,0.0,0.0,0.0,0.0,0.0,0.0,0.0,0.0,0.0,0.0,3.0,41.0,13.1,0.0,3.0,13.1,0.0,4.1,False,False,False,False,True
596,61.0,193.04,249.0,4.78,0.0,18.0,0.0,100.0,100.0,7.0,238.0,0.0,0.0,0.0,0.0,0.0,0.0,0.0,0.0,10111.0,165965.0,730.0,10111.0,165965.0,730.0,0.0,0.0,0.0,0.0,0.0,0.0,0.0,0.0,0.0,0.0,0.0,0.0,0.0,0.0,3.0,54.0,14.7,0.0,3.0,14.7,0.0,0.0,False,False,False,True,False
597,30.0,180.34,233.0,4.53,36.5,24.0,120.0,7.16,4.39,4.0,130.0,0.0,93.0,0.0,0.0,0.0,35926.0,151367.0,1337.0,5633.0,42099.0,293.0,41559.0,193466.0,1630.0,864.8999999999999,0.0,1.0,0.0,0.0,0.0,0.0,0.0,0.0,0.0,6.0,26.0,3.2,0.0,1.0,9.0,6.0,0.0,8.0,3.6,9.299999999999999,0.4,False,False,True,False,False
598,39.0,177.8,203.0,4.53,34.0,10.0,111.0,6.77,4.21,6.0,176.0,565.0,1225.0,24914.0,356.0,0.0,13546.0,87534.0,867.0,35317.0,399640.0,2458.0,48863.0,487174.0,3325.0,13751.119999999999,0.0,1.0,0.0,0.0,0.0,0.0,0.0,0.0,0.0,2.0,9.0,4.0,0.0,5.0,55.0,11.2,0.0,7.0,8.8,15.4,0.0,False,False,False,False,True
599,178.0,182.88,227.0,4.64,0.0,0.0,0.0,100.0,100.0,7.0,240.0,0.0,0.0,0.0,0.0,0.0,11769.0,72536.0,439.0,17347.0,184180.0,1832.0,29116.0,256716.0,2271.0,0.0,0.0,0.0,0.0,0.0,0.0,0.0,0.0,0.0,0.0,2.0,10.0,5.0,0.0,2.0,22.0,8.7,0.0,3.0,7.2,0.0,0.0,True,False,False,False,False
600,105.0,180.34,219.0,4.4,36.5,11.0,119.0,6.67,4.01,4.0,105.0,0.0,0.0,0.0,0.0,0.0,0.0,0.0,0.0,0.0,0.0,0.0,0.0,0.0,0.0,0.0,0.0,0.0,0.0,0.0,0.0,0.0,0.0,0.0,0.0,0.0,0.0,0.0,0.0,0.0,0.0,0.0,0.0,0.0,0.0,0.0,7.65,False,False,True,False,False
601,44.0,195.57999999999998,248.0,4.46,37.0,22.0,117.0,6.9,4.21,3.0,69.0,0.0,0.0,0.0,0.0,0.0,718.0,15431.0,161.0,10349.0,157803.0,1068.0,11067.0,173234.0,1229.0,0.0,0.0,0.0,0.0,0.0,0.0,0.0,0.0,0.0,0.0,1.0,16.0,16.0,0.0,2.0,35.0,14.0,0.0,2.0,14.0,0.0,2.1,False,False,False,True,False
602,127.0,170.18,199.0,4.46,35.0,24.0,122.0,6.74,4.21,4.0,115.0,0.0,0.0,0.0,0.0,0.0,99372.0,595540.0,5114.0,8385.0,74130.0,442.0,107757.0,669670.0,5556.0,0.0,0.0,0.0,0.0,0.0,0.0,0.0,0.0,0.0,0.0,14.0,84.0,5.1,1.0,2.0,15.0,8.0,0.0,15.0,5.7,0.0,4.7,False,False,True,False,False
603,3.0,175.26,215.0,4.62,31.5,21.0,118.0,7.13,4.62,1.0,28.0,0.0,110.0,0.0,0.0,0.0,72375.0,419616.0,5582.0,7254.0,75774.0,454.0,79629.0,495390.0,6036.0,726.0,0.0,1.0,0.0,0.0,0.0,0.0,0.0,0.0,0.0,13.0,73.0,5.6,1.0,2.0,19.0,7.0,0.0,15.0,5.9,6.6,10.2,False,False,True,False,False
604,172.0,175.26,185.0,4.46,37.5,11.0,124.0,7.07,4.25,3.0,83.0,695.0,1126.0,4031.0,230.0,0.0,15839.0,106908.0,602.0,33898.0,397326.0,2342.0,49737.0,504234.0,2944.0,18164.54,1.0,1.0,100.0,0.0,0.0,0.0,0.0,0.0,100.0,3.0,12.0,5.0,0.0,5.0,48.0,9.3,0.0,8.0,7.9,16.599999999999998,3.85,False,False,False,False,True
605,178.0,180.34,199.0,4.46,0.0,16.0,0.0,100.0,100.0,6.0,182.0,0.0,137.0,0.0,0.0,0.0,3722.0,22289.0,58.0,17192.0,229579.0,2485.0,20914.0,251868.0,2543.0,191.79999999999998,0.0,1.0,0.0,0.0,0.0,0.0,0.0,0.0,0.0,1.0,6.0,5.5,0.0,3.0,45.0,12.0,0.0,3.0,9.0,1.4,0.0,False,False,False,False,True
606,3.0,190.5,220.0,4.34,38.5,17.0,135.0,6.66,4.25,1.0,6.0,0.0,0.0,0.0,0.0,0.0,948.0,12633.0,167.0,21430.0,308565.0,1828.0,22378.0,321198.0,1995.0,0.0,0.0,0.0,0.0,0.0,0.0,0.0,0.0,0.0,0.0,1.0,5.0,7.0,0.0,4.0,54.0,13.0,0.0,4.0,13.0,0.0,16.6,False,False,False,False,True
607,41.0,182.88,194.0,4.33,0.0,13.0,0.0,100.0,100.0,4.0,125.0,0.0,0.0,0.0,0.0,0.0,0.0,0.0,0.0,0.0,0.0,0.0,0.0,0.0,0.0,0.0,0.0,0.0,0.0,0.0,0.0,0.0,0.0,0.0,0.0,0.0,0.0,0.0,0.0,0.0,0.0,0.0,0.0,0.0,0.0,0.0,5.1,False,False,True,False,False
608,107.0,195.57999999999998,233.0,4.53,32.5,0.0,115.0,6.85,4.18,2.0,36.0,99843.0,171305.0,1414428.0,11576.0,2948.0,81545.0,566680.0,7821.0,239.0,1434.0,239.0,81784.0,568114.0,8060.0,9732.080000000002,14.0,24.0,57.7,184.0,7.8,8.6,1.0,0.0,150.8,12.0,70.0,6.9,1.0,1.0,6.0,6.0,1.0,12.0,6.9,40.720000000000006,0.6,False,True,False,False,False
609,197.0,190.5,243.0,4.65,34.5,25.0,122.0,6.94,4.15,2.0,47.0,0.0,0.0,0.0,0.0,0.0,1427.0,21201.0,0.0,9175.0,132003.0,936.0,10602.0,153204.0,936.0,0.0,0.0,0.0,0.0,0.0,0.0,0.0,0.0,0.0,0.0,2.0,15.0,7.5,0.0,2.0,26.0,10.5,0.0,2.0,11.7,0.0,2.9000000000000004,False,False,False,True,False
610,160.0,175.26,189.0,4.56,34.5,16.0,120.0,100.0,100.0,5.0,153.0,630.0,1059.0,17358.0,88.0,130.0,8815.0,42231.0,1067.0,15152.0,162490.0,1349.0,23967.0,204721.0,2416.0,3048.72,1.0,1.0,100.0,26.0,26.0,27.0,0.0,0.0,326.8,2.0,6.0,4.0,0.0,3.0,25.0,10.0,0.0,4.0,7.9,8.26,4.4,False,False,False,False,True
611,62.0,182.88,227.0,4.56,38.0,21.0,122.0,6.82,4.4,2.0,57.0,0.0,0.0,0.0,0.0,0.0,49051.0,282502.0,2509.0,4917.0,57773.0,582.0,53968.0,340275.0,3091.0,0.0,0.0,0.0,0.0,0.0,0.0,0.0,0.0,0.0,0.0,11.0,49.0,5.6,0.0,2.0,17.0,10.3,0.0,13.0,6.1,0.0,0.0,False,False,True,False,False
612,135.0,170.18,193.0,4.56,34.5,17.0,112.0,6.9,4.18,5.0,149.0,0.0,0.0,0.0,0.0,0.0,59379.0,309426.0,3137.0,5690.0,44546.0,124.0,65069.0,353972.0,3261.0,0.0,0.0,0.0,0.0,0.0,0.0,0.0,0.0,0.0,0.0,21.0,105.0,5.0,1.0,2.0,13.0,7.0,0.0,22.0,5.3,0.0,4.8,False,False,True,False,False
613,110.0,187.96,231.0,4.51,40.5,27.0,129.0,6.8,4.21,2.0,59.0,0.0,0.0,0.0,0.0,0.0,27271.0,131364.0,1028.0,12938.0,142422.0,844.0,40209.0,273786.0,1872.0,0.0,0.0,0.0,0.0,0.0,0.0,0.0,0.0,0.0,0.0,3.0,29.0,3.9,0.0,3.0,36.0,9.9,0.0,5.0,6.0,0.0,6.0,False,False,False,False,True
614,186.0,187.96,231.0,4.51,35.0,0.0,120.0,6.77,4.12,1.0,8.0,90669.0,170289.0,1104138.0,6736.0,5115.0,73780.0,329206.0,4927.0,241.0,3695.0,0.0,74021.0,332901.0,4927.0,7490.060000000001,14.0,28.0,52.9,183.0,6.4,5.8,1.0,1.0,117.7,12.0,57.0,3.7,1.0,1.0,15.0,15.0,0.0,12.0,3.7,37.260000000000005,10.22,False,True,False,False,False
615,8.0,200.66,253.0,5.37,24.0,0.0,103.0,100.0,100.0,3.0,74.0,65522.0,114597.0,1008535.0,8480.0,2771.0,17416.0,-10924.0,771.0,0.0,0.0,0.0,17416.0,-10924.0,771.0,0.0,14.0,26.0,54.2,233.0,8.2,8.6,1.0,0.0,142.4,4.0,0.0,0.0,0.0,0.0,0.0,0.0,0.0,4.0,0.0,0.0,0.0,False,True,False,False,False
616,157.0,182.88,248.0,4.87,28.5,22.0,102.0,7.1,4.56,4.0,124.0,0.0,0.0,0.0,0.0,0.0,4124.0,8124.0,892.0,3594.0,35102.0,112.0,7718.0,43226.0,1004.0,0.0,0.0,0.0,0.0,0.0,0.0,0.0,0.0,0.0,0.0,2.0,5.0,2.0,0.0,1.0,8.0,7.5,0.0,1.0,5.0,0.0,1.05,True,False,False,False,False
617,3.0,187.96,220.0,4.84,33.0,0.0,107.0,7.11,4.45,7.0,208.0,49674.0,74908.0,632306.0,4664.0,1081.0,12035.0,15513.0,213.0,0.0,0.0,0.0,12035.0,15513.0,213.0,0.0,13.0,18.0,67.7,159.0,8.3,10.3,1.0,0.0,173.1,3.0,5.0,1.7,0.0,0.0,0.0,0.0,0.0,3.0,1.7,0.0,0.0,False,True,False,False,False
618,163.0,182.88,194.0,4.43,36.0,13.0,118.0,6.78,4.15,5.0,148.0,0.0,0.0,0.0,0.0,0.0,1047.0,12609.0,99.0,13794.0,252861.0,2237.0,14841.0,265470.0,2336.0,0.0,0.0,0.0,0.0,0.0,0.0,0.0,0.0,0.0,0.0,1.0,8.0,8.0,0.0,1.0,35.0,14.7,0.0,2.0,14.0,0.0,9.25,False,False,False,False,True
619,125.0,182.88,213.0,4.37,34.5,21.0,124.0,7.28,4.18,3.0,71.0,0.0,0.0,0.0,0.0,0.0,0.0,0.0,0.0,0.0,0.0,0.0,0.0,0.0,0.0,0.0,0.0,0.0,0.0,0.0,0.0,0.0,0.0,0.0,0.0,0.0,0.0,0.0,0.0,0.0,0.0,0.0,0.0,0.0,0.0,0.0,6.8,False,False,True,False,False
620,11.0,195.57999999999998,248.0,4.56,35.0,0.0,126.0,6.92,4.18,1.0,1.0,19660.0,29381.0,293180.0,3013.0,661.0,27770.0,154281.0,2813.0,277.0,5736.0,179.0,28047.0,160017.0,2992.0,8435.16,10.0,14.0,64.3,140.0,7.5,7.9,1.0,0.0,142.2,6.0,33.0,4.0,1.0,1.0,20.0,20.0,1.0,6.0,4.8,33.36,24.14,False,True,False,False,False
621,105.0,185.42,224.0,4.45,34.5,24.0,117.0,6.9,4.14,5.0,155.0,0.0,0.0,0.0,0.0,0.0,974.0,6053.0,123.0,12118.0,180320.0,563.0,13092.0,186373.0,686.0,0.0,0.0,0.0,0.0,0.0,0.0,0.0,0.0,0.0,0.0,1.0,1.0,1.0,0.0,2.0,21.0,11.5,0.0,2.0,11.3,0.0,1.1,False,False,False,False,True
622,17.0,190.5,209.0,4.56,33.5,14.0,120.0,6.68,3.88,3.0,78.0,558.0,699.0,9539.0,275.0,0.0,121.0,-1331.0,0.0,31592.0,377988.0,5362.0,31713.0,376657.0,5362.0,0.0,1.0,1.0,100.0,7.0,7.0,27.0,0.0,0.0,480.4,1.0,-11.0,-11.0,0.0,4.0,49.0,11.5,1.0,4.0,11.5,0.0,5.0,False,False,False,False,True
623,58.0,177.8,199.0,4.42,0.0,19.0,0.0,100.0,100.0,5.0,132.0,0.0,0.0,0.0,0.0,0.0,20389.0,122636.0,1227.0,29660.0,334396.0,2883.0,50049.0,457032.0,4110.0,0.0,0.0,0.0,0.0,0.0,0.0,0.0,0.0,0.0,0.0,7.0,36.0,6.0,0.0,3.0,41.0,9.0,0.0,7.0,8.3,0.0,0.0,False,False,False,False,True
624,47.0,187.96,229.0,4.63,34.0,0.0,116.0,6.85,4.09,1.0,12.0,82490.0,134812.0,945207.0,6088.0,4347.0,40511.0,115168.0,1487.0,0.0,0.0,0.0,40511.0,115168.0,1487.0,0.0,16.0,28.0,60.7,180.0,6.9,6.8,1.0,0.0,128.6,8.0,19.0,2.6,0.0,0.0,0.0,0.0,0.0,8.0,2.6,0.0,10.340000000000002,False,True,False,False,False
625,82.0,177.8,207.0,4.51,0.0,18.0,0.0,100.0,100.0,4.0,126.0,0.0,0.0,0.0,0.0,0.0,57085.0,308758.0,2355.0,6821.0,52140.0,359.0,63906.0,360898.0,2714.0,0.0,0.0,0.0,0.0,0.0,0.0,0.0,0.0,0.0,0.0,10.0,58.0,5.0,0.0,2.0,10.0,6.0,0.0,11.0,5.0,0.0,1.65,False,False,True,False,False
626,76.0,180.34,225.0,4.65,36.0,18.0,118.0,6.78,4.21,3.0,73.0,0.0,0.0,0.0,0.0,0.0,31460.0,159820.0,2080.0,1857.0,9958.0,0.0,33317.0,169778.0,2080.0,0.0,0.0,0.0,0.0,0.0,0.0,0.0,0.0,0.0,0.0,12.0,51.0,4.9,1.0,2.0,7.0,3.5,0.0,12.0,4.9,0.0,4.4,False,False,True,False,False
627,142.0,177.8,184.0,4.35,40.0,17.0,126.0,6.65,4.09,6.0,178.0,0.0,0.0,0.0,0.0,0.0,0.0,0.0,0.0,24347.0,448167.0,4033.0,24347.0,448167.0,4033.0,0.0,0.0,0.0,0.0,0.0,0.0,0.0,0.0,0.0,0.0,0.0,0.0,0.0,0.0,4.0,62.0,16.0,1.0,4.0,16.0,0.0,0.0,False,False,False,False,True
628,131.0,167.64000000000001,196.0,4.59,33.0,0.0,113.0,7.31,4.26,5.0,145.0,408.0,408.0,5175.0,408.0,0.0,107205.0,527251.0,6042.0,19226.0,142496.0,527.0,126431.0,669747.0,6569.0,14851.099999999999,1.0,1.0,100.0,14.0,14.0,34.0,1.0,0.0,547.6,22.0,110.0,4.7,1.0,4.0,25.0,6.1,0.0,25.0,5.2,32.459999999999994,3.2,False,False,True,False,False
629,133.0,182.88,212.0,4.65,34.0,20.0,113.0,7.07,4.18,6.0,177.0,0.0,0.0,0.0,0.0,0.0,92493.0,551733.0,4858.0,7712.0,69648.0,323.0,100205.0,621381.0,5181.0,0.0,0.0,0.0,0.0,0.0,0.0,0.0,0.0,0.0,0.0,13.0,70.0,5.7,1.0,2.0,11.0,7.0,0.0,14.0,6.2,0.0,3.6,False,False,True,False,False
630,121.0,198.12,259.0,4.83,0.0,0.0,0.0,100.0,100.0,2.0,43.0,0.0,0.0,0.0,0.0,0.0,0.0,0.0,0.0,12377.0,140286.0,1157.0,12377.0,140286.0,1157.0,0.0,0.0,0.0,0.0,0.0,0.0,0.0,0.0,0.0,0.0,0.0,0.0,0.0,0.0,3.0,29.0,10.0,0.0,3.0,10.0,0.0,3.0,False,False,False,True,False
631,58.0,185.42,210.0,4.53,37.0,15.0,120.0,6.65,4.1,4.0,112.0,0.0,0.0,0.0,0.0,0.0,0.0,0.0,0.0,37840.0,575052.0,3447.0,37840.0,575052.0,3447.0,0.0,0.0,0.0,0.0,0.0,0.0,0.0,0.0,0.0,0.0,0.0,0.0,0.0,0.0,6.0,90.0,14.0,0.0,6.0,14.0,0.0,5.6,False,False,False,False,True
632,146.0,187.96,204.0,4.41,0.0,14.0,0.0,100.0,100.0,7.0,249.0,0.0,0.0,0.0,0.0,0.0,0.0,0.0,0.0,0.0,0.0,0.0,0.0,0.0,0.0,0.0,0.0,0.0,0.0,0.0,0.0,0.0,0.0,0.0,0.0,0.0,0.0,0.0,0.0,0.0,0.0,0.0,0.0,0.0,0.0,0.0,0.0,False,False,False,False,True
633,84.0,180.34,211.0,4.4,34.0,19.0,117.0,7.15,4.2,7.0,221.0,234.0,381.0,1646.0,234.0,0.0,59986.0,319245.0,1795.0,6393.0,74203.0,537.0,66379.0,393448.0,2332.0,5332.42,1.0,1.0,100.0,4.0,4.0,24.0,1.0,0.0,463.6,11.0,50.0,4.5,0.0,1.0,17.0,9.0,0.0,13.0,5.0,22.5,4.75,False,False,True,False,False
634,35.0,177.8,242.0,4.74,32.5,32.0,111.0,7.23,4.41,5.0,136.0,0.0,0.0,0.0,0.0,0.0,3207.0,11735.0,0.0,7431.0,73250.0,85.0,10638.0,84985.0,85.0,0.0,0.0,0.0,0.0,0.0,0.0,0.0,0.0,0.0,0.0,1.0,5.0,3.0,0.0,2.0,16.0,7.3,0.0,2.0,6.0,0.0,1.1,True,False,False,False,False
635,103.0,182.88,205.0,4.5,34.5,21.0,114.0,6.5,4.07,4.0,114.0,0.0,0.0,0.0,0.0,0.0,0.0,0.0,0.0,0.0,0.0,0.0,0.0,0.0,0.0,0.0,0.0,0.0,0.0,0.0,0.0,0.0,0.0,0.0,0.0,0.0,0.0,0.0,0.0,0.0,0.0,0.0,0.0,0.0,0.0,0.0,0.55,False,False,False,False,True
636,83.0,198.12,266.0,4.94,29.0,25.0,108.0,7.13,4.28,5.0,159.0,0.0,0.0,0.0,0.0,0.0,279.0,865.0,0.0,18450.0,235437.0,1245.0,18729.0,236302.0,1245.0,0.0,0.0,0.0,0.0,0.0,0.0,0.0,0.0,0.0,0.0,1.0,5.0,5.0,0.0,2.0,29.0,10.5,0.0,2.0,10.5,0.0,1.55,False,False,False,True,False
637,84.0,185.42,204.0,4.41,41.0,19.0,126.0,6.72,4.13,2.0,58.0,0.0,0.0,0.0,0.0,0.0,2602.0,9966.0,123.0,18250.0,268611.0,2308.0,20852.0,278577.0,2431.0,0.0,0.0,0.0,0.0,0.0,0.0,0.0,0.0,0.0,0.0,1.0,3.0,2.5,0.0,3.0,58.0,13.2,0.0,4.0,12.8,0.0,9.100000000000001,False,False,False,False,True
638,66.0,193.04,223.0,4.87,32.5,0.0,110.0,6.95,4.43,5.0,135.0,67108.0,113901.0,944306.0,7026.0,4537.0,21856.0,11233.0,287.0,86.0,-86.0,0.0,21942.0,11147.0,287.0,1152.4,13.0,24.0,61.1,191.0,7.5,7.3,1.0,1.0,134.4,5.0,2.0,0.5,0.0,1.0,-1.0,-1.0,0.0,5.0,0.5,13.4,0.0,False,True,False,False,False
639,163.0,195.57999999999998,258.0,4.68,33.0,27.0,115.0,7.03,4.4,4.0,104.0,0.0,0.0,0.0,0.0,0.0,0.0,0.0,0.0,10300.0,115746.0,1007.0,10300.0,115746.0,1007.0,0.0,0.0,0.0,0.0,0.0,0.0,0.0,0.0,0.0,0.0,0.0,0.0,0.0,0.0,2.0,16.0,8.5,0.0,2.0,8.5,0.0,1.9,False,False,False,True,False
640,184.0,185.42,217.0,4.47,37.5,0.0,126.0,6.78,4.09,6.0,180.0,65072.0,114115.0,899055.0,5476.0,2464.0,68912.0,310829.0,3242.0,0.0,0.0,0.0,68912.0,310829.0,3242.0,0.0,10.0,17.0,56.3,125.0,7.0,7.0,1.0,0.0,126.0,10.0,36.0,4.3,0.0,0.0,0.0,0.0,0.0,10.0,4.3,0.0,-1.28,False,True,False,False,False
641,73.0,182.88,230.0,4.62,0.0,21.0,0.0,100.0,100.0,2.0,62.0,1003.0,1546.0,20419.0,214.0,179.0,63696.0,324279.0,3214.0,6452.0,53255.0,0.0,70148.0,377534.0,3214.0,18925.2,1.0,1.0,100.0,8.0,3.0,6.0,0.0,0.0,150.4,22.0,96.0,5.1,1.0,2.0,19.0,7.6,0.0,24.0,5.3,22.12,4.2,False,False,True,False,False
642,136.0,195.57999999999998,246.0,4.64,35.5,16.0,111.0,6.96,4.31,4.0,129.0,0.0,0.0,0.0,0.0,0.0,0.0,0.0,0.0,0.0,0.0,0.0,0.0,0.0,0.0,0.0,0.0,0.0,0.0,0.0,0.0,0.0,0.0,0.0,0.0,0.0,0.0,0.0,0.0,0.0,0.0,0.0,0.0,0.0,0.0,0.0,0.0,False,False,False,True,False
643,35.0,175.26,203.0,4.4,38.0,25.0,126.0,7.24,4.18,6.0,183.0,0.0,105.0,0.0,0.0,0.0,71438.0,363057.0,3737.0,5261.0,41211.0,0.0,76699.0,404268.0,3737.0,441.0,0.0,1.0,0.0,0.0,0.0,0.0,0.0,0.0,0.0,15.0,78.0,4.7,1.0,1.0,9.0,7.0,0.0,16.0,5.1,4.2,0.0,False,False,True,False,False
644,23.0,177.8,210.0,4.49,34.0,31.0,115.0,6.95,4.28,2.0,56.0,0.0,624.0,0.0,0.0,0.0,67831.0,346660.0,3460.0,10265.0,89638.0,665.0,78096.0,436298.0,4125.0,8613.1,0.0,1.0,0.0,0.0,0.0,0.0,0.0,0.0,0.0,12.0,61.0,4.6,0.0,2.0,16.0,8.3,0.0,13.0,5.5,14.5,5.8500000000000005,False,False,True,False,False
645,157.0,185.42,202.0,4.53,38.5,18.0,123.0,6.67,4.09,6.0,167.0,0.0,0.0,0.0,0.0,0.0,0.0,0.0,0.0,18117.0,249104.0,807.0,18117.0,249104.0,807.0,0.0,0.0,0.0,0.0,0.0,0.0,0.0,0.0,0.0,0.0,0.0,0.0,0.0,0.0,3.0,54.0,12.4,0.0,3.0,12.4,0.0,2.35,False,False,False,False,True
646,110.0,177.8,209.0,4.5,32.5,0.0,117.0,7.07,4.31,5.0,133.0,0.0,0.0,0.0,0.0,0.0,37092.0,188674.0,847.0,6130.0,64264.0,124.0,43222.0,252938.0,971.0,0.0,0.0,0.0,0.0,0.0,0.0,0.0,0.0,0.0,0.0,8.0,36.0,5.0,0.0,2.0,18.0,8.0,0.0,9.0,6.0,0.0,0.4,False,False,True,False,False
647,8.0,187.96,245.0,4.59,33.5,20.0,111.0,7.29,4.51,5.0,141.0,0.0,0.0,0.0,0.0,0.0,9157.0,46585.0,399.0,21993.0,268207.0,1224.0,31150.0,314792.0,1623.0,0.0,0.0,0.0,0.0,0.0,0.0,0.0,0.0,0.0,0.0,7.0,32.0,4.4,0.0,4.0,35.0,12.0,0.0,4.0,10.0,0.0,0.0,False,False,False,True,False
648,184.0,175.26,212.0,4.59,40.0,19.0,123.0,6.96,4.18,2.0,38.0,16962.0,29808.0,212306.0,1300.0,1039.0,91946.0,393493.0,4299.0,4205.0,48032.0,316.0,96151.0,441525.0,4615.0,0.0,11.0,21.0,55.6,144.0,6.2,5.3,1.0,0.0,104.7,6.0,21.0,3.5,0.0,1.0,9.0,8.0,0.0,6.0,3.6,0.0,0.0,False,False,True,False,False
649,110.0,190.5,219.0,5.06,29.5,0.0,104.0,6.96,4.12,5.0,152.0,115565.0,185984.0,1364112.0,9024.0,7173.0,32539.0,-50834.0,937.0,0.0,0.0,0.0,32539.0,-50834.0,937.0,0.0,16.0,26.0,62.5,209.0,7.3,6.5,1.0,1.0,134.2,4.0,-9.0,-1.9,0.0,0.0,0.0,0.0,0.0,4.0,-1.9,0.0,3.9800000000000004,False,True,False,False,False
650,17.0,180.34,174.0,4.43,0.0,0.0,123.0,100.0,100.0,2.0,44.0,0.0,0.0,0.0,0.0,0.0,6843.0,53486.0,1225.0,27868.0,428017.0,3406.0,34711.0,481503.0,4631.0,0.0,0.0,0.0,0.0,0.0,0.0,0.0,0.0,0.0,0.0,1.0,8.0,6.0,0.0,5.0,66.0,14.0,0.0,6.0,13.8,0.0,7.0,False,False,False,False,True
651,8.0,180.34,179.0,4.51,36.0,0.0,123.0,7.09,100.0,4.0,104.0,143.0,143.0,858.0,143.0,0.0,2856.0,26092.0,181.0,16711.0,263872.0,2001.0,19567.0,289964.0,2182.0,0.0,1.0,1.0,100.0,6.0,6.0,26.0,1.0,0.0,480.4,1.0,11.0,9.0,0.0,3.0,39.0,12.7,0.0,3.0,12.3,0.0,0.3,False,False,False,False,True
652,30.0,190.5,255.0,4.85,32.0,27.0,110.0,7.12,4.37,3.0,64.0,0.0,0.0,0.0,0.0,0.0,0.0,0.0,0.0,8731.0,101078.0,1166.0,8731.0,101078.0,1166.0,0.0,0.0,0.0,0.0,0.0,0.0,0.0,0.0,0.0,0.0,0.0,0.0,0.0,0.0,2.0,24.0,10.0,0.0,2.0,10.0,0.0,6.0,False,False,False,True,False
653,93.0,172.72,204.0,4.44,35.0,20.0,111.0,7.27,4.31,7.0,250.0,0.0,0.0,0.0,0.0,0.0,44969.0,221084.0,1684.0,1643.0,12485.0,63.0,46612.0,233569.0,1747.0,0.0,0.0,0.0,0.0,0.0,0.0,0.0,0.0,0.0,0.0,11.0,48.0,4.2,0.0,1.0,13.0,6.5,0.0,13.0,4.8,0.0,0.0,False,False,True,False,False
654,98.0,177.8,219.0,4.59,33.0,23.0,115.0,7.03,4.19,5.0,170.0,0.0,0.0,0.0,0.0,0.0,31983.0,188065.0,2762.0,2364.0,22966.0,157.0,34347.0,211031.0,2919.0,0.0,0.0,0.0,0.0,0.0,0.0,0.0,0.0,0.0,0.0,14.0,80.0,4.9,1.0,2.0,13.0,11.0,0.0,14.0,5.8,0.0,6.9,False,False,True,False,False
655,89.0,177.8,172.0,4.31,38.0,14.0,119.0,100.0,100.0,4.0,100.0,142.0,142.0,2414.0,0.0,0.0,2896.0,18363.0,144.0,14392.0,237607.0,1709.0,17288.0,255970.0,1853.0,1843.16,1.0,1.0,100.0,17.0,17.0,17.0,0.0,0.0,242.8,1.0,9.0,5.5,0.0,3.0,46.0,16.0,0.0,3.0,14.7,12.98,5.0,False,False,False,False,True
656,127.0,185.42,207.0,4.46,0.0,14.0,0.0,100.0,100.0,1.0,5.0,0.0,0.0,0.0,0.0,0.0,856.0,8908.0,88.0,22345.0,313921.0,3448.0,23201.0,322829.0,3536.0,0.0,0.0,0.0,0.0,0.0,0.0,0.0,0.0,0.0,0.0,1.0,1.0,1.0,0.0,8.0,99.0,13.1,1.0,8.0,13.0,0.0,8.25,False,False,False,False,True
657,122.0,180.34,192.0,4.43,32.5,11.0,0.0,100.0,100.0,6.0,206.0,0.0,0.0,0.0,0.0,0.0,0.0,0.0,0.0,0.0,0.0,0.0,0.0,0.0,0.0,0.0,0.0,0.0,0.0,0.0,0.0,0.0,0.0,0.0,0.0,0.0,0.0,0.0,0.0,0.0,0.0,0.0,0.0,0.0,0.0,0.0,2.4000000000000004,False,False,False,False,True
658,125.0,177.8,192.0,4.57,0.0,21.0,0.0,100.0,100.0,2.0,54.0,0.0,111.0,0.0,0.0,111.0,1823.0,13380.0,112.0,37087.0,504662.0,5196.0,38910.0,518042.0,5308.0,2408.7,0.0,1.0,0.0,0.0,0.0,-45.0,0.0,1.0,-200.0,1.0,8.0,5.0,0.0,7.0,85.0,12.2,1.0,7.0,12.2,21.7,9.7,False,False,False,False,True
659,52.0,187.96,251.0,4.73,0.0,35.0,0.0,100.0,100.0,4.0,116.0,0.0,0.0,0.0,0.0,0.0,0.0,0.0,0.0,9632.0,143808.0,1030.0,9632.0,143808.0,1030.0,0.0,0.0,0.0,0.0,0.0,0.0,0.0,0.0,0.0,0.0,0.0,0.0,0.0,0.0,2.0,34.0,14.0,0.0,2.0,14.0,0.0,2.4,False,False,False,True,False
660,8.0,190.5,219.0,4.52,36.5,19.0,125.0,100.0,100.0,4.0,134.0,0.0,0.0,0.0,0.0,0.0,0.0,0.0,0.0,16090.0,249326.0,1831.0,16090.0,249326.0,1831.0,0.0,0.0,0.0,0.0,0.0,0.0,0.0,0.0,0.0,0.0,0.0,0.0,0.0,0.0,3.0,45.0,13.3,0.0,3.0,13.3,0.0,0.0,False,False,False,False,True
661,184.0,182.88,201.0,4.42,35.0,12.0,115.0,6.69,4.15,5.0,152.0,0.0,0.0,0.0,0.0,0.0,1345.0,4178.0,0.0,17051.0,268223.0,822.0,18396.0,272401.0,822.0,0.0,0.0,0.0,0.0,0.0,0.0,0.0,0.0,0.0,0.0,1.0,3.0,3.0,0.0,2.0,37.0,13.2,0.0,3.0,13.2,0.0,0.0,False,False,False,False,True
662,162.0,190.5,233.0,4.94,0.0,0.0,109.0,7.07,4.38,7.0,243.0,544.0,1088.0,2856.0,0.0,136.0,952.0,2312.0,0.0,0.0,0.0,0.0,952.0,2312.0,0.0,0.0,4.0,8.0,50.0,21.0,2.6,-3.0,0.0,1.0,47.1,7.0,17.0,2.4,0.0,0.0,0.0,0.0,0.0,7.0,2.4,0.0,0.0,False,True,False,False,False
663,93.0,190.5,214.0,4.84,28.5,0.0,109.0,7.05,4.5,4.0,102.0,75893.0,117667.0,949808.0,6809.0,3719.0,11582.0,-577.0,86.0,105.0,210.0,0.0,11687.0,-367.0,86.0,1396.5,17.0,25.0,67.7,213.0,8.1,8.0,1.0,1.0,142.2,2.0,-5.0,-1.6,0.0,1.0,2.0,2.0,0.0,2.0,-1.6,13.3,7.04,False,True,False,False,False
664,5.0,187.96,224.0,4.66,38.0,17.0,117.0,7.15,4.3,5.0,168.0,0.0,0.0,0.0,0.0,0.0,1648.0,12964.0,0.0,19494.0,269466.0,3048.0,21142.0,282430.0,3048.0,0.0,0.0,0.0,0.0,0.0,0.0,0.0,0.0,0.0,0.0,1.0,7.0,4.5,0.0,4.0,54.0,12.7,1.0,4.0,12.3,0.0,3.7,False,False,False,False,True
665,93.0,185.42,211.0,4.52,31.5,12.0,116.0,7.1,100.0,6.0,183.0,0.0,0.0,0.0,0.0,0.0,926.0,11114.0,0.0,24406.0,339518.0,2490.0,25332.0,350632.0,2490.0,0.0,0.0,0.0,0.0,0.0,0.0,0.0,0.0,0.0,0.0,1.0,18.0,14.5,0.0,4.0,54.0,12.6,0.0,4.0,12.6,0.0,0.0,False,False,False,False,True
666,120.0,187.96,241.0,4.63,35.5,21.0,117.0,6.73,4.03,7.0,233.0,0.0,0.0,0.0,0.0,0.0,0.0,0.0,0.0,15865.0,169248.0,1274.0,15865.0,169248.0,1274.0,0.0,0.0,0.0,0.0,0.0,0.0,0.0,0.0,0.0,0.0,0.0,0.0,0.0,0.0,2.0,26.0,9.3,0.0,2.0,9.3,0.0,0.0,True,False,False,False,False
667,99.0,195.57999999999998,252.0,4.52,36.0,21.0,131.0,7.03,4.32,3.0,78.0,0.0,0.0,0.0,0.0,0.0,202.0,543.0,0.0,13103.0,116709.0,653.0,13305.0,117252.0,653.0,0.0,0.0,0.0,0.0,0.0,0.0,0.0,0.0,0.0,0.0,1.0,7.0,7.0,0.0,4.0,39.0,9.0,0.0,4.0,8.9,0.0,0.0,False,False,False,True,False
668,178.0,195.57999999999998,251.0,4.78,31.5,0.0,109.0,100.0,100.0,4.0,128.0,0.0,0.0,0.0,0.0,0.0,67.0,-335.0,0.0,5144.0,50642.0,527.0,5211.0,50307.0,527.0,0.0,0.0,0.0,0.0,0.0,0.0,0.0,0.0,0.0,0.0,1.0,-5.0,-5.0,0.0,2.0,22.0,7.7,0.0,2.0,7.7,0.0,0.95,False,False,False,True,False
669,197.0,182.88,239.0,4.73,36.5,14.0,120.0,7.14,4.16,5.0,157.0,0.0,0.0,0.0,0.0,0.0,1171.0,5513.0,244.0,2296.0,24977.0,187.0,3467.0,30490.0,431.0,0.0,0.0,0.0,0.0,0.0,0.0,0.0,0.0,0.0,0.0,2.0,11.0,5.5,0.0,1.0,15.0,7.5,0.0,1.0,7.0,0.0,0.0,True,False,False,False,False
670,157.0,198.12,247.0,4.51,0.0,27.0,0.0,100.0,100.0,2.0,34.0,0.0,0.0,0.0,0.0,0.0,0.0,0.0,0.0,10509.0,155559.0,1643.0,10509.0,155559.0,1643.0,0.0,0.0,0.0,0.0,0.0,0.0,0.0,0.0,0.0,0.0,0.0,0.0,0.0,0.0,2.0,21.0,14.0,0.0,2.0,14.0,0.0,2.6500000000000004,False,False,False,True,False
671,121.0,190.5,220.0,4.4,36.5,16.0,122.0,100.0,100.0,1.0,13.0,0.0,0.0,0.0,0.0,0.0,326.0,2514.0,65.0,29392.0,405873.0,4257.0,29718.0,408387.0,4322.0,0.0,0.0,0.0,0.0,0.0,0.0,0.0,0.0,0.0,0.0,1.0,8.0,8.0,0.0,6.0,92.0,13.8,1.0,6.0,13.5,0.0,5.2,False,False,False,False,True
672,5.0,195.57999999999998,243.0,5.14,30.5,0.0,112.0,100.0,100.0,3.0,88.0,86371.0,129040.0,916350.0,6175.0,2970.0,9215.0,-25995.0,447.0,112.0,-1008.0,0.0,9327.0,-27003.0,447.0,1117.76,25.0,40.0,65.2,254.0,7.2,7.6,1.0,1.0,138.0,2.0,-7.0,-3.0,0.0,1.0,-9.0,-9.0,0.0,2.0,-3.0,9.98,13.8,False,True,False,False,False
673,14.0,180.34,239.0,4.61,37.5,0.0,119.0,7.15,4.25,6.0,202.0,0.0,0.0,0.0,0.0,0.0,54310.0,271020.0,3369.0,1071.0,12161.0,71.0,55381.0,283181.0,3440.0,0.0,0.0,0.0,0.0,0.0,0.0,0.0,0.0,0.0,0.0,8.0,28.0,3.6,0.0,1.0,13.0,12.0,0.0,8.0,4.4,0.0,0.0,False,False,True,False,False
674,185.0,180.34,198.0,4.35,33.5,19.0,118.0,6.97,4.23,4.0,96.0,0.0,153.0,0.0,0.0,0.0,5350.0,16943.0,182.0,34652.0,504232.0,4001.0,40002.0,521175.0,4183.0,326.8,0.0,1.0,0.0,0.0,0.0,0.0,0.0,0.0,0.0,1.0,5.0,3.0,0.0,3.0,46.0,13.0,0.0,4.0,12.5,3.8000000000000003,12.0,False,False,False,False,True
675,112.0,180.34,188.0,4.34,33.5,8.0,120.0,6.77,4.18,3.0,69.0,0.0,0.0,0.0,0.0,0.0,625.0,-1170.0,0.0,12848.0,184399.0,1356.0,13473.0,183229.0,1356.0,0.0,0.0,0.0,0.0,0.0,0.0,0.0,0.0,0.0,0.0,1.0,-1.0,-1.0,0.0,2.0,22.0,10.0,0.0,2.0,10.0,0.0,3.4,False,False,False,False,True
676,166.0,177.8,206.0,4.4,32.5,21.0,114.0,7.17,100.0,6.0,182.0,0.0,67.0,0.0,0.0,0.0,67937.0,354414.0,2934.0,11211.0,81549.0,735.0,79148.0,435963.0,3669.0,462.3,0.0,1.0,0.0,0.0,0.0,0.0,0.0,0.0,0.0,11.0,49.0,4.9,0.0,2.0,12.0,7.0,0.0,12.0,5.5,6.9,2.4000000000000004,False,False,True,False,False
677,81.0,198.12,238.0,4.45,34.5,16.0,124.0,7.12,4.47,4.0,110.0,0.0,0.0,0.0,0.0,0.0,61.0,1220.0,0.0,15131.0,227159.0,2305.0,15192.0,228379.0,2305.0,0.0,0.0,0.0,0.0,0.0,0.0,0.0,0.0,0.0,0.0,1.0,20.0,20.0,0.0,3.0,40.0,13.9,0.0,3.0,13.9,0.0,3.8,False,False,False,True,False
678,14.0,187.96,223.0,4.33,39.0,0.0,120.0,100.0,100.0,1.0,2.0,0.0,0.0,0.0,0.0,0.0,0.0,0.0,0.0,0.0,0.0,0.0,0.0,0.0,0.0,0.0,0.0,0.0,0.0,0.0,0.0,0.0,0.0,0.0,0.0,0.0,0.0,0.0,0.0,0.0,0.0,0.0,0.0,0.0,0.0,0.0,0.0,False,True,False,False,False
679,125.0,193.04,252.0,4.43,36.0,24.0,122.0,6.76,4.11,6.0,186.0,0.0,0.0,0.0,0.0,0.0,0.0,0.0,0.0,4754.0,62052.0,1019.0,4754.0,62052.0,1019.0,0.0,0.0,0.0,0.0,0.0,0.0,0.0,0.0,0.0,0.0,0.0,0.0,0.0,0.0,1.0,12.0,8.0,0.0,1.0,8.0,0.0,1.3,False,False,False,True,False
680,118.0,187.96,219.0,4.68,32.5,0.0,112.0,6.78,4.15,7.0,253.0,76226.0,123658.0,998461.0,7233.0,3252.0,58907.0,293390.0,2321.0,0.0,0.0,0.0,58907.0,293390.0,2321.0,0.0,15.0,24.0,60.7,174.0,8.0,8.6,1.0,0.0,155.4,11.0,39.0,4.6,0.0,0.0,0.0,0.0,0.0,11.0,4.6,0.0,0.0,False,True,False,False,False
681,91.0,185.42,225.0,4.48,35.5,21.0,124.0,6.59,3.98,7.0,238.0,0.0,0.0,0.0,0.0,0.0,663.0,2166.0,0.0,9322.0,177509.0,1138.0,9985.0,179675.0,1138.0,0.0,0.0,0.0,0.0,0.0,0.0,0.0,0.0,0.0,0.0,1.0,7.0,7.0,0.0,2.0,41.0,14.9,0.0,2.0,14.3,0.0,0.0,False,False,False,False,True
682,124.0,177.8,213.0,4.57,35.0,22.0,117.0,6.97,4.04,6.0,191.0,0.0,0.0,0.0,0.0,0.0,60995.0,296810.0,3405.0,4353.0,31387.0,111.0,65348.0,328197.0,3516.0,0.0,0.0,0.0,0.0,0.0,0.0,0.0,0.0,0.0,0.0,14.0,66.0,4.6,1.0,1.0,9.0,6.0,0.0,15.0,4.8,0.0,0.8,False,False,True,False,False
683,55.0,193.04,215.0,4.36,39.5,14.0,133.0,6.88,4.48,2.0,43.0,0.0,0.0,0.0,0.0,0.0,1313.0,17976.0,239.0,4371.0,108614.0,735.0,5684.0,126590.0,974.0,0.0,0.0,0.0,0.0,0.0,0.0,0.0,0.0,0.0,0.0,1.0,14.0,14.0,0.0,2.0,40.0,23.5,0.0,2.0,19.0,0.0,1.3,False,False,False,False,True
684,146.0,175.26,200.0,4.42,37.0,17.0,0.0,100.0,100.0,3.0,67.0,0.0,0.0,0.0,0.0,0.0,47881.0,267282.0,3066.0,2378.0,23478.0,146.0,50259.0,290760.0,3212.0,0.0,0.0,0.0,0.0,0.0,0.0,0.0,0.0,0.0,0.0,23.0,117.0,5.2,1.0,2.0,15.0,7.5,0.0,24.0,5.6,0.0,2.9,False,False,True,False,False
685,45.0,175.26,183.0,4.34,0.0,0.0,0.0,100.0,100.0,3.0,92.0,247.0,247.0,5244.0,138.0,0.0,7335.0,47817.0,813.0,26328.0,424829.0,2948.0,33663.0,472646.0,3761.0,741.1999999999999,1.0,1.0,100.0,38.0,38.0,58.0,1.0,0.0,749.2,2.0,7.0,5.0,0.0,4.0,75.0,16.2,0.0,6.0,13.8,6.8,8.2,False,False,False,False,True
686,129.0,172.72,194.0,4.35,35.0,15.0,123.0,6.88,4.12,2.0,61.0,0.0,0.0,0.0,0.0,0.0,79909.0,539967.0,5781.0,4817.0,53261.0,166.0,84726.0,593228.0,5947.0,0.0,0.0,0.0,0.0,0.0,0.0,0.0,0.0,0.0,0.0,22.0,136.0,6.4,1.0,2.0,15.0,7.5,0.0,22.0,6.7,0.0,16.400000000000002,False,False,True,False,False
687,149.0,190.5,216.0,4.48,0.0,0.0,0.0,100.0,100.0,2.0,45.0,0.0,0.0,0.0,0.0,0.0,0.0,0.0,0.0,17840.0,299588.0,2324.0,17840.0,299588.0,2324.0,0.0,0.0,0.0,0.0,0.0,0.0,0.0,0.0,0.0,0.0,0.0,0.0,0.0,0.0,5.0,83.0,16.0,0.0,5.0,16.0,0.0,5.85,False,False,False,False,True
688,62.0,182.88,190.0,4.37,38.5,12.0,124.0,100.0,100.0,1.0,30.0,0.0,0.0,0.0,0.0,0.0,535.0,1262.0,0.0,15561.0,236046.0,2024.0,16096.0,237308.0,2024.0,0.0,0.0,0.0,0.0,0.0,0.0,0.0,0.0,0.0,0.0,1.0,-1.0,-1.0,0.0,3.0,46.0,12.9,0.0,3.0,12.9,0.0,0.0,False,False,False,False,True
689,23.0,187.96,199.0,4.46,33.0,22.0,112.0,6.81,4.11,5.0,166.0,0.0,0.0,0.0,0.0,0.0,946.0,10027.0,93.0,15103.0,223070.0,1408.0,16049.0,233097.0,1501.0,0.0,0.0,0.0,0.0,0.0,0.0,0.0,0.0,0.0,0.0,1.0,8.0,4.5,0.0,4.0,53.0,13.8,0.0,4.0,13.4,0.0,3.0,False,False,False,False,True
690,146.0,193.04,229.0,4.86,29.5,0.0,108.0,7.52,4.45,6.0,185.0,113742.0,206239.0,1476409.0,10344.0,5550.0,12485.0,-41193.0,271.0,0.0,0.0,0.0,12485.0,-41193.0,271.0,0.0,20.0,37.0,56.1,253.0,6.9,6.9,2.0,1.0,119.3,2.0,-9.0,-4.5,0.0,0.0,0.0,0.0,0.0,2.0,-4.5,0.0,0.2599999999999998,False,True,False,False,False
691,157.0,193.04,234.0,4.59,36.0,0.0,124.0,6.8,4.28,1.0,1.0,69502.0,105155.0,925667.0,7381.0,2121.0,17018.0,106316.0,837.0,256.0,3094.0,0.0,17274.0,109410.0,837.0,8908.060000000001,19.0,27.0,70.0,233.0,8.4,9.3,2.0,0.0,153.2,4.0,23.0,4.5,0.0,1.0,13.0,13.0,0.0,4.0,4.8,29.98,15.91,False,True,False,False,False
692,17.0,175.26,223.0,4.46,36.0,28.0,120.0,6.79,4.16,1.0,31.0,0.0,0.0,0.0,0.0,0.0,62436.0,359073.0,4570.0,6343.0,71440.0,412.0,68779.0,430513.0,4982.0,0.0,0.0,0.0,0.0,0.0,0.0,0.0,0.0,0.0,0.0,10.0,57.0,6.0,1.0,2.0,22.0,8.3,0.0,11.0,5.8,0.0,14.1,False,False,True,False,False
693,93.0,180.34,188.0,4.42,39.5,13.0,122.0,6.85,4.13,4.0,121.0,955.0,1097.0,21718.0,227.0,0.0,6911.0,70769.0,357.0,12708.0,173296.0,930.0,19619.0,244065.0,1287.0,6225.96,1.0,1.0,100.0,24.0,24.0,24.0,0.0,0.0,307.0,1.0,10.0,6.0,0.0,2.0,34.0,11.0,0.0,3.0,10.5,5.719999999999999,6.6,False,False,False,False,True
694,107.0,182.88,217.0,4.54,36.0,20.0,0.0,6.88,4.19,7.0,227.0,0.0,0.0,0.0,0.0,0.0,796.0,7377.0,173.0,11793.0,182043.0,1004.0,12589.0,189420.0,1177.0,0.0,0.0,0.0,0.0,0.0,0.0,0.0,0.0,0.0,0.0,1.0,10.0,10.0,0.0,4.0,77.0,13.3,0.0,4.0,13.3,0.0,3.3,False,False,False,False,True
695,66.0,190.5,216.0,4.48,37.0,0.0,122.0,7.15,4.07,6.0,194.0,148.0,935.0,1480.0,0.0,148.0,625.0,4189.0,0.0,15468.0,287765.0,2778.0,16093.0,291954.0,2778.0,0.0,0.0,1.0,0.0,0.0,0.0,0.0,0.0,0.0,0.0,1.0,5.0,5.0,0.0,4.0,73.0,18.6,1.0,4.0,18.3,0.0,0.0,False,False,False,False,True
696,89.0,180.34,212.0,4.34,33.0,0.0,0.0,100.0,100.0,4.0,97.0,0.0,0.0,0.0,0.0,0.0,27081.0,158389.0,1287.0,2374.0,15913.0,68.0,29455.0,174302.0,1355.0,0.0,0.0,0.0,0.0,0.0,0.0,0.0,0.0,0.0,0.0,12.0,67.0,5.9,1.0,2.0,10.0,7.7,0.0,13.0,6.25,0.0,3.0,False,False,True,False,False
697,44.0,177.8,219.0,4.63,35.5,16.0,117.0,7.01,4.19,6.0,173.0,0.0,0.0,0.0,0.0,0.0,78245.0,365812.0,2766.0,3068.0,32868.0,379.0,81313.0,398680.0,3145.0,0.0,0.0,0.0,0.0,0.0,0.0,0.0,0.0,0.0,0.0,19.0,81.0,4.3,0.0,1.0,10.0,8.0,0.0,20.0,4.5,0.0,15.0,False,False,True,False,False
698,7.0,200.66,242.0,4.83,0.0,0.0,0.0,100.0,100.0,2.0,57.0,31925.0,53352.0,388593.0,2536.0,1296.0,11599.0,16830.0,294.0,0.0,0.0,0.0,11599.0,16830.0,294.0,0.0,18.0,27.0,60.0,223.0,6.9,6.3,1.0,0.0,120.5,5.0,4.0,1.0,0.0,0.0,0.0,0.0,0.0,5.0,1.0,0.0,-0.1,False,True,False,False,False
699,129.0,190.5,246.0,4.79,32.0,21.0,110.0,7.18,4.4,7.0,240.0,0.0,0.0,0.0,0.0,0.0,0.0,0.0,0.0,6142.0,91985.0,821.0,6142.0,91985.0,821.0,0.0,0.0,0.0,0.0,0.0,0.0,0.0,0.0,0.0,0.0,0.0,0.0,0.0,0.0,2.0,21.0,13.7,0.0,2.0,13.7,0.0,1.2,False,False,False,True,False
700,28.0,177.8,197.0,4.39,33.0,0.0,116.0,6.95,4.32,2.0,50.0,0.0,0.0,0.0,0.0,0.0,54442.0,326159.0,2521.0,8612.0,70249.0,524.0,63054.0,396408.0,3045.0,0.0,0.0,0.0,0.0,0.0,0.0,0.0,0.0,0.0,0.0,11.0,60.0,5.9,0.0,2.0,14.0,7.0,0.0,12.0,6.1,0.0,2.05,False,False,True,False,False
701,161.0,182.88,218.0,4.45,36.5,17.0,123.0,7.07,4.28,3.0,84.0,0.0,0.0,0.0,0.0,0.0,69635.0,389959.0,5158.0,2340.0,19835.0,97.0,71975.0,409794.0,5255.0,0.0,0.0,0.0,0.0,0.0,0.0,0.0,0.0,0.0,0.0,20.0,106.0,5.1,1.0,1.0,8.0,7.5,0.0,21.0,5.4,0.0,3.2,False,False,True,False,False
702,124.0,187.96,211.0,4.39,36.5,14.0,123.0,7.03,4.15,3.0,68.0,0.0,0.0,0.0,0.0,0.0,0.0,0.0,0.0,0.0,0.0,0.0,0.0,0.0,0.0,0.0,0.0,0.0,0.0,0.0,0.0,0.0,0.0,0.0,0.0,0.0,0.0,0.0,0.0,0.0,0.0,0.0,0.0,0.0,0.0,0.0,1.1,False,False,False,False,True
703,4.0,190.5,220.0,4.5,34.0,15.0,119.0,7.1,4.23,2.0,33.0,0.0,0.0,0.0,0.0,0.0,0.0,0.0,0.0,0.0,0.0,0.0,0.0,0.0,0.0,0.0,0.0,0.0,0.0,0.0,0.0,0.0,0.0,0.0,0.0,0.0,0.0,0.0,0.0,0.0,0.0,0.0,0.0,0.0,0.0,0.0,1.1,False,False,False,False,True
704,43.0,172.72,180.0,4.36,36.5,16.0,120.0,6.5,3.93,5.0,159.0,0.0,0.0,0.0,0.0,0.0,43576.0,282784.0,1707.0,6221.0,71127.0,531.0,49797.0,353911.0,2238.0,0.0,0.0,0.0,0.0,0.0,0.0,0.0,0.0,0.0,0.0,6.0,37.0,5.4,0.0,2.0,23.0,10.0,0.0,8.0,6.5,0.0,7.1,False,False,True,False,False
705,76.0,190.5,210.0,4.55,31.0,15.0,121.0,6.99,4.36,2.0,63.0,0.0,0.0,0.0,0.0,0.0,0.0,0.0,0.0,8430.0,145116.0,1047.0,8430.0,145116.0,1047.0,0.0,0.0,0.0,0.0,0.0,0.0,0.0,0.0,0.0,0.0,0.0,0.0,0.0,0.0,2.0,34.0,15.0,0.0,2.0,15.0,0.0,4.199999999999999,False,False,False,False,True
706,3.0,175.26,228.0,4.48,0.0,0.0,0.0,100.0,100.0,1.0,3.0,0.0,0.0,0.0,0.0,0.0,47212.0,268202.0,2791.0,5862.0,62615.0,561.0,53074.0,330817.0,3352.0,0.0,0.0,0.0,0.0,0.0,0.0,0.0,0.0,0.0,0.0,11.0,63.0,4.7,0.0,2.0,12.0,9.0,0.0,12.0,6.0,0.0,17.2,False,False,True,False,False
707,161.0,185.42,239.0,4.53,36.0,18.0,119.0,6.94,4.28,4.0,111.0,0.0,0.0,0.0,0.0,0.0,96.0,96.0,0.0,6254.0,79345.0,859.0,6350.0,79441.0,859.0,0.0,0.0,0.0,0.0,0.0,0.0,0.0,0.0,0.0,0.0,1.0,1.0,1.0,0.0,2.0,17.0,12.3,0.0,2.0,12.3,0.0,0.0,True,False,False,False,False
708,141.0,185.42,211.0,4.62,36.0,19.0,126.0,6.88,4.22,3.0,83.0,797.0,1994.0,19930.0,383.0,0.0,14172.0,81124.0,1027.0,19075.0,207685.0,1175.0,33247.0,288809.0,2202.0,23435.9,0.0,1.0,0.0,0.0,0.0,0.0,0.0,0.0,0.0,5.0,27.0,3.6,0.0,4.0,48.0,9.7,0.0,9.0,8.5,16.66,9.059999999999999,False,False,False,False,True
709,89.0,195.57999999999998,219.0,4.37,33.0,17.0,125.0,7.08,100.0,6.0,198.0,0.0,0.0,0.0,0.0,0.0,0.0,0.0,0.0,3838.0,75923.0,758.0,3838.0,75923.0,758.0,0.0,0.0,0.0,0.0,0.0,0.0,0.0,0.0,0.0,0.0,0.0,0.0,0.0,0.0,3.0,55.0,18.3,0.0,3.0,18.3,0.0,0.0,False,False,False,False,True
710,166.0,193.04,221.0,4.65,0.0,0.0,0.0,100.0,100.0,1.0,8.0,38540.0,60270.0,438576.0,3248.0,1404.0,9699.0,24649.0,363.0,17272.0,244153.0,1543.0,26971.0,268802.0,1906.0,512.96,21.0,32.0,67.6,225.0,7.4,7.6,2.0,0.0,135.0,5.0,0.0,0.0,0.0,3.0,57.0,13.0,0.0,4.0,11.1,4.58,12.5,False,True,False,False,False
711,197.0,187.96,215.0,4.49,37.5,18.0,0.0,100.0,100.0,4.0,122.0,0.0,0.0,0.0,0.0,0.0,642.0,3658.0,0.0,17816.0,258663.0,1601.0,18458.0,262321.0,1601.0,0.0,0.0,0.0,0.0,0.0,0.0,0.0,0.0,0.0,0.0,1.0,8.0,7.0,0.0,3.0,46.0,13.7,0.0,3.0,13.7,0.0,0.0,False,False,False,False,True
712,181.0,177.8,222.0,4.42,36.0,28.0,122.0,7.16,4.31,4.0,106.0,0.0,0.0,0.0,0.0,0.0,66148.0,372866.0,4510.0,8861.0,112759.0,1383.0,75009.0,485625.0,5893.0,0.0,0.0,0.0,0.0,0.0,0.0,0.0,0.0,0.0,0.0,13.0,61.0,5.1,1.0,2.0,26.0,11.0,0.0,16.0,6.0,0.0,4.2,False,False,True,False,False
713,127.0,190.5,221.0,4.89,0.0,0.0,0.0,100.0,100.0,1.0,22.0,65926.0,96347.0,797082.0,6401.0,2372.0,3502.0,-12534.0,55.0,0.0,0.0,0.0,3502.0,-12534.0,55.0,0.0,24.0,39.0,66.7,298.0,7.6,8.0,2.0,0.0,150.8,1.0,-9.0,-6.5,0.0,0.0,0.0,0.0,0.0,1.0,-6.5,0.0,9.07,False,True,False,False,False
714,191.0,182.88,208.0,4.63,35.0,14.0,119.0,6.84,4.13,7.0,244.0,0.0,55.0,0.0,0.0,0.0,507.0,5655.0,0.0,30811.0,411267.0,2885.0,31318.0,416922.0,2885.0,0.0,0.0,1.0,0.0,0.0,0.0,0.0,0.0,0.0,0.0,2.0,16.0,8.0,0.0,6.0,81.0,11.8,0.0,6.0,11.8,0.0,0.0,False,False,False,False,True
715,184.0,177.8,206.0,4.38,41.0,0.0,132.0,7.09,4.12,1.0,32.0,0.0,0.0,0.0,0.0,0.0,37553.0,219324.0,1536.0,3135.0,30980.0,408.0,40688.0,250304.0,1944.0,0.0,0.0,0.0,0.0,0.0,0.0,0.0,0.0,0.0,0.0,11.0,43.0,5.1,0.0,1.0,12.0,5.5,0.0,12.0,5.1,0.0,10.799999999999999,False,False,True,False,False
716,197.0,180.34,204.0,4.53,34.0,0.0,118.0,6.97,4.09,3.0,75.0,101893.0,173271.0,1345308.0,12527.0,3789.0,54154.0,175694.0,2810.0,390.0,5704.0,67.0,54544.0,181398.0,2877.0,8816.199999999999,18.0,28.0,60.7,220.0,7.4,8.4,2.0,0.0,144.0,9.0,33.0,3.4,0.0,1.0,25.0,15.5,0.0,9.0,3.4,29.08,18.0,False,True,False,False,False
717,8.0,177.8,182.0,4.39,38.0,11.0,120.0,6.93,4.03,4.0,118.0,0.0,0.0,0.0,0.0,0.0,231.0,975.0,0.0,18114.0,320383.0,2511.0,18345.0,321358.0,2511.0,0.0,0.0,0.0,0.0,0.0,0.0,0.0,0.0,0.0,0.0,1.0,1.0,1.0,0.0,3.0,51.0,14.5,0.0,3.0,14.5,0.0,6.15,False,False,False,False,True
718,14.0,177.8,196.0,4.49,38.5,0.0,121.0,6.93,4.18,1.0,20.0,430.0,1580.0,14357.0,263.0,233.0,11192.0,59506.0,271.0,33710.0,440407.0,3104.0,44902.0,499913.0,3375.0,23057.079999999998,0.0,1.0,0.0,0.0,0.0,0.0,0.0,0.0,0.0,2.0,9.0,4.5,0.0,5.0,60.0,11.2,0.0,7.0,8.9,17.8,6.9,False,False,False,False,True
719,50.0,175.26,187.0,4.36,39.0,17.0,123.0,100.0,100.0,4.0,107.0,0.0,0.0,0.0,0.0,0.0,2250.0,12507.0,0.0,10560.0,148501.0,931.0,12810.0,161008.0,931.0,0.0,0.0,0.0,0.0,0.0,0.0,0.0,0.0,0.0,0.0,1.0,4.0,3.0,0.0,3.0,37.0,13.0,0.0,3.0,10.8,0.0,2.4000000000000004,False,False,False,False,True
720,23.0,187.96,206.0,4.58,0.0,0.0,0.0,100.0,100.0,3.0,76.0,206.0,206.0,3809.0,86.0,0.0,2451.0,19574.0,198.0,14614.0,181458.0,1190.0,17065.0,201032.0,1388.0,3151.6199999999994,1.0,1.0,100.0,17.0,17.0,27.0,0.0,0.0,326.8,1.0,8.0,6.0,0.0,6.0,68.0,11.2,0.0,7.0,10.5,17.479999999999997,13.100000000000001,False,False,False,False,True
721,190.0,172.72,174.0,4.34,32.0,14.0,120.0,100.0,4.01,1.0,8.0,0.0,0.0,0.0,0.0,0.0,6656.0,63257.0,405.0,20435.0,244809.0,1765.0,27091.0,308066.0,2170.0,0.0,0.0,0.0,0.0,0.0,0.0,0.0,0.0,0.0,0.0,1.0,12.0,6.4,0.0,4.0,47.0,10.3,0.0,4.0,9.4,0.0,11.85,False,False,False,False,True
722,190.0,177.8,193.0,4.52,34.5,11.0,117.0,6.81,4.09,3.0,92.0,0.0,0.0,0.0,0.0,0.0,67.0,390.0,0.0,13767.0,214811.0,2520.0,13834.0,215201.0,2520.0,0.0,0.0,0.0,0.0,0.0,0.0,0.0,0.0,0.0,0.0,1.0,0.0,0.0,0.0,5.0,75.0,14.8,1.0,5.0,14.6,0.0,4.2,False,False,False,False,True
723,197.0,177.8,214.0,4.66,32.0,15.0,118.0,6.88,4.4,2.0,58.0,186.0,186.0,5483.0,67.0,0.0,68238.0,365381.0,5825.0,4782.0,47538.0,449.0,73020.0,412919.0,6274.0,8240.52,1.0,1.0,100.0,32.0,32.0,32.0,0.0,0.0,368.8,16.0,79.0,4.9,1.0,2.0,15.0,9.5,0.0,18.0,5.0,43.18000000000001,3.2,False,False,True,False,False
724,178.0,187.96,227.0,4.91,0.0,0.0,0.0,100.0,100.0,4.0,98.0,88932.0,140969.0,1097460.0,9075.0,4248.0,12531.0,-11031.0,690.0,0.0,0.0,0.0,12531.0,-11031.0,690.0,0.0,20.0,35.0,63.3,233.0,8.1,6.9,2.0,1.0,137.4,3.0,-3.0,-1.0,0.0,0.0,0.0,0.0,0.0,3.0,-1.0,0.0,-0.6799999999999997,False,True,False,False,False
725,129.0,175.26,196.0,4.52,35.5,20.0,122.0,6.87,4.2,6.0,182.0,0.0,0.0,0.0,0.0,0.0,38425.0,243546.0,2882.0,3674.0,38142.0,459.0,42099.0,281688.0,3341.0,0.0,0.0,0.0,0.0,0.0,0.0,0.0,0.0,0.0,0.0,8.0,40.0,6.0,0.0,1.0,11.0,8.0,0.0,9.0,6.0,0.0,0.8,False,False,True,False,False
726,93.0,185.42,230.0,4.6,31.5,24.0,118.0,6.75,4.24,2.0,48.0,30.0,30.0,870.0,0.0,0.0,44739.0,224022.0,2301.0,5800.0,41139.0,40.0,50539.0,265161.0,2341.0,778.8000000000001,1.0,1.0,100.0,29.0,29.0,29.0,0.0,0.0,343.6,14.0,70.0,4.7,0.0,2.0,13.0,7.3,0.0,15.0,4.7,25.96,14.75,False,False,True,False,False
727,110.0,172.72,202.0,4.53,33.5,19.0,122.0,6.91,4.12,2.0,37.0,0.0,0.0,0.0,0.0,0.0,25620.0,153228.0,1608.0,5205.0,46580.0,326.0,30825.0,199808.0,1934.0,0.0,0.0,0.0,0.0,0.0,0.0,0.0,0.0,0.0,0.0,17.0,102.0,5.9,1.0,4.0,31.5,8.0,0.0,22.0,6.1,0.0,10.6,False,False,True,False,False
728,185.0,185.42,246.0,4.88,35.0,36.0,119.0,7.27,4.42,7.0,215.0,0.0,0.0,0.0,0.0,0.0,4909.0,16246.0,156.0,3838.0,31482.0,598.0,8747.0,47728.0,754.0,0.0,0.0,0.0,0.0,0.0,0.0,0.0,0.0,0.0,0.0,2.0,4.0,2.7,0.0,1.0,9.0,8.0,0.0,3.0,5.0,0.0,1.45,True,False,False,False,False
729,70.0,177.8,193.0,4.59,33.0,14.0,117.0,100.0,4.15,6.0,195.0,0.0,0.0,0.0,0.0,0.0,0.0,0.0,0.0,0.0,0.0,0.0,0.0,0.0,0.0,0.0,0.0,0.0,0.0,0.0,0.0,0.0,0.0,0.0,0.0,0.0,0.0,0.0,0.0,0.0,0.0,0.0,0.0,0.0,0.0,0.0,0.0,False,False,False,False,True
730,160.0,180.34,206.0,4.38,34.0,22.0,131.0,6.68,4.1,4.0,102.0,0.0,0.0,0.0,0.0,0.0,227.0,407.0,42.0,11348.0,183448.0,1618.0,11575.0,183855.0,1660.0,0.0,0.0,0.0,0.0,0.0,0.0,0.0,0.0,0.0,0.0,1.0,3.0,1.5,0.0,4.0,52.0,15.2,0.0,4.0,15.2,0.0,5.5,False,False,False,False,True
731,105.0,177.8,214.0,4.73,39.0,21.0,125.0,6.85,4.09,6.0,190.0,323.0,544.0,3729.0,254.0,0.0,48874.0,254232.0,2303.0,4809.0,39745.0,343.0,53683.0,293977.0,2646.0,6062.76,1.0,1.0,50.0,5.0,2.5,11.0,0.0,0.0,192.4,13.0,69.0,5.1,1.0,1.0,9.0,7.0,0.0,14.0,5.3,16.8,0.0,False,False,True,False,False
732,149.0,190.5,258.0,4.94,31.5,0.0,116.0,7.12,4.45,7.0,254.0,0.0,0.0,0.0,0.0,0.0,0.0,0.0,0.0,3346.0,36277.0,68.0,3346.0,36277.0,68.0,0.0,0.0,0.0,0.0,0.0,0.0,0.0,0.0,0.0,0.0,0.0,0.0,0.0,0.0,1.0,10.0,9.0,0.0,1.0,9.0,0.0,0.9,False,False,False,True,False
733,8.0,180.34,227.0,4.37,33.5,31.0,121.0,6.96,4.38,3.0,96.0,0.0,0.0,0.0,0.0,0.0,29168.0,163388.0,2169.0,2549.0,26217.0,175.0,31717.0,189605.0,2344.0,0.0,0.0,0.0,0.0,0.0,0.0,0.0,0.0,0.0,0.0,6.0,26.0,4.3,0.0,1.0,14.0,7.0,0.0,6.0,5.1,0.0,2.5,False,False,True,False,False
734,83.0,190.5,210.0,4.37,0.0,0.0,0.0,100.0,100.0,2.0,59.0,0.0,0.0,0.0,0.0,0.0,249.0,1625.0,0.0,12735.0,200506.0,2008.0,12984.0,202131.0,2008.0,0.0,0.0,0.0,0.0,0.0,0.0,0.0,0.0,0.0,0.0,1.0,1.0,1.0,0.0,4.0,60.0,15.3,0.0,4.0,15.3,0.0,7.3,False,False,False,False,True
735,90.0,190.5,231.0,4.81,0.0,0.0,0.0,100.0,100.0,7.0,234.0,98511.0,154997.0,1084647.0,5977.0,4848.0,43890.0,59174.0,1233.0,0.0,0.0,0.0,43890.0,59174.0,1233.0,0.0,25.0,37.0,62.5,265.0,6.6,6.3,1.0,1.0,123.9,10.0,6.0,0.8,0.0,0.0,0.0,0.0,0.0,10.0,0.8,0.0,0.0,False,True,False,False,False
736,121.0,195.57999999999998,250.0,4.68,35.5,22.0,119.0,6.92,4.32,1.0,21.0,0.0,0.0,0.0,0.0,0.0,0.0,0.0,0.0,9287.0,119016.0,802.0,9287.0,119016.0,802.0,0.0,0.0,0.0,0.0,0.0,0.0,0.0,0.0,0.0,0.0,0.0,0.0,0.0,0.0,4.0,57.0,12.2,0.0,4.0,12.2,0.0,3.5,False,False,False,True,False
737,30.0,175.26,199.0,4.61,34.0,0.0,122.0,100.0,100.0,6.0,187.0,0.0,68.0,0.0,0.0,0.0,51032.0,291834.0,3002.0,5489.0,39902.0,137.0,56521.0,331736.0,3139.0,1414.4,0.0,1.0,0.0,0.0,0.0,0.0,0.0,0.0,0.0,12.0,54.0,5.1,1.0,2.0,7.0,5.0,0.0,12.0,5.2,20.8,8.7,False,False,True,False,False
738,157.0,195.57999999999998,249.0,4.76,30.5,24.0,111.0,7.08,4.47,2.0,35.0,0.0,0.0,0.0,0.0,0.0,0.0,0.0,0.0,6981.0,84748.0,1048.0,6981.0,84748.0,1048.0,0.0,0.0,0.0,0.0,0.0,0.0,0.0,0.0,0.0,0.0,0.0,0.0,0.0,0.0,3.0,26.0,10.7,0.0,3.0,10.7,0.0,4.3,False,False,False,True,False
739,146.0,198.12,254.0,4.84,32.0,0.0,114.0,7.07,4.31,2.0,47.0,0.0,0.0,0.0,0.0,0.0,72.0,252.0,0.0,8242.0,112275.0,1095.0,8314.0,112527.0,1095.0,0.0,0.0,0.0,0.0,0.0,0.0,0.0,0.0,0.0,0.0,2.0,7.0,3.5,0.0,3.0,36.0,10.5,0.0,3.0,10.5,0.0,2.0,False,False,False,True,False
740,176.0,177.8,205.0,4.49,31.5,18.0,115.0,6.89,4.31,4.0,125.0,0.0,0.0,0.0,0.0,0.0,67931.0,375754.0,2636.0,3928.0,34773.0,152.0,71859.0,410527.0,2788.0,0.0,0.0,0.0,0.0,0.0,0.0,0.0,0.0,0.0,0.0,14.0,60.0,4.6,0.0,2.0,11.0,8.5,0.0,14.0,5.0,0.0,2.05,False,False,True,False,False
741,184.0,187.96,204.0,4.43,31.5,12.0,120.0,100.0,100.0,6.0,171.0,0.0,0.0,0.0,0.0,0.0,38.0,380.0,0.0,3071.0,54152.0,328.0,3109.0,54532.0,328.0,0.0,0.0,0.0,0.0,0.0,0.0,0.0,0.0,0.0,0.0,1.0,10.0,10.0,0.0,1.0,19.0,18.0,0.0,1.0,18.0,0.0,0.0,False,False,False,False,True
742,43.0,180.34,208.0,4.55,30.5,15.0,119.0,7.12,4.4,5.0,164.0,0.0,0.0,0.0,0.0,0.0,24468.0,144617.0,1444.0,1281.0,8089.0,162.0,25749.0,152706.0,1606.0,0.0,0.0,0.0,0.0,0.0,0.0,0.0,0.0,0.0,0.0,6.0,41.0,6.0,0.0,1.0,6.0,5.7,0.0,6.0,6.2,0.0,2.1,False,False,True,False,False
743,112.0,200.66,225.0,4.94,26.5,0.0,102.0,7.49,4.52,3.0,73.0,39627.0,64941.0,449313.0,3799.0,2073.0,6927.0,-18009.0,153.0,0.0,0.0,0.0,6927.0,-18009.0,153.0,0.0,18.0,29.0,58.7,163.0,6.3,5.7,1.0,0.0,121.6,3.0,-8.0,-2.9,0.0,0.0,0.0,0.0,0.0,3.0,-2.9,0.0,13.16,False,True,False,False,False
744,165.0,175.26,183.0,4.27,0.0,13.0,132.0,100.0,100.0,3.0,78.0,0.0,0.0,0.0,0.0,0.0,3590.0,26112.0,117.0,10680.0,114682.0,496.0,14270.0,140794.0,613.0,0.0,0.0,0.0,0.0,0.0,0.0,0.0,0.0,0.0,0.0,1.0,7.0,5.0,0.0,3.0,32.0,8.0,0.0,3.0,8.3,0.0,6.3,False,False,False,False,True
745,8.0,190.5,244.0,4.5,37.5,18.0,125.0,7.08,4.51,7.0,222.0,0.0,0.0,0.0,0.0,0.0,0.0,0.0,0.0,5142.0,76318.0,558.0,5142.0,76318.0,558.0,0.0,0.0,0.0,0.0,0.0,0.0,0.0,0.0,0.0,0.0,0.0,0.0,0.0,0.0,3.0,44.0,15.5,0.0,3.0,15.5,0.0,6.9,False,False,False,True,False
746,8.0,187.96,212.0,4.56,29.5,11.0,107.0,100.0,4.31,6.0,197.0,0.0,0.0,0.0,0.0,0.0,0.0,0.0,0.0,12222.0,207041.0,1312.0,12222.0,207041.0,1312.0,0.0,0.0,0.0,0.0,0.0,0.0,0.0,0.0,0.0,0.0,0.0,0.0,0.0,0.0,3.0,42.0,15.7,0.0,3.0,15.7,0.0,0.0,False,False,False,False,True
747,73.0,185.42,229.0,4.55,35.5,20.0,116.0,6.89,4.39,4.0,123.0,605.0,1359.0,5907.0,148.0,292.0,7902.0,35063.0,486.0,13280.0,177133.0,1566.0,21182.0,212196.0,2052.0,59.279999999999994,0.0,3.0,0.0,0.0,0.0,0.0,0.0,0.0,0.0,1.0,15.0,4.0,0.0,4.0,35.0,12.0,0.0,4.0,10.7,4.56,0.0,False,False,False,False,True
748,30.0,185.42,214.0,4.57,36.0,15.0,115.0,100.0,4.5,1.0,27.0,0.0,0.0,0.0,0.0,0.0,0.0,0.0,0.0,0.0,0.0,0.0,0.0,0.0,0.0,0.0,0.0,0.0,0.0,0.0,0.0,0.0,0.0,0.0,0.0,0.0,0.0,0.0,0.0,0.0,0.0,0.0,0.0,0.0,0.0,0.0,8.7,False,False,False,False,True
749,163.0,193.04,196.0,4.44,39.5,0.0,136.0,100.0,4.33,2.0,34.0,0.0,0.0,0.0,0.0,0.0,0.0,0.0,0.0,6506.0,116072.0,1146.0,6506.0,116072.0,1146.0,0.0,0.0,0.0,0.0,0.0,0.0,0.0,0.0,0.0,0.0,0.0,0.0,0.0,0.0,3.0,46.0,18.3,1.0,3.0,18.3,0.0,2.3,False,False,False,False,True
750,89.0,177.8,223.0,4.53,35.0,28.0,115.0,100.0,4.62,6.0,189.0,0.0,0.0,0.0,0.0,0.0,21643.0,96835.0,1115.0,5417.0,44244.0,377.0,27060.0,141079.0,1492.0,0.0,0.0,0.0,0.0,0.0,0.0,0.0,0.0,0.0,0.0,4.0,24.0,3.9,0.0,1.0,8.0,7.0,0.0,5.0,5.0,0.0,2.4,False,False,True,False,False
751,141.0,170.18,203.0,4.68,29.0,20.0,110.0,100.0,100.0,7.0,228.0,38.0,38.0,608.0,38.0,0.0,29014.0,114885.0,783.0,2033.0,22057.0,87.0,31047.0,136942.0,870.0,666.52,1.0,1.0,100.0,16.0,16.0,36.0,1.0,0.0,564.4,19.0,64.0,3.7,0.0,2.0,19.0,8.0,0.0,21.0,4.0,17.54,0.0,False,False,True,False,False
752,141.0,198.12,255.0,4.97,0.0,3.0,0.0,100.0,100.0,7.0,219.0,0.0,179.0,0.0,0.0,0.0,0.0,0.0,0.0,3120.0,44777.0,139.0,3120.0,44777.0,139.0,0.0,0.0,1.0,0.0,0.0,0.0,0.0,0.0,0.0,0.0,0.0,0.0,0.0,0.0,1.0,24.0,12.0,0.0,1.0,12.0,0.0,0.0,False,False,False,True,False
753,125.0,193.04,225.0,5.11,31.0,0.0,115.0,7.12,4.3,4.0,115.0,118641.0,188667.0,1430337.0,11188.0,4278.0,12855.0,-38831.0,227.0,0.0,0.0,0.0,12855.0,-38831.0,227.0,0.0,26.0,39.0,61.9,294.0,7.5,7.6,2.0,1.0,136.2,3.0,-6.0,-2.0,0.0,0.0,0.0,0.0,0.0,3.0,-2.0,0.0,0.0,False,True,False,False,False
754,32.0,198.12,269.0,4.71,31.5,22.0,113.0,100.0,100.0,6.0,172.0,0.0,0.0,0.0,0.0,0.0,0.0,0.0,0.0,1223.0,18924.0,177.0,1223.0,18924.0,177.0,0.0,0.0,0.0,0.0,0.0,0.0,0.0,0.0,0.0,0.0,0.0,0.0,0.0,0.0,3.0,41.0,13.7,0.0,3.0,13.7,0.0,0.0,False,False,False,True,False
755,28.0,195.57999999999998,255.0,4.63,0.0,0.0,0.0,100.0,100.0,3.0,63.0,69.0,69.0,2691.0,69.0,0.0,965.0,5445.0,248.0,2999.0,44333.0,567.0,3964.0,49778.0,815.0,0.0,1.0,1.0,100.0,39.0,39.0,59.0,1.0,0.0,757.6,2.0,6.0,3.0,0.0,2.0,30.0,13.5,0.0,2.0,10.0,0.0,0.0,False,False,False,True,False
756,52.0,182.88,189.0,4.47,36.5,11.0,123.0,6.91,4.33,5.0,161.0,0.0,0.0,0.0,0.0,0.0,137.0,347.0,0.0,11291.0,217371.0,1411.0,11428.0,217718.0,1411.0,0.0,0.0,0.0,0.0,0.0,0.0,0.0,0.0,0.0,0.0,1.0,3.0,3.0,0.0,2.0,41.0,16.0,0.0,2.0,16.0,0.0,0.0,False,False,False,False,True
757,3.0,180.34,231.0,4.55,0.0,0.0,0.0,100.0,100.0,2.0,61.0,0.0,0.0,0.0,0.0,0.0,21167.0,143826.0,1859.0,2082.0,19564.0,40.0,23249.0,163390.0,1899.0,0.0,0.0,0.0,0.0,0.0,0.0,0.0,0.0,0.0,0.0,9.0,52.0,6.2,1.0,1.0,11.0,6.0,0.0,9.0,5.8,0.0,15.75,False,False,True,False,False
758,149.0,180.34,221.0,4.65,0.0,0.0,0.0,100.0,100.0,4.0,131.0,0.0,0.0,0.0,0.0,0.0,46712.0,229247.0,3131.0,5548.0,61581.0,256.0,52260.0,290828.0,3387.0,0.0,0.0,0.0,0.0,0.0,0.0,0.0,0.0,0.0,0.0,20.0,85.0,4.8,1.0,3.0,24.0,9.7,0.0,23.0,5.2,0.0,0.0,False,False,True,False,False
759,47.0,195.57999999999998,237.0,4.65,34.0,0.0,118.0,7.08,4.21,1.0,16.0,38827.0,57892.0,498458.0,2818.0,2055.0,20490.0,62976.0,687.0,0.0,462.0,0.0,20490.0,63438.0,687.0,0.0,16.0,24.0,68.4,198.0,8.2,7.4,1.0,1.0,144.9,8.0,11.0,4.0,0.0,0.0,11.0,0.0,0.0,8.0,4.0,0.0,0.0,False,True,False,False,False
760,139.0,193.04,267.0,4.69,33.5,31.0,119.0,7.08,4.53,2.0,55.0,0.0,0.0,0.0,0.0,0.0,461.0,3394.0,0.0,8780.0,109764.0,1206.0,9241.0,113158.0,1206.0,0.0,0.0,0.0,0.0,0.0,0.0,0.0,0.0,0.0,0.0,1.0,12.0,7.0,0.0,3.0,35.0,11.8,0.0,3.0,11.8,0.0,1.5,False,False,False,True,False
761,42.0,187.96,217.0,4.54,33.5,9.0,123.0,7.11,4.41,7.0,238.0,0.0,0.0,0.0,0.0,0.0,0.0,0.0,0.0,0.0,0.0,0.0,0.0,0.0,0.0,0.0,0.0,0.0,0.0,0.0,0.0,0.0,0.0,0.0,0.0,0.0,0.0,0.0,0.0,0.0,0.0,0.0,0.0,0.0,0.0,0.0,0.0,False,False,False,False,True
762,166.0,177.8,220.0,4.54,43.0,27.0,125.0,6.69,4.02,2.0,62.0,0.0,0.0,0.0,0.0,0.0,52652.0,278127.0,2940.0,4829.0,33650.0,67.0,57481.0,311777.0,3007.0,0.0,0.0,0.0,0.0,0.0,0.0,0.0,0.0,0.0,0.0,14.0,74.0,5.1,1.0,1.0,9.0,5.0,0.0,15.0,5.5,0.0,3.3,False,False,True,False,False
763,159.0,187.96,227.0,5.06,28.5,0.0,105.0,7.34,4.53,4.0,110.0,59274.0,98863.0,670767.0,5112.0,2329.0,18804.0,9115.0,319.0,86.0,-344.0,0.0,18890.0,8771.0,319.0,278.64,16.0,27.0,61.5,171.0,6.5,6.5,1.0,0.0,128.7,5.0,4.0,1.0,0.0,1.0,-4.0,-4.0,0.0,5.0,1.0,3.2399999999999998,0.0,False,True,False,False,False
764,163.0,187.96,216.0,4.42,37.0,0.0,128.0,100.0,100.0,1.0,29.0,38.0,38.0,1064.0,0.0,0.0,1273.0,19366.0,226.0,2349.0,38581.0,263.0,3622.0,57947.0,489.0,635.3600000000001,1.0,1.0,100.0,28.0,28.0,28.0,0.0,0.0,335.2,2.0,38.0,18.3,0.0,3.0,53.0,15.5,0.0,5.0,17.2,16.720000000000002,13.5,False,False,False,False,True
765,80.0,182.88,204.0,4.53,33.0,8.0,118.0,6.91,4.01,4.0,128.0,0.0,0.0,0.0,0.0,0.0,700.0,2533.0,0.0,10521.0,151791.0,1353.0,11221.0,154324.0,1353.0,0.0,0.0,0.0,0.0,0.0,0.0,0.0,0.0,0.0,0.0,1.0,7.0,3.5,0.0,7.0,97.0,15.5,1.0,7.0,15.5,0.0,0.7,False,False,False,False,True
766,127.0,182.88,204.0,4.63,35.0,0.0,123.0,100.0,100.0,5.0,151.0,36.0,36.0,1296.0,0.0,0.0,36052.0,213265.0,2664.0,8425.0,78531.0,319.0,44477.0,291796.0,2983.0,1535.0399999999997,1.0,1.0,100.0,36.0,36.0,36.0,0.0,0.0,402.4,12.0,72.0,5.3,0.0,3.0,28.0,8.8,0.0,15.0,7.0,42.63999999999999,8.350000000000001,False,False,True,False,False
767,43.0,187.96,236.0,4.72,0.0,16.0,0.0,100.0,100.0,3.0,85.0,2211.0,3957.0,21586.0,261.0,88.0,6805.0,29715.0,439.0,4972.0,56536.0,373.0,11777.0,86251.0,812.0,960.4799999999999,3.0,7.0,57.9,46.0,4.7,5.0,1.0,0.0,117.8,8.0,19.0,5.7,0.0,2.0,22.0,12.0,0.0,3.0,9.5,11.04,9.3,False,False,False,True,False
768,38.0,190.5,219.0,4.76,0.0,0.0,0.0,100.0,100.0,7.0,249.0,70666.0,109751.0,759863.0,3945.0,3243.0,12395.0,-11578.0,849.0,0.0,0.0,0.0,12395.0,-11578.0,849.0,0.0,22.0,33.0,65.1,235.0,7.1,6.4,1.0,1.0,131.7,3.0,-3.0,-1.0,0.0,0.0,0.0,0.0,0.0,3.0,-1.0,0.0,0.0,False,True,False,False,False
769,121.0,177.8,201.0,4.68,32.0,0.0,118.0,100.0,100.0,6.0,199.0,0.0,0.0,0.0,0.0,0.0,14638.0,72218.0,317.0,9838.0,99482.0,635.0,24476.0,171700.0,952.0,0.0,0.0,0.0,0.0,0.0,0.0,0.0,0.0,0.0,0.0,5.0,32.0,4.2,0.0,3.0,25.0,10.1,0.0,7.0,7.7,0.0,1.1,False,False,True,False,False
770,163.0,190.5,242.0,4.81,31.0,17.0,112.0,7.17,4.43,6.0,184.0,0.0,0.0,0.0,0.0,0.0,0.0,0.0,0.0,4860.0,64021.0,281.0,4860.0,64021.0,281.0,0.0,0.0,0.0,0.0,0.0,0.0,0.0,0.0,0.0,0.0,0.0,0.0,0.0,0.0,2.0,18.0,12.7,0.0,2.0,12.7,0.0,4.5,False,False,False,True,False
771,91.0,177.8,199.0,4.43,36.5,0.0,123.0,7.09,4.22,5.0,135.0,34743.0,59713.0,520629.0,4054.0,2938.0,57836.0,370051.0,3866.0,74.0,888.0,0.0,57910.0,370939.0,3866.0,0.0,10.0,17.0,61.1,138.0,7.7,7.0,1.0,0.0,131.6,11.0,63.0,5.8,1.0,2.0,24.0,12.0,0.0,11.0,5.8,0.0,0.7999999999999998,False,False,False,False,True
772,149.0,170.18,173.0,4.58,32.0,7.0,117.0,6.81,4.37,4.0,101.0,128.0,239.0,1008.0,128.0,0.0,870.0,6413.0,0.0,5855.0,73124.0,645.0,6725.0,79537.0,645.0,0.0,1.0,1.0,100.0,3.0,3.0,23.0,1.0,0.0,455.2,1.0,1.0,1.0,0.0,2.0,23.0,11.0,0.0,3.0,10.8,0.0,5.199999999999999,False,False,False,False,True
773,93.0,195.57999999999998,262.0,4.75,35.0,22.0,112.0,7.36,4.52,4.0,106.0,0.0,0.0,0.0,0.0,0.0,113.0,-226.0,0.0,4346.0,50218.0,776.0,4459.0,49992.0,776.0,0.0,0.0,0.0,0.0,0.0,0.0,0.0,0.0,0.0,0.0,1.0,-2.0,-2.0,0.0,2.0,14.0,9.3,0.0,2.0,9.3,0.0,1.1,False,False,False,True,False
774,190.0,187.96,218.0,4.58,33.5,0.0,124.0,100.0,100.0,2.0,39.0,71031.0,105348.0,832302.0,6651.0,1605.0,19964.0,34082.0,202.0,0.0,0.0,0.0,19964.0,34082.0,202.0,0.0,22.0,31.0,66.7,236.0,7.1,8.0,2.0,0.0,147.8,5.0,5.0,1.8,0.0,0.0,0.0,0.0,0.0,5.0,1.8,0.0,10.399999999999999,False,True,False,False,False
775,156.0,193.04,229.0,4.97,29.0,0.0,112.0,7.17,4.55,7.0,221.0,0.0,0.0,0.0,0.0,0.0,0.0,0.0,0.0,0.0,0.0,0.0,0.0,0.0,0.0,0.0,0.0,0.0,0.0,0.0,0.0,0.0,0.0,0.0,0.0,0.0,0.0,0.0,0.0,0.0,0.0,0.0,0.0,0.0,0.0,0.0,0.0,False,True,False,False,False
776,182.0,172.72,216.0,4.55,33.0,27.0,122.0,6.7,4.17,5.0,160.0,173.0,548.0,3913.0,67.0,137.0,42933.0,227598.0,2156.0,3804.0,31788.0,0.0,46737.0,259386.0,2156.0,7500.24,0.0,1.0,0.0,0.0,0.0,0.0,0.0,0.0,0.0,9.0,46.0,4.0,0.0,2.0,10.0,7.0,0.0,10.0,4.1,25.4,14.6,False,False,True,False,False
777,125.0,182.88,194.0,4.38,33.5,16.0,124.0,100.0,4.35,5.0,144.0,0.0,0.0,0.0,0.0,0.0,281.0,1589.0,0.0,14325.0,187392.0,1640.0,14606.0,188981.0,1640.0,0.0,0.0,0.0,0.0,0.0,0.0,0.0,0.0,0.0,0.0,1.0,9.0,9.0,0.0,5.0,72.0,11.4,0.0,5.0,11.4,0.0,3.4,False,False,False,False,True
778,166.0,182.88,205.0,4.34,37.0,16.0,125.0,6.76,4.25,6.0,174.0,0.0,0.0,0.0,0.0,0.0,1662.0,7126.0,0.0,18921.0,236011.0,1639.0,20583.0,243137.0,1639.0,0.0,0.0,0.0,0.0,0.0,0.0,0.0,0.0,0.0,0.0,1.0,9.0,4.0,0.0,4.0,50.0,11.0,0.0,5.0,10.1,0.0,0.0,False,False,False,False,True
779,157.0,175.26,214.0,4.76,30.0,17.0,110.0,7.13,4.5,5.0,140.0,0.0,0.0,0.0,0.0,0.0,63433.0,328123.0,3229.0,7514.0,61814.0,315.0,70947.0,389937.0,3544.0,0.0,0.0,0.0,0.0,0.0,0.0,0.0,0.0,0.0,0.0,15.0,75.0,5.2,0.0,2.0,17.0,7.0,0.0,17.0,5.2,0.0,1.1,False,False,True,False,False
780,47.0,170.18,192.0,4.42,0.0,21.0,0.0,100.0,100.0,5.0,154.0,0.0,0.0,0.0,0.0,0.0,24058.0,144750.0,1409.0,3384.0,29582.0,84.0,27442.0,174332.0,1493.0,0.0,0.0,0.0,0.0,0.0,0.0,0.0,0.0,0.0,0.0,6.0,25.0,5.0,0.0,2.0,19.0,8.3,0.0,6.0,5.3,0.0,0.0,False,False,True,False,False
781,157.0,203.2,260.0,4.86,31.0,17.0,113.0,7.09,4.57,4.0,133.0,0.0,0.0,0.0,0.0,0.0,0.0,0.0,0.0,2863.0,43974.0,565.0,2863.0,43974.0,565.0,0.0,0.0,0.0,0.0,0.0,0.0,0.0,0.0,0.0,0.0,0.0,0.0,0.0,0.0,2.0,27.0,16.7,0.0,2.0,16.7,0.0,1.1,False,False,False,True,False
782,76.0,177.8,228.0,4.62,0.0,0.0,0.0,100.0,100.0,6.0,194.0,91.0,139.0,3549.0,91.0,0.0,18056.0,72628.0,670.0,2253.0,24069.0,105.0,20309.0,96697.0,775.0,249.59999999999997,1.0,1.0,100.0,39.0,39.0,59.0,1.0,0.0,757.6,6.0,22.0,3.8,0.0,1.0,14.0,9.0,0.0,7.0,4.6,5.199999999999999,1.0,False,False,True,False,False
783,131.0,180.34,189.0,4.45,37.0,20.0,120.0,6.8,4.02,3.0,79.0,0.0,0.0,0.0,0.0,0.0,7189.0,53138.0,407.0,17287.0,221459.0,989.0,24476.0,274597.0,1396.0,0.0,0.0,0.0,0.0,0.0,0.0,0.0,0.0,0.0,0.0,2.0,8.0,5.0,0.0,5.0,50.0,12.0,0.0,7.0,10.0,0.0,0.0,False,False,False,False,True
784,181.0,172.72,195.0,4.48,35.0,17.0,118.0,7.15,4.15,7.0,230.0,0.0,99.0,0.0,0.0,0.0,26766.0,160477.0,1247.0,4426.0,59651.0,250.0,31192.0,220128.0,1497.0,0.0,0.0,1.0,0.0,0.0,0.0,0.0,0.0,0.0,0.0,7.0,51.0,5.6,0.0,2.0,21.0,12.5,0.0,8.0,6.7,0.0,0.0,False,False,True,False,False
785,14.0,187.96,208.0,4.52,32.5,11.0,119.0,7.01,4.32,3.0,74.0,0.0,0.0,0.0,0.0,0.0,553.0,2669.0,27.0,21195.0,316550.0,2822.0,21748.0,319219.0,2849.0,0.0,0.0,0.0,0.0,0.0,0.0,0.0,0.0,0.0,0.0,1.0,6.0,5.9,0.0,3.0,31.0,12.2,0.0,3.0,12.0,0.0,8.6,False,False,False,False,True
786,73.0,190.5,251.0,4.81,0.0,22.0,0.0,100.0,100.0,6.0,204.0,0.0,0.0,0.0,0.0,0.0,1594.0,3207.0,184.0,1565.0,12786.0,0.0,3159.0,15993.0,184.0,0.0,0.0,0.0,0.0,0.0,0.0,0.0,0.0,0.0,0.0,2.0,3.0,2.0,0.0,1.0,7.0,5.0,0.0,2.0,4.5,0.0,0.0,True,False,False,False,False
787,188.0,190.5,194.0,4.51,34.5,7.0,122.0,6.65,4.33,7.0,236.0,0.0,0.0,0.0,0.0,0.0,192.0,663.0,0.0,14907.0,261603.0,1694.0,15099.0,262266.0,1694.0,0.0,0.0,0.0,0.0,0.0,0.0,0.0,0.0,0.0,0.0,1.0,11.0,11.0,0.0,5.0,91.0,17.8,1.0,5.0,17.8,0.0,0.4,False,False,False,False,True
788,8.0,187.96,215.0,4.95,28.5,0.0,112.0,7.22,4.39,4.0,112.0,40000.0,65444.0,528429.0,3547.0,1965.0,6878.0,-7336.0,273.0,332.0,3565.0,12.0,7210.0,-3771.0,285.0,0.0,14.0,24.0,60.0,207.0,7.3,7.2,1.0,1.0,134.4,3.0,-5.0,-1.3,0.0,1.0,14.0,9.0,0.0,3.0,-0.6,0.0,0.0,False,True,False,False,False
789,178.0,182.88,201.0,4.51,33.5,14.0,117.0,7.15,4.47,2.0,41.0,0.0,0.0,0.0,0.0,0.0,1057.0,9247.0,0.0,18439.0,221017.0,2278.0,19496.0,230264.0,2278.0,0.0,0.0,0.0,0.0,0.0,0.0,0.0,0.0,0.0,0.0,1.0,5.0,5.0,0.0,7.0,64.0,10.3,0.0,7.0,10.3,0.0,7.3500000000000005,False,False,False,False,True
790,197.0,185.42,195.0,4.5,30.5,4.0,117.0,6.8,4.08,5.0,176.0,69.0,69.0,1863.0,0.0,0.0,1733.0,13359.0,24.0,10195.0,168157.0,1482.0,11928.0,181516.0,1506.0,0.0,1.0,1.0,100.0,27.0,27.0,27.0,0.0,0.0,326.8,1.0,8.0,8.0,0.0,3.0,58.0,14.5,0.0,4.0,13.8,0.0,0.0,False,False,False,False,True
791,50.0,185.42,212.0,4.56,39.5,14.0,123.0,6.82,4.3,2.0,53.0,0.0,0.0,0.0,0.0,0.0,0.0,0.0,0.0,7527.0,96472.0,1130.0,7527.0,96472.0,1130.0,0.0,0.0,0.0,0.0,0.0,0.0,0.0,0.0,0.0,0.0,0.0,0.0,0.0,0.0,8.0,102.0,11.6,1.0,8.0,11.6,0.0,5.1,False,False,False,False,True
792,167.0,195.57999999999998,265.0,4.74,33.0,28.0,118.0,7.42,4.3,2.0,49.0,0.0,0.0,0.0,0.0,0.0,0.0,0.0,0.0,4185.0,54231.0,456.0,4185.0,54231.0,456.0,0.0,0.0,0.0,0.0,0.0,0.0,0.0,0.0,0.0,0.0,0.0,0.0,0.0,0.0,3.0,48.0,11.6,0.0,3.0,11.6,0.0,2.95,False,False,False,True,False
793,74.0,172.72,173.0,4.26,38.0,20.0,122.0,6.86,4.06,3.0,97.0,42.0,42.0,1008.0,42.0,0.0,20941.0,122809.0,1135.0,6148.0,69564.0,784.0,27089.0,192373.0,1919.0,1686.7200000000003,1.0,1.0,100.0,24.0,24.0,44.0,1.0,0.0,631.6,6.0,22.0,3.8,0.0,2.0,16.0,8.0,0.0,8.0,5.3,40.160000000000004,0.6,False,False,False,False,True
794,47.0,195.57999999999998,240.0,4.61,32.5,13.0,119.0,7.33,4.39,1.0,28.0,0.0,0.0,0.0,0.0,0.0,137.0,2281.0,0.0,2419.0,42030.0,390.0,2556.0,44311.0,390.0,0.0,0.0,0.0,0.0,0.0,0.0,0.0,0.0,0.0,0.0,1.0,17.0,17.0,0.0,3.0,48.0,16.7,0.0,3.0,16.7,0.0,12.5,False,False,False,False,True
795,85.0,193.04,256.0,4.82,0.0,0.0,0.0,100.0,100.0,7.0,230.0,0.0,0.0,0.0,0.0,0.0,12.0,36.0,0.0,2549.0,28725.0,119.0,2561.0,28761.0,119.0,0.0,0.0,0.0,0.0,0.0,0.0,0.0,0.0,0.0,0.0,1.0,3.0,3.0,0.0,4.0,44.0,10.0,0.0,4.0,10.0,0.0,0.0,False,False,False,True,False
796,76.0,187.96,223.0,4.63,32.0,13.0,121.0,7.15,4.5,6.0,181.0,0.0,0.0,0.0,0.0,0.0,13174.0,82865.0,808.0,783.0,3097.0,0.0,13957.0,85962.0,808.0,0.0,0.0,0.0,0.0,0.0,0.0,0.0,0.0,0.0,0.0,5.0,36.0,4.7,0.0,1.0,2.0,2.0,0.0,6.0,5.0,0.0,3.5,False,False,True,False,False
797,25.0,195.57999999999998,232.0,4.93,32.5,0.0,115.0,7.08,4.21,1.0,3.0,22014.0,33643.0,277598.0,2175.0,691.0,6853.0,14581.0,469.0,42.0,-126.0,0.0,6895.0,14455.0,469.0,923.16,14.0,23.0,67.5,194.0,8.4,8.7,2.0,0.0,152.3,6.0,2.0,1.0,0.0,1.0,-3.0,-3.0,0.0,6.0,1.0,21.98,9.42,False,True,False,False,False
798,30.0,185.42,222.0,4.84,30.5,0.0,106.0,7.33,4.23,6.0,213.0,42758.0,68421.0,558266.0,4977.0,1776.0,23977.0,51226.0,1160.0,0.0,0.0,0.0,23977.0,51226.0,1160.0,0.0,20.0,29.0,62.8,240.0,8.0,8.5,2.0,1.0,157.6,10.0,25.0,2.5,0.0,0.0,0.0,0.0,0.0,10.0,2.5,0.0,0.0,False,True,False,False,False
799,82.0,187.96,214.0,100.0,30.0,0.0,113.0,7.17,4.2,1.0,32.0,32105.0,46910.0,392465.0,2770.0,1359.0,11150.0,7730.0,369.0,0.0,0.0,0.0,11150.0,7730.0,369.0,0.0,19.0,28.0,69.0,221.0,7.9,8.1,1.0,1.0,143.9,6.0,2.0,0.3,0.0,0.0,0.0,0.0,0.0,6.0,0.3,0.0,15.719999999999999,False,True,False,False,False
800,134.0,177.8,179.0,4.34,36.5,0.0,119.0,6.91,4.12,3.0,91.0,0.0,0.0,0.0,0.0,0.0,0.0,0.0,0.0,0.0,0.0,0.0,0.0,0.0,0.0,0.0,0.0,0.0,0.0,0.0,0.0,0.0,0.0,0.0,0.0,0.0,0.0,0.0,0.0,0.0,0.0,0.0,0.0,0.0,0.0,0.0,5.0,False,False,False,False,True
801,30.0,193.04,211.0,4.42,39.0,16.0,124.0,7.18,4.15,4.0,118.0,0.0,0.0,0.0,0.0,0.0,48.0,816.0,0.0,1674.0,40718.0,394.0,1722.0,41534.0,394.0,0.0,0.0,0.0,0.0,0.0,0.0,0.0,0.0,0.0,0.0,1.0,17.0,17.0,0.0,1.0,42.0,27.0,0.0,1.0,27.0,0.0,11.0,False,False,False,False,True
802,185.0,175.26,192.0,4.46,39.0,20.0,122.0,6.77,4.01,7.0,218.0,352.0,417.0,11939.0,196.0,65.0,3660.0,17415.0,143.0,11421.0,123596.0,570.0,15081.0,141011.0,713.0,0.0,1.0,1.0,100.0,36.0,36.0,36.0,0.0,0.0,402.4,2.0,10.0,5.5,0.0,5.0,46.0,11.0,0.0,5.0,10.2,0.0,7.2,False,False,False,False,True
803,5.0,175.26,207.0,4.69,32.5,19.0,115.0,7.08,4.38,4.0,117.0,0.0,0.0,0.0,0.0,0.0,26938.0,152466.0,1893.0,3373.0,36016.0,261.0,30311.0,188482.0,2154.0,0.0,0.0,0.0,0.0,0.0,0.0,0.0,0.0,0.0,0.0,13.0,71.0,4.8,1.0,2.0,17.0,8.0,0.0,17.0,5.6,0.0,1.15,False,False,True,False,False
804,50.0,187.96,214.0,4.69,34.5,0.0,110.0,100.0,4.2,2.0,36.0,49280.0,74498.0,598949.0,4796.0,1249.0,8755.0,8883.0,328.0,139.0,-139.0,0.0,8894.0,8744.0,328.0,2841.1600000000003,20.0,35.0,66.7,276.0,8.5,9.0,2.0,0.0,146.5,5.0,2.0,1.5,0.0,1.0,-1.0,-1.0,0.0,5.0,1.5,20.44,13.739999999999998,False,True,False,False,False
805,131.0,177.8,189.0,4.33,36.0,16.0,120.0,6.76,3.81,1.0,20.0,0.0,68.0,0.0,0.0,0.0,2065.0,10351.0,35.0,8038.0,119340.0,768.0,10103.0,129691.0,803.0,0.0,0.0,1.0,0.0,0.0,0.0,0.0,0.0,0.0,0.0,2.0,8.0,5.0,0.0,3.0,56.0,12.0,0.0,5.0,10.5,0.0,8.4,False,False,False,False,True
806,110.0,193.04,250.0,4.6,32.0,24.0,120.0,100.0,100.0,1.0,10.0,0.0,0.0,0.0,0.0,0.0,32.0,112.0,0.0,3850.0,64564.0,306.0,3882.0,64676.0,306.0,0.0,0.0,0.0,0.0,0.0,0.0,0.0,0.0,0.0,0.0,2.0,7.0,3.5,0.0,3.0,47.0,18.0,0.0,3.0,18.0,0.0,3.3,False,False,False,True,False
807,149.0,175.26,197.0,4.45,39.5,15.0,120.0,6.69,3.95,4.0,106.0,197.0,264.0,1797.0,0.0,0.0,1467.0,8572.0,68.0,3799.0,54725.0,398.0,5266.0,63297.0,466.0,580.22,2.0,3.0,66.7,24.0,8.0,8.0,0.0,0.0,133.9,1.0,4.0,3.0,0.0,3.0,32.0,14.5,0.0,4.0,13.9,8.66,11.0,False,False,False,False,True
808,105.0,187.96,225.0,4.41,0.0,19.0,0.0,100.0,100.0,6.0,209.0,0.0,0.0,0.0,0.0,0.0,35.0,83.0,0.0,4786.0,60883.0,448.0,4821.0,60966.0,448.0,0.0,0.0,0.0,0.0,0.0,0.0,0.0,0.0,0.0,0.0,1.0,1.0,1.0,0.0,2.0,30.0,11.7,0.0,2.0,11.7,0.0,0.0,False,False,False,False,True
809,166.0,195.57999999999998,231.0,4.53,37.0,12.0,0.0,7.08,4.26,1.0,7.0,0.0,0.0,0.0,0.0,0.0,0.0,0.0,0.0,7954.0,112542.0,697.0,7954.0,112542.0,697.0,0.0,0.0,0.0,0.0,0.0,0.0,0.0,0.0,0.0,0.0,0.0,0.0,0.0,0.0,1.0,22.0,13.0,0.0,1.0,13.0,0.0,12.85,False,False,False,False,True
810,176.0,185.42,213.0,4.51,34.5,13.0,122.0,7.07,4.21,4.0,115.0,0.0,0.0,0.0,0.0,0.0,147.0,441.0,0.0,6476.0,86656.0,412.0,6623.0,87097.0,412.0,0.0,0.0,0.0,0.0,0.0,0.0,0.0,0.0,0.0,0.0,1.0,3.0,3.0,0.0,3.0,32.0,12.0,0.0,3.0,12.0,0.0,0.0,False,False,False,False,True
811,147.0,187.96,212.0,4.99,28.0,0.0,103.0,7.55,4.5,6.0,183.0,21893.0,31442.0,274825.0,2012.0,720.0,3289.0,-7081.0,35.0,0.0,0.0,0.0,3289.0,-7081.0,35.0,0.0,25.0,35.0,68.6,279.0,8.7,9.3,3.0,1.0,162.65,4.0,-9.0,-1.9,0.0,0.0,0.0,0.0,0.0,4.0,-1.9,0.0,0.0,False,True,False,False,False
812,66.0,195.57999999999998,265.0,4.76,31.5,25.0,116.0,7.1,4.26,3.0,65.0,0.0,0.0,0.0,0.0,0.0,0.0,0.0,0.0,3614.0,36820.0,349.0,3614.0,36820.0,349.0,0.0,0.0,0.0,0.0,0.0,0.0,0.0,0.0,0.0,0.0,0.0,0.0,0.0,0.0,3.0,23.0,9.0,0.0,3.0,9.0,0.0,0.7,False,False,False,True,False
813,47.0,172.72,206.0,4.58,31.5,0.0,118.0,7.11,4.26,4.0,103.0,0.0,0.0,0.0,0.0,0.0,15827.0,86495.0,1107.0,1711.0,14656.0,29.0,17538.0,101151.0,1136.0,0.0,0.0,0.0,0.0,0.0,0.0,0.0,0.0,0.0,0.0,10.0,59.0,5.2,1.0,1.0,11.0,7.0,0.0,10.0,5.4,0.0,3.5,False,False,True,False,False
814,157.0,180.34,220.0,4.49,36.5,0.0,116.0,6.78,4.18,6.0,204.0,0.0,0.0,0.0,0.0,0.0,19570.0,96808.0,1450.0,1611.0,17081.0,260.0,21181.0,113889.0,1710.0,0.0,0.0,0.0,0.0,0.0,0.0,0.0,0.0,0.0,0.0,6.0,23.0,4.0,0.0,1.0,11.0,7.0,0.0,6.0,5.0,0.0,0.0,False,False,True,False,False
815,91.0,170.18,185.0,4.49,0.0,15.0,0.0,100.0,100.0,7.0,244.0,0.0,19.0,0.0,0.0,0.0,637.0,4242.0,0.0,6132.0,97599.0,580.0,6769.0,101841.0,580.0,0.0,0.0,1.0,0.0,0.0,0.0,0.0,0.0,0.0,0.0,1.0,11.0,8.0,0.0,3.0,43.0,12.3,0.0,4.0,12.0,0.0,0.0,False,False,False,False,True
816,40.0,187.96,226.0,4.97,30.5,0.0,110.0,7.04,4.26,2.0,62.0,0.0,0.0,0.0,0.0,0.0,0.0,0.0,0.0,0.0,0.0,0.0,0.0,0.0,0.0,0.0,0.0,0.0,0.0,0.0,0.0,0.0,0.0,0.0,0.0,0.0,0.0,0.0,0.0,0.0,0.0,0.0,0.0,0.0,0.0,0.0,-0.21000000000000002,False,True,False,False,False
817,34.0,198.12,260.0,4.89,33.5,0.0,120.0,7.42,4.44,3.0,99.0,67.0,67.0,1809.0,67.0,0.0,0.0,0.0,0.0,5333.0,58786.0,453.0,5333.0,58786.0,453.0,0.0,1.0,1.0,100.0,27.0,27.0,47.0,1.0,0.0,656.8,0.0,0.0,0.0,0.0,4.0,39.0,10.3,0.0,4.0,10.3,0.0,2.2,False,False,False,True,False
818,173.0,182.88,199.0,4.64,35.5,8.0,119.0,6.68,4.11,5.0,142.0,0.0,95.0,0.0,0.0,6.0,12489.0,46447.0,431.0,10212.0,135806.0,996.0,22701.0,182253.0,1427.0,0.0,0.0,1.0,0.0,0.0,0.0,0.0,0.0,0.0,0.0,10.0,27.0,3.7,0.0,2.0,21.0,10.15,0.0,5.0,8.3,0.0,0.9,False,False,False,False,True
819,7.0,182.88,208.0,4.67,0.0,0.0,0.0,100.0,100.0,6.0,201.0,0.0,0.0,0.0,0.0,0.0,8780.0,51548.0,865.0,2726.0,26685.0,448.0,11506.0,78233.0,1313.0,0.0,0.0,0.0,0.0,0.0,0.0,0.0,0.0,0.0,0.0,10.0,48.0,4.7,0.0,4.0,30.0,9.5,0.0,14.0,6.9,0.0,3.45,False,False,True,False,False
820,31.0,185.42,198.0,4.5,36.5,15.0,118.0,7.08,4.2,6.0,190.0,0.0,0.0,0.0,0.0,0.0,0.0,0.0,0.0,0.0,0.0,0.0,0.0,0.0,0.0,0.0,0.0,0.0,0.0,0.0,0.0,0.0,0.0,0.0,0.0,0.0,0.0,0.0,0.0,0.0,0.0,0.0,0.0,0.0,0.0,0.0,0.0,False,False,False,False,True
821,198.0,175.26,193.0,4.48,35.5,18.0,125.0,6.84,4.27,6.0,185.0,0.0,0.0,0.0,0.0,0.0,5323.0,27204.0,0.0,6440.0,86055.0,814.0,11763.0,113259.0,814.0,0.0,0.0,0.0,0.0,0.0,0.0,0.0,0.0,0.0,0.0,2.0,8.0,3.0,0.0,3.0,29.0,8.6,0.0,5.0,7.3,0.0,2.3,False,False,False,False,True
822,76.0,185.42,233.0,4.56,29.0,20.0,113.0,100.0,100.0,2.0,55.0,0.0,0.0,0.0,0.0,0.0,8716.0,51124.0,734.0,2133.0,26673.0,229.0,10849.0,77797.0,963.0,0.0,0.0,0.0,0.0,0.0,0.0,0.0,0.0,0.0,0.0,15.0,77.0,4.3,1.0,1.0,21.0,12.7,0.0,3.0,7.6,0.0,10.7,False,False,True,False,False
823,129.0,180.34,206.0,4.51,35.5,14.0,116.0,100.0,100.0,3.0,86.0,0.0,0.0,0.0,0.0,0.0,1354.0,21971.0,182.0,7038.0,113240.0,1047.0,8392.0,135211.0,1229.0,0.0,0.0,0.0,0.0,0.0,0.0,0.0,0.0,0.0,0.0,2.0,21.0,14.0,0.0,2.0,49.0,12.8,0.0,3.0,12.8,0.0,1.0,False,False,False,False,True
824,124.0,182.88,230.0,4.62,34.5,19.0,114.0,100.0,100.0,2.0,57.0,0.0,0.0,0.0,0.0,0.0,22120.0,126593.0,1390.0,1524.0,10267.0,75.0,23644.0,136860.0,1465.0,0.0,0.0,0.0,0.0,0.0,0.0,0.0,0.0,0.0,0.0,7.0,41.0,5.3,0.0,1.0,11.0,7.0,0.0,8.0,5.3,0.0,4.3,False,False,True,False,False
825,143.0,190.5,219.0,4.42,37.5,20.0,123.0,6.64,3.98,7.0,236.0,0.0,0.0,0.0,0.0,0.0,0.0,0.0,0.0,0.0,0.0,0.0,0.0,0.0,0.0,0.0,0.0,0.0,0.0,0.0,0.0,0.0,0.0,0.0,0.0,0.0,0.0,0.0,0.0,0.0,0.0,0.0,0.0,0.0,0.0,0.0,0.0,False,False,False,False,True
826,25.0,182.88,209.0,4.6,35.5,16.0,118.0,100.0,100.0,7.0,222.0,0.0,0.0,0.0,0.0,0.0,10792.0,58008.0,632.0,1255.0,5381.0,55.0,12047.0,63389.0,687.0,0.0,0.0,0.0,0.0,0.0,0.0,0.0,0.0,0.0,0.0,10.0,50.0,5.0,0.0,1.0,3.0,3.0,0.0,12.0,4.7,0.0,2.7,False,False,True,False,False
827,121.0,182.88,188.0,4.46,33.0,0.0,119.0,6.82,4.27,6.0,189.0,0.0,0.0,0.0,0.0,0.0,134.0,1142.0,18.0,9130.0,112759.0,915.0,9264.0,113901.0,933.0,0.0,0.0,0.0,0.0,0.0,0.0,0.0,0.0,0.0,0.0,1.0,8.0,8.0,0.0,3.0,31.0,12.0,0.0,3.0,12.0,0.0,0.0,False,False,False,False,True
828,76.0,180.34,198.0,4.38,38.5,7.0,122.0,6.69,3.94,1.0,12.0,0.0,0.0,0.0,0.0,0.0,0.0,0.0,0.0,0.0,0.0,0.0,0.0,0.0,0.0,0.0,0.0,0.0,0.0,0.0,0.0,0.0,0.0,0.0,0.0,0.0,0.0,0.0,0.0,0.0,0.0,0.0,0.0,0.0,0.0,0.0,0.0,False,False,False,False,True
829,76.0,180.34,205.0,4.65,28.5,12.0,110.0,100.0,100.0,2.0,63.0,0.0,0.0,0.0,0.0,0.0,0.0,0.0,0.0,4628.0,54997.0,409.0,4628.0,54997.0,409.0,0.0,0.0,0.0,0.0,0.0,0.0,0.0,0.0,0.0,0.0,0.0,0.0,0.0,0.0,4.0,55.0,10.3,0.0,4.0,10.3,0.0,15.8,False,False,False,False,True
830,64.0,187.96,215.0,4.52,0.0,23.0,0.0,100.0,100.0,2.0,56.0,0.0,0.0,0.0,0.0,0.0,0.0,0.0,0.0,3935.0,61698.0,412.0,3935.0,61698.0,412.0,0.0,0.0,0.0,0.0,0.0,0.0,0.0,0.0,0.0,0.0,0.0,0.0,0.0,0.0,5.0,67.0,15.5,0.0,5.0,15.5,0.0,1.4,False,False,False,False,True
831,178.0,182.88,192.0,4.52,38.0,0.0,127.0,100.0,4.01,2.0,39.0,0.0,0.0,0.0,0.0,0.0,982.0,6518.0,0.0,12053.0,183640.0,1504.0,13035.0,190158.0,1504.0,0.0,0.0,0.0,0.0,0.0,0.0,0.0,0.0,0.0,0.0,1.0,8.0,6.5,0.0,8.0,94.0,16.1,1.0,8.0,14.2,0.0,3.6,False,False,False,False,True
832,52.0,195.57999999999998,258.0,4.82,29.5,28.0,116.0,7.38,4.35,5.0,155.0,69.0,69.0,1104.0,0.0,0.0,0.0,0.0,0.0,1750.0,30575.0,166.0,1750.0,30575.0,166.0,0.0,1.0,1.0,100.0,16.0,16.0,16.0,0.0,0.0,234.4,0.0,0.0,0.0,0.0,3.0,32.0,16.7,0.0,3.0,16.7,0.0,0.0,False,False,False,True,False
833,166.0,182.88,207.0,4.68,31.5,0.0,113.0,6.75,4.03,1.0,22.0,17886.0,25838.0,235642.0,1867.0,541.0,10916.0,68055.0,1012.0,0.0,0.0,0.0,10916.0,68055.0,1012.0,0.0,24.0,35.0,72.7,276.0,8.7,10.4,3.0,0.0,170.5,14.0,90.0,6.5,1.0,0.0,0.0,0.0,0.0,14.0,6.5,0.0,0.79,False,True,False,False,False
834,11.0,172.72,207.0,4.5,38.5,0.0,126.0,100.0,4.15,3.0,75.0,0.0,0.0,0.0,0.0,0.0,15012.0,86801.0,800.0,513.0,6121.0,0.0,15525.0,92922.0,800.0,0.0,0.0,0.0,0.0,0.0,0.0,0.0,0.0,0.0,0.0,9.0,54.0,4.9,0.0,1.0,13.0,6.7,0.0,9.0,5.2,0.0,7.95,False,False,True,False,False
835,182.0,190.5,212.0,4.46,35.5,21.0,120.0,6.95,4.18,2.0,42.0,0.0,0.0,0.0,0.0,0.0,183.0,3076.0,37.0,10233.0,156410.0,1167.0,10416.0,159486.0,1204.0,0.0,0.0,0.0,0.0,0.0,0.0,0.0,0.0,0.0,0.0,1.0,18.0,15.5,0.0,6.0,74.0,14.4,1.0,6.0,14.4,0.0,7.3,False,False,False,False,True
836,3.0,190.5,220.0,4.94,28.0,0.0,99.0,7.18,4.34,5.0,164.0,30652.0,47068.0,392954.0,3140.0,600.0,5614.0,-3786.0,244.0,0.0,0.0,0.0,5614.0,-3786.0,244.0,0.0,14.0,21.0,64.3,171.0,8.5,9.0,1.0,0.0,157.5,2.0,-1.0,-0.2,0.0,0.0,0.0,0.0,0.0,2.0,-0.2,0.0,0.0,False,True,False,False,False
837,53.0,175.26,209.0,4.41,40.5,32.0,132.0,6.83,4.12,3.0,96.0,0.0,0.0,0.0,0.0,0.0,0.0,0.0,0.0,0.0,0.0,0.0,0.0,0.0,0.0,0.0,0.0,0.0,0.0,0.0,0.0,0.0,0.0,0.0,0.0,0.0,0.0,0.0,0.0,0.0,0.0,0.0,0.0,0.0,0.0,0.0,7.800000000000001,False,False,True,False,False
838,76.0,195.57999999999998,224.0,100.0,0.0,0.0,0.0,100.0,100.0,6.0,178.0,14764.0,24095.0,199467.0,1163.0,477.0,3083.0,-12688.0,0.0,0.0,0.0,0.0,3083.0,-12688.0,0.0,0.0,15.0,26.0,62.2,217.0,8.4,9.1,1.0,0.0,149.5,3.0,-10.0,-4.8,0.0,0.0,0.0,0.0,0.0,3.0,-4.8,0.0,8.66,False,True,False,False,False
839,125.0,187.96,247.0,4.64,0.0,0.0,0.0,100.0,100.0,7.0,245.0,0.0,0.0,0.0,0.0,0.0,6782.0,32797.0,414.0,4236.0,40729.0,341.0,11018.0,73526.0,755.0,0.0,0.0,0.0,0.0,0.0,0.0,0.0,0.0,0.0,0.0,3.0,9.0,3.2,0.0,2.0,17.0,8.7,0.0,4.0,5.3,0.0,0.0,True,False,False,False,False
840,96.0,187.96,221.0,4.4,39.5,13.0,132.0,7.02,4.3,3.0,90.0,0.0,0.0,0.0,0.0,0.0,0.0,0.0,0.0,6158.0,97440.0,841.0,6158.0,97440.0,841.0,0.0,0.0,0.0,0.0,0.0,0.0,0.0,0.0,0.0,0.0,0.0,0.0,0.0,0.0,4.0,57.0,14.6,0.0,4.0,14.6,0.0,1.8,False,False,False,False,True
841,52.0,182.88,207.0,4.84,0.0,0.0,0.0,100.0,100.0,5.0,163.0,56261.0,93110.0,802011.0,7295.0,2915.0,19940.0,23262.0,813.0,55.0,-165.0,0.0,19995.0,23097.0,813.0,1013.0999999999999,17.0,27.0,62.5,248.0,8.7,9.4,2.0,1.0,155.6,6.0,6.0,1.0,0.0,1.0,-3.0,-3.0,0.0,6.0,1.0,18.419999999999998,0.0,False,True,False,False,False
842,121.0,198.12,270.0,4.84,32.0,27.0,114.0,7.57,4.55,2.0,52.0,0.0,0.0,0.0,0.0,0.0,0.0,0.0,0.0,862.0,15818.0,166.0,862.0,15818.0,166.0,0.0,0.0,0.0,0.0,0.0,0.0,0.0,0.0,0.0,0.0,0.0,0.0,0.0,0.0,1.0,29.0,16.3,0.0,1.0,16.3,0.0,1.55,False,False,False,True,False
843,3.0,187.96,198.0,4.48,33.0,8.0,121.0,6.68,4.32,4.0,123.0,0.0,0.0,0.0,0.0,0.0,0.0,0.0,0.0,2712.0,42335.0,377.0,2712.0,42335.0,377.0,0.0,0.0,0.0,0.0,0.0,0.0,0.0,0.0,0.0,0.0,0.0,0.0,0.0,0.0,2.0,25.0,14.0,0.0,2.0,14.0,0.0,2.3499999999999996,False,False,False,False,True
844,14.0,177.8,163.0,4.46,41.0,0.0,132.0,6.63,4.18,7.0,240.0,0.0,63.0,0.0,0.0,0.0,638.0,7494.0,0.0,11879.0,177314.0,1204.0,12517.0,184808.0,1204.0,0.0,0.0,1.0,0.0,0.0,0.0,0.0,0.0,0.0,0.0,1.0,4.0,4.0,0.0,4.0,41.0,12.2,0.0,4.0,12.0,0.0,0.0,False,False,False,False,True
845,32.0,182.88,175.0,4.4,38.0,0.0,124.0,7.09,100.0,2.0,45.0,19.0,35.0,1425.0,19.0,0.0,702.0,2405.0,0.0,8206.0,123184.0,1212.0,8908.0,125589.0,1212.0,0.0,1.0,1.0,100.0,75.0,75.0,95.0,1.0,0.0,1060.0,1.0,9.0,5.7,0.0,3.0,38.0,12.8,0.0,4.0,11.0,0.0,9.0,False,False,False,False,True
846,133.0,190.5,220.0,4.6,39.0,0.0,127.0,7.0,4.0,2.0,61.0,0.0,0.0,0.0,0.0,0.0,108.0,711.0,0.0,6102.0,83008.0,621.0,6210.0,83719.0,621.0,0.0,0.0,0.0,0.0,0.0,0.0,0.0,0.0,0.0,0.0,1.0,9.0,9.0,0.0,5.0,82.0,11.7,0.0,6.0,11.7,0.0,8.5,False,False,False,False,True
847,23.0,193.04,257.0,4.87,31.5,16.0,116.0,7.23,4.47,3.0,98.0,0.0,0.0,0.0,0.0,0.0,125.0,162.0,0.0,1737.0,24505.0,63.0,1862.0,24667.0,63.0,0.0,0.0,0.0,0.0,0.0,0.0,0.0,0.0,0.0,0.0,6.0,9.0,1.5,0.0,2.0,20.0,10.1,0.0,2.0,9.5,0.0,1.95,False,False,False,True,False
848,186.0,175.26,209.0,4.49,35.5,26.0,126.0,6.75,4.0,2.0,54.0,0.0,0.0,0.0,0.0,0.0,21891.0,115568.0,1184.0,2358.0,16326.0,22.0,24249.0,131894.0,1206.0,0.0,0.0,0.0,0.0,0.0,0.0,0.0,0.0,0.0,0.0,14.0,66.0,6.0,1.0,2.0,12.0,4.5,0.0,17.0,6.2,0.0,6.550000000000001,False,False,True,False,False
849,125.0,175.26,165.0,4.44,34.0,0.0,122.0,100.0,100.0,4.0,104.0,0.0,0.0,0.0,0.0,0.0,2492.0,25897.0,202.0,10043.0,175127.0,1426.0,12535.0,201024.0,1628.0,0.0,0.0,0.0,0.0,0.0,0.0,0.0,0.0,0.0,0.0,2.0,10.0,8.5,0.0,3.0,50.0,16.0,0.0,4.0,15.3,0.0,13.2,False,False,False,False,True
850,135.0,193.04,228.0,4.97,27.0,0.0,105.0,7.33,4.36,4.0,135.0,27592.0,51578.0,392205.0,2555.0,1307.0,12703.0,-14953.0,164.0,112.0,-224.0,0.0,12815.0,-15177.0,164.0,2067.5199999999995,11.0,23.0,53.6,163.0,6.6,6.7,1.0,0.0,119.7,5.0,-2.0,-0.3,0.0,1.0,-2.0,-2.0,0.0,5.0,-0.3,18.459999999999997,-0.2599999999999999,False,True,False,False,False
851,14.0,175.26,201.0,4.51,41.5,15.0,134.0,100.0,100.0,6.0,186.0,0.0,0.0,0.0,0.0,0.0,8625.0,68739.0,573.0,348.0,4168.0,39.0,8973.0,72907.0,612.0,0.0,0.0,0.0,0.0,0.0,0.0,0.0,0.0,0.0,0.0,10.0,59.0,8.0,0.0,1.0,4.0,4.0,0.0,10.0,8.6,0.0,0.0,False,False,True,False,False
852,186.0,195.57999999999998,262.0,4.75,0.0,20.0,0.0,100.0,100.0,2.0,38.0,0.0,0.0,0.0,0.0,0.0,0.0,0.0,0.0,6768.0,84918.0,804.0,6768.0,84918.0,804.0,0.0,0.0,0.0,0.0,0.0,0.0,0.0,0.0,0.0,0.0,0.0,0.0,0.0,0.0,4.0,48.0,12.4,0.0,4.0,12.4,0.0,4.25,False,False,False,True,False
853,190.0,182.88,214.0,4.48,37.5,17.0,126.0,7.16,4.3,3.0,69.0,0.0,43.0,0.0,0.0,0.0,38693.0,232431.0,2717.0,15451.0,172103.0,637.0,54144.0,404534.0,3354.0,1935.0,0.0,1.0,0.0,0.0,0.0,0.0,0.0,0.0,0.0,9.0,54.0,5.5,0.0,4.0,43.0,11.0,0.0,15.0,7.2,45.0,4.4,False,False,True,False,False
854,135.0,190.5,198.0,4.55,37.0,0.0,124.0,6.89,4.01,5.0,146.0,0.0,0.0,0.0,0.0,0.0,485.0,3183.0,0.0,10251.0,144546.0,605.0,10736.0,147729.0,605.0,0.0,0.0,0.0,0.0,0.0,0.0,0.0,0.0,0.0,0.0,1.0,6.0,6.0,0.0,4.0,48.0,12.8,0.0,3.0,12.5,0.0,0.0,False,False,False,False,True
855,31.0,182.88,229.0,4.58,33.0,18.0,118.0,6.88,4.22,4.0,138.0,0.0,0.0,0.0,0.0,0.0,0.0,0.0,0.0,0.0,0.0,0.0,0.0,0.0,0.0,0.0,0.0,0.0,0.0,0.0,0.0,0.0,0.0,0.0,0.0,0.0,0.0,0.0,0.0,0.0,0.0,0.0,0.0,0.0,0.0,0.0,5.699999999999999,False,False,True,False,False
856,129.0,175.26,174.0,4.39,32.0,8.0,124.0,100.0,100.0,4.0,124.0,0.0,0.0,0.0,0.0,0.0,10062.0,86682.0,1233.0,5648.0,64935.0,895.0,15710.0,151617.0,2128.0,0.0,0.0,0.0,0.0,0.0,0.0,0.0,0.0,0.0,0.0,5.0,50.0,7.1,1.0,3.0,28.0,9.0,0.0,10.0,8.8,0.0,10.4,False,False,True,False,False
857,184.0,198.12,248.0,4.61,35.5,0.0,118.0,7.05,4.18,4.0,120.0,33214.0,60383.0,425415.0,2523.0,1841.0,22657.0,60429.0,1151.0,111.0,355.0,92.0,22768.0,60784.0,1243.0,1062.6,15.0,28.0,55.3,207.0,6.8,5.7,1.0,0.0,122.1,11.0,20.0,2.7,0.0,1.0,2.0,2.0,1.0,11.0,2.7,9.08,3.62,False,True,False,False,False
858,30.0,185.42,211.0,4.43,34.0,16.0,126.0,6.95,4.34,1.0,4.0,111.0,194.0,2977.0,46.0,19.0,3322.0,23636.0,47.0,9787.0,141471.0,1149.0,13109.0,165107.0,1196.0,2666.18,1.0,1.0,50.0,9.0,9.0,9.0,0.0,0.0,175.6,2.0,7.0,4.3,0.0,6.0,81.0,13.1,1.0,8.0,12.3,28.86,5.0,False,False,False,False,True
859,15.0,198.12,252.0,4.58,36.5,17.0,123.0,7.29,4.44,4.0,136.0,0.0,0.0,0.0,0.0,0.0,0.0,0.0,0.0,0.0,0.0,0.0,0.0,0.0,0.0,0.0,0.0,0.0,0.0,0.0,0.0,0.0,0.0,0.0,0.0,0.0,0.0,0.0,0.0,0.0,0.0,0.0,0.0,0.0,0.0,0.0,0.0,False,False,False,True,False
860,13.0,190.5,218.0,5.0,28.0,0.0,100.0,7.07,4.25,6.0,194.0,55905.0,91369.0,594919.0,4741.0,3016.0,11031.0,17889.0,753.0,84.0,1193.0,47.0,11115.0,19082.0,800.0,2609.5000000000005,19.0,32.0,60.0,200.0,6.3,6.4,2.0,0.0,131.3,4.0,4.0,1.5,0.0,1.0,12.0,12.0,1.0,4.0,1.5,38.580000000000005,0.0,False,True,False,False,False
861,171.0,175.26,225.0,4.56,33.5,16.0,120.0,100.0,100.0,3.0,94.0,0.0,0.0,0.0,0.0,0.0,0.0,0.0,0.0,0.0,0.0,0.0,0.0,0.0,0.0,0.0,0.0,0.0,0.0,0.0,0.0,0.0,0.0,0.0,0.0,0.0,0.0,0.0,0.0,0.0,0.0,0.0,0.0,0.0,0.0,0.0,5.4,False,False,True,False,False
862,197.0,175.26,204.0,4.57,32.0,23.0,114.0,7.05,4.2,4.0,130.0,69.0,158.0,207.0,69.0,0.0,54985.0,316211.0,3643.0,6407.0,56269.0,184.0,61392.0,372480.0,3827.0,3154.68,0.0,1.0,0.0,0.0,0.0,0.0,0.0,0.0,0.0,10.0,47.0,4.7,0.0,1.0,14.0,8.5,0.0,11.0,4.9,45.72,3.4,False,False,True,False,False
863,18.0,180.34,230.0,4.56,38.0,0.0,129.0,7.27,4.06,4.0,113.0,0.0,0.0,0.0,0.0,0.0,30028.0,142290.0,976.0,5351.0,71726.0,468.0,35379.0,214016.0,1444.0,0.0,0.0,0.0,0.0,0.0,0.0,0.0,0.0,0.0,0.0,12.0,49.0,4.3,0.0,2.0,20.5,11.5,0.0,4.0,6.0,0.0,5.9,False,False,True,False,False
864,105.0,175.26,205.0,4.6,42.5,24.0,130.0,6.79,3.95,2.0,54.0,0.0,19.0,0.0,0.0,0.0,20212.0,106929.0,828.0,2138.0,18228.0,184.0,22350.0,125157.0,1012.0,769.5,0.0,1.0,0.0,0.0,0.0,0.0,0.0,0.0,0.0,8.0,36.0,4.3,0.0,2.0,16.0,8.0,0.0,8.0,4.8,40.5,11.5,False,False,True,False,False
865,178.0,182.88,198.0,4.42,0.0,12.0,0.0,100.0,100.0,1.0,20.0,0.0,0.0,0.0,0.0,0.0,103.0,459.0,0.0,2548.0,42992.0,282.0,2651.0,43451.0,282.0,0.0,0.0,0.0,0.0,0.0,0.0,0.0,0.0,0.0,0.0,1.0,7.0,7.0,0.0,3.0,38.0,15.0,0.0,3.0,15.0,0.0,2.5,False,False,False,False,True
866,17.0,182.88,221.0,4.57,39.0,19.0,121.0,7.1,4.1,5.0,149.0,0.0,0.0,0.0,0.0,0.0,11113.0,69531.0,718.0,608.0,7184.0,44.0,11721.0,76715.0,762.0,0.0,0.0,0.0,0.0,0.0,0.0,0.0,0.0,0.0,0.0,9.0,80.0,5.7,1.0,2.0,14.0,8.0,0.0,9.0,5.7,0.0,4.35,False,False,True,False,False
867,190.0,172.72,180.0,4.43,34.0,13.0,121.0,6.64,4.07,7.0,238.0,0.0,0.0,0.0,0.0,0.0,137.0,1031.0,0.0,986.0,17587.0,128.0,1123.0,18618.0,128.0,0.0,0.0,0.0,0.0,0.0,0.0,0.0,0.0,0.0,0.0,1.0,7.0,7.0,0.0,4.0,62.0,19.4,0.0,3.0,14.4,0.0,2.0,False,False,False,False,True
868,178.0,182.88,221.0,4.53,35.5,11.0,121.0,6.96,4.28,4.0,125.0,0.0,0.0,0.0,0.0,0.0,4290.0,24655.0,260.0,581.0,6477.0,18.0,4871.0,31132.0,278.0,0.0,0.0,0.0,0.0,0.0,0.0,0.0,0.0,0.0,0.0,6.0,20.0,6.0,0.0,3.0,26.0,10.3,0.0,7.0,6.0,0.0,4.3,False,False,True,False,False
869,149.0,195.57999999999998,244.0,4.73,0.0,0.0,0.0,100.0,100.0,7.0,254.0,0.0,0.0,0.0,0.0,0.0,0.0,0.0,0.0,1555.0,30712.0,418.0,1555.0,30712.0,418.0,0.0,0.0,0.0,0.0,0.0,0.0,0.0,0.0,0.0,0.0,0.0,0.0,0.0,0.0,1.0,23.0,20.0,0.0,1.0,20.0,0.0,0.0,False,False,False,True,False
870,11.0,177.8,212.0,4.53,36.5,0.0,118.0,7.13,100.0,5.0,174.0,0.0,0.0,0.0,0.0,0.0,4120.0,23979.0,193.0,84.0,669.0,0.0,4204.0,24648.0,193.0,0.0,0.0,0.0,0.0,0.0,0.0,0.0,0.0,0.0,0.0,10.0,52.0,5.2,1.0,1.0,7.0,7.0,0.0,10.0,5.2,0.0,4.300000000000001,False,False,True,False,False
871,125.0,198.12,252.0,4.8,33.0,14.0,116.0,6.85,4.32,4.0,117.0,3086.0,5203.0,36142.0,215.0,140.0,7148.0,27665.0,1302.0,121.0,1470.0,61.0,7269.0,29135.0,1363.0,0.0,1.0,2.0,50.0,12.0,4.3,4.0,0.0,0.0,83.6,4.0,17.0,3.1,1.0,2.0,22.0,11.0,1.0,4.0,3.2,0.0,1.6,False,False,False,True,False
872,105.0,185.42,197.0,4.42,41.5,7.0,129.0,6.66,4.15,5.0,162.0,0.0,0.0,0.0,0.0,0.0,347.0,7197.0,66.0,8226.0,126864.0,974.0,8573.0,134061.0,1040.0,0.0,0.0,0.0,0.0,0.0,0.0,0.0,0.0,0.0,0.0,1.0,7.0,7.0,0.0,2.0,31.0,14.0,0.0,2.0,14.0,0.0,0.0,False,False,False,False,True
873,135.0,193.04,268.0,5.04,30.5,20.0,112.0,7.13,4.23,5.0,171.0,0.0,0.0,0.0,0.0,0.0,0.0,0.0,0.0,0.0,0.0,0.0,0.0,0.0,0.0,0.0,0.0,0.0,0.0,0.0,0.0,0.0,0.0,0.0,0.0,0.0,0.0,0.0,0.0,0.0,0.0,0.0,0.0,0.0,0.0,0.0,3.0,False,False,False,True,False
874,118.0,182.88,205.0,4.54,37.0,17.0,120.0,7.04,4.11,7.0,233.0,0.0,0.0,0.0,0.0,0.0,441.0,3453.0,44.0,4169.0,55279.0,444.0,4610.0,58732.0,488.0,0.0,0.0,0.0,0.0,0.0,0.0,0.0,0.0,0.0,0.0,1.0,5.0,3.0,0.0,2.0,31.5,12.6,0.0,3.0,12.0,0.0,0.0,False,False,False,False,True
875,141.0,180.34,242.0,4.65,33.0,25.0,115.0,7.2,4.34,5.0,168.0,2.0,2.0,-4.0,0.0,0.0,870.0,3745.0,0.0,1357.0,10628.0,100.0,2227.0,14373.0,100.0,0.0,1.0,1.0,100.0,-2.0,-2.0,-2.0,0.0,0.0,83.2,2.0,3.0,2.0,0.0,1.0,11.0,7.0,0.0,2.0,7.0,0.0,0.9500000000000001,True,False,False,False,False
876,82.0,190.5,244.0,4.87,0.0,28.0,0.0,7.62,4.7,7.0,256.0,0.0,0.0,0.0,0.0,0.0,0.0,0.0,0.0,1038.0,15114.0,182.0,1038.0,15114.0,182.0,0.0,0.0,0.0,0.0,0.0,0.0,0.0,0.0,0.0,0.0,0.0,0.0,0.0,0.0,2.0,24.0,10.0,0.0,2.0,10.0,0.0,0.0,False,False,False,True,False
877,179.0,177.8,195.0,4.51,33.0,10.0,113.0,6.97,4.26,6.0,184.0,0.0,0.0,0.0,0.0,0.0,9.0,6.0,0.0,320.0,3579.0,42.0,329.0,3585.0,42.0,0.0,0.0,0.0,0.0,0.0,0.0,0.0,0.0,0.0,0.0,1.0,3.0,1.5,0.0,3.0,31.0,8.8,0.0,3.0,8.8,0.0,0.0,False,False,False,False,True
878,11.0,185.42,212.0,4.43,41.0,23.0,131.0,6.98,4.06,3.0,87.0,0.0,0.0,0.0,0.0,0.0,0.0,0.0,0.0,1249.0,28726.0,257.0,1249.0,28726.0,257.0,0.0,0.0,0.0,0.0,0.0,0.0,0.0,0.0,0.0,0.0,0.0,0.0,0.0,0.0,2.0,42.0,17.0,0.0,2.0,17.0,0.0,0.0,False,False,False,False,True
879,95.0,180.34,229.0,4.81,38.5,17.0,121.0,100.0,100.0,5.0,138.0,0.0,0.0,0.0,0.0,0.0,7772.0,43521.0,259.0,461.0,4176.0,0.0,8233.0,47697.0,259.0,0.0,0.0,0.0,0.0,0.0,0.0,0.0,0.0,0.0,0.0,8.0,54.0,6.2,0.0,1.0,7.0,5.65,0.0,8.0,5.5,0.0,0.8500000000000001,False,False,True,False,False
880,64.0,180.34,206.0,4.4,0.0,22.0,0.0,100.0,100.0,3.0,73.0,0.0,0.0,0.0,0.0,0.0,7823.0,49849.0,398.0,1072.0,7661.0,0.0,8895.0,57510.0,398.0,0.0,0.0,0.0,0.0,0.0,0.0,0.0,0.0,0.0,0.0,7.0,48.0,5.5,0.0,1.0,8.0,6.0,0.0,8.0,6.25,0.0,2.2,False,False,True,False,False
881,52.0,187.96,213.0,4.35,45.0,18.0,139.0,7.06,4.3,3.0,76.0,0.0,0.0,0.0,0.0,0.0,0.0,0.0,0.0,3271.0,49091.0,405.0,3271.0,49091.0,405.0,0.0,0.0,0.0,0.0,0.0,0.0,0.0,0.0,0.0,0.0,0.0,0.0,0.0,0.0,2.0,29.0,13.0,0.0,2.0,13.0,0.0,2.1,False,False,False,False,True
882,3.0,185.42,211.0,4.42,33.0,0.0,120.0,6.71,3.98,1.0,4.0,0.0,0.0,0.0,0.0,0.0,47.0,619.0,0.0,4327.0,68600.0,672.0,4374.0,69219.0,672.0,0.0,0.0,0.0,0.0,0.0,0.0,0.0,0.0,0.0,0.0,1.0,20.0,20.0,0.0,4.0,64.0,15.0,0.0,4.0,15.0,0.0,9.55,False,False,False,False,True
883,38.0,172.72,185.0,4.56,37.0,10.0,115.0,7.17,4.32,4.0,105.0,62.0,141.0,1293.0,1.0,0.0,886.0,5677.0,21.0,7172.0,92919.0,628.0,8058.0,98596.0,649.0,1426.52,0.0,1.0,0.0,0.0,0.0,0.0,0.0,0.0,0.0,1.0,6.0,5.0,0.0,5.0,61.0,11.5,0.0,5.0,10.0,5.7,5.15,False,False,False,False,True
884,35.0,187.96,216.0,4.49,36.5,23.0,124.0,6.86,4.18,6.0,186.0,0.0,0.0,0.0,0.0,0.0,0.0,0.0,0.0,4277.0,61197.0,92.0,4277.0,61197.0,92.0,0.0,0.0,0.0,0.0,0.0,0.0,0.0,0.0,0.0,0.0,0.0,0.0,0.0,0.0,2.0,33.0,14.0,0.0,2.0,14.0,0.0,1.0,False,False,False,False,True
885,149.0,175.26,217.0,4.61,34.0,17.0,116.0,7.0,4.18,4.0,126.0,0.0,0.0,0.0,0.0,0.0,90612.0,402026.0,3884.0,24899.0,271198.0,1278.0,115511.0,673224.0,5162.0,0.0,0.0,0.0,0.0,0.0,0.0,0.0,0.0,0.0,0.0,10.0,40.0,4.1,0.0,3.0,22.0,9.6,0.0,9.0,5.7,0.0,2.8,False,False,True,False,False
886,84.0,182.88,195.0,4.46,35.0,0.0,115.0,7.03,4.32,5.0,146.0,36.0,96.0,288.0,36.0,0.0,1141.0,6680.0,0.0,3593.0,57023.0,386.0,4734.0,63703.0,386.0,1255.62,0.0,1.0,0.0,0.0,0.0,0.0,0.0,0.0,0.0,2.0,7.0,5.0,0.0,5.0,61.0,15.0,0.0,6.0,12.9,10.799999999999999,6.6,False,False,False,False,True
887,89.0,177.8,185.0,4.33,37.0,13.0,122.0,6.7,4.11,1.0,29.0,148.0,148.0,2114.0,68.0,0.0,318.0,389.0,0.0,4503.0,65702.0,419.0,4821.0,66091.0,419.0,0.0,1.0,1.0,100.0,16.0,16.0,20.0,0.0,0.0,268.0,1.0,-1.0,-1.0,0.0,2.0,22.0,8.2,0.0,2.0,8.0,0.0,3.15,False,False,False,False,True
888,3.0,180.34,254.0,4.94,33.5,23.0,114.0,7.56,4.4,4.0,108.0,0.0,0.0,0.0,0.0,0.0,6935.0,47580.0,355.0,252.0,1355.0,100.0,7187.0,48935.0,455.0,0.0,0.0,0.0,0.0,0.0,0.0,0.0,0.0,0.0,0.0,4.0,20.0,5.0,0.0,1.0,4.0,4.0,0.0,4.0,5.1,0.0,2.3,True,False,False,False,False
889,91.0,193.04,232.0,4.7,38.5,17.0,122.0,100.0,100.0,2.0,41.0,0.0,0.0,0.0,0.0,0.0,84.0,271.0,0.0,2013.0,30408.0,331.0,2097.0,30679.0,331.0,0.0,0.0,0.0,0.0,0.0,0.0,0.0,0.0,0.0,0.0,1.0,5.0,2.5,0.0,2.0,30.0,13.0,0.0,2.0,13.0,0.0,3.15,False,False,False,False,True
890,197.0,185.42,215.0,4.52,35.0,19.0,126.0,7.04,4.07,1.0,15.0,0.0,0.0,0.0,0.0,0.0,9880.0,84484.0,663.0,273.0,4038.0,62.0,10153.0,88522.0,725.0,0.0,0.0,0.0,0.0,0.0,0.0,0.0,0.0,0.0,0.0,8.0,62.0,5.75,0.0,1.0,8.0,8.0,0.0,8.0,5.75,0.0,6.6499999999999995,False,False,True,False,False
891,34.0,187.96,213.0,4.75,0.0,0.0,0.0,100.0,100.0,3.0,75.0,15887.0,26392.0,197290.0,1187.0,895.0,8008.0,19228.0,149.0,43.0,-87.0,2.0,8051.0,19141.0,151.0,1037.48,15.0,25.0,60.0,173.0,7.5,7.0,1.0,1.0,133.3,7.0,6.0,0.9,0.0,1.0,-3.0,-3.0,0.0,7.0,0.9,15.38,0.0,False,True,False,False,False
892,125.0,195.57999999999998,237.0,4.49,33.5,13.0,119.0,6.89,4.45,2.0,40.0,0.0,0.0,0.0,0.0,0.0,253.0,872.0,0.0,2423.0,37652.0,438.0,2676.0,38524.0,438.0,0.0,0.0,0.0,0.0,0.0,0.0,0.0,0.0,0.0,0.0,1.0,3.0,3.0,0.0,3.0,35.0,12.2,0.0,3.0,10.7,0.0,7.0,False,False,False,False,True
893,47.0,180.34,182.0,4.53,36.5,0.0,122.0,6.88,4.12,5.0,139.0,0.0,0.0,0.0,0.0,0.0,388.0,5814.0,89.0,7276.0,105954.0,919.0,7664.0,111768.0,1008.0,0.0,0.0,0.0,0.0,0.0,0.0,0.0,0.0,0.0,0.0,1.0,10.0,10.0,0.0,4.0,67.0,13.0,0.0,4.0,13.0,0.0,7.1499999999999995,False,False,False,False,True
894,52.0,185.42,222.0,4.52,0.0,17.0,0.0,100.0,100.0,1.0,10.0,2.0,2.0,100.0,0.0,0.0,14163.0,93044.0,1262.0,1300.0,11057.0,93.0,15463.0,104101.0,1355.0,71.39999999999999,1.0,1.0,100.0,50.0,50.0,50.0,0.0,0.0,520.0,13.0,111.0,6.5,1.0,1.0,11.0,7.7,0.0,15.0,6.2,35.699999999999996,16.4,False,False,True,False,False
895,39.0,177.8,192.0,4.56,36.5,11.0,114.0,6.63,4.21,4.0,107.0,110.0,221.0,4775.0,32.0,0.0,8.0,56.0,8.0,12636.0,139274.0,1151.0,12644.0,139330.0,1159.0,0.0,0.0,1.0,0.0,0.0,0.0,0.0,0.0,0.0,0.0,1.0,7.0,7.0,1.0,6.0,73.0,10.3,1.0,6.0,10.3,0.0,3.1,False,False,False,False,True
896,124.0,195.57999999999998,254.0,4.81,0.0,26.0,0.0,100.0,100.0,3.0,92.0,0.0,0.0,0.0,0.0,0.0,0.0,0.0,0.0,1110.0,15580.0,131.0,1110.0,15580.0,131.0,0.0,0.0,0.0,0.0,0.0,0.0,0.0,0.0,0.0,0.0,0.0,0.0,0.0,0.0,1.0,12.0,9.0,0.0,1.0,9.0,0.0,0.0,False,False,False,True,False
897,76.0,182.88,226.0,4.83,27.0,0.0,111.0,7.17,4.4,7.0,235.0,0.0,0.0,0.0,0.0,0.0,10490.0,61876.0,1156.0,471.0,2874.0,119.0,10961.0,64750.0,1275.0,0.0,0.0,0.0,0.0,0.0,0.0,0.0,0.0,0.0,0.0,6.0,23.0,4.0,0.0,1.0,7.0,7.0,0.0,5.0,4.7,0.0,0.0,False,False,True,False,False
898,176.0,190.5,226.0,4.63,36.0,0.0,120.0,6.93,3.98,5.0,147.0,23001.0,33880.0,265999.0,1998.0,737.0,12049.0,41229.0,846.0,20.0,142.0,19.0,12069.0,41371.0,865.0,683.6,22.0,31.0,66.7,261.0,7.7,8.4,2.0,0.0,149.9,11.0,32.0,3.2,1.0,1.0,7.0,7.0,1.0,11.0,3.2,34.14,0.0,False,True,False,False,False
899,58.0,182.88,247.0,5.02,31.5,30.0,110.0,7.24,4.33,7.0,231.0,104.0,218.0,3647.0,26.0,0.0,17425.0,78822.0,605.0,2679.0,19597.0,122.0,20104.0,98419.0,727.0,1855.02,1.0,1.0,50.0,19.0,19.0,21.0,0.0,0.0,260.0,12.0,43.0,3.7,0.0,2.0,11.0,7.0,0.0,15.0,4.1,12.7,2.55,True,False,False,False,False
900,133.0,200.66,261.0,4.83,37.5,26.0,121.0,7.53,4.5,5.0,160.0,0.0,0.0,0.0,0.0,0.0,0.0,0.0,0.0,1394.0,19450.0,282.0,1394.0,19450.0,282.0,0.0,0.0,0.0,0.0,0.0,0.0,0.0,0.0,0.0,0.0,0.0,0.0,0.0,0.0,2.0,24.0,10.5,0.0,2.0,10.5,0.0,1.3,False,False,False,True,False
901,108.0,185.42,224.0,4.5,41.5,25.0,127.0,6.82,4.27,3.0,86.0,45862.0,71063.0,749692.0,7403.0,2649.0,17075.0,25592.0,616.0,8652.0,134538.0,1428.0,25727.0,160130.0,2044.0,0.0,13.0,22.0,63.6,177.0,11.4,12.0,1.0,0.0,181.8,4.0,5.0,1.0,0.0,1.0,18.0,12.0,0.0,2.0,7.2,0.0,13.3,False,False,True,False,False
902,89.0,175.26,207.0,4.54,33.5,0.0,121.0,100.0,100.0,3.0,77.0,38.0,74.0,304.0,38.0,0.0,11922.0,83654.0,793.0,1797.0,16987.0,91.0,13719.0,100641.0,884.0,2335.1600000000003,1.0,1.0,100.0,8.0,8.0,28.0,1.0,0.0,497.2,13.0,89.0,5.9,1.0,3.0,19.0,8.0,0.0,15.0,6.5,24.22,7.8,False,False,True,False,False
903,43.0,187.96,231.0,4.61,31.5,20.0,112.0,100.0,4.2,3.0,95.0,10885.0,19286.0,159215.0,1453.0,822.0,14954.0,86122.0,793.0,434.0,2341.0,6.0,15388.0,88463.0,799.0,938.9599999999999,11.0,16.0,59.0,140.0,8.4,8.5,1.0,0.0,143.6,8.0,37.0,4.5,0.0,1.0,5.0,4.5,0.0,8.0,4.8,19.36,5.1,False,False,True,False,False
904,121.0,195.57999999999998,255.0,4.79,0.0,0.0,0.0,100.0,100.0,7.0,229.0,0.0,0.0,0.0,0.0,0.0,0.0,0.0,0.0,664.0,8802.0,87.0,664.0,8802.0,87.0,0.0,0.0,0.0,0.0,0.0,0.0,0.0,0.0,0.0,0.0,0.0,0.0,0.0,0.0,1.0,22.0,11.0,0.0,1.0,11.0,0.0,0.0,False,False,False,True,False
905,141.0,195.57999999999998,246.0,4.75,0.0,17.0,0.0,100.0,100.0,3.0,85.0,0.0,0.0,0.0,0.0,0.0,0.0,0.0,0.0,1073.0,14496.0,119.0,1073.0,14496.0,119.0,0.0,0.0,0.0,0.0,0.0,0.0,0.0,0.0,0.0,0.0,0.0,0.0,0.0,0.0,2.0,31.0,10.5,0.0,2.0,10.5,0.0,3.15,False,False,False,True,False
906,93.0,182.88,208.0,4.42,34.5,0.0,118.0,7.22,4.32,4.0,106.0,0.0,0.0,0.0,0.0,0.0,7522.0,36412.0,485.0,474.0,2708.0,18.0,7996.0,39120.0,503.0,0.0,0.0,0.0,0.0,0.0,0.0,0.0,0.0,0.0,0.0,20.0,104.0,4.7,1.0,2.0,11.0,4.2,0.0,22.0,4.6,0.0,8.1,False,False,True,False,False
907,93.0,187.96,192.0,4.61,36.0,10.0,114.0,6.92,4.13,5.0,156.0,17.0,29.0,85.0,17.0,0.0,191.0,-369.0,2.0,3223.0,40656.0,140.0,3414.0,40287.0,142.0,0.0,1.0,1.0,100.0,5.0,5.0,25.0,1.0,0.0,472.0,1.0,-10.0,-10.0,0.0,3.0,40.0,11.5,0.0,3.0,10.7,0.0,0.0,False,False,False,False,True
908,73.0,177.8,182.0,4.4,35.5,0.0,121.0,6.89,4.07,3.0,69.0,0.0,0.0,0.0,0.0,0.0,1133.0,10374.0,0.0,5351.0,80990.0,628.0,6484.0,91364.0,628.0,0.0,0.0,0.0,0.0,0.0,0.0,0.0,0.0,0.0,0.0,1.0,4.0,4.0,0.0,3.0,32.0,12.5,0.0,3.0,12.5,0.0,17.4,False,False,False,False,True
909,131.0,198.12,229.0,5.14,31.0,0.0,105.0,7.29,4.39,3.0,89.0,44067.0,67839.0,498477.0,2861.0,2302.0,4245.0,-25268.0,70.0,20.0,120.0,0.0,4265.0,-25148.0,70.0,1075.2,26.0,41.0,64.1,299.0,7.1,6.6,1.0,1.0,131.9,3.0,-16.0,-6.3,0.0,1.0,6.0,6.0,0.0,3.0,-6.3,53.760000000000005,1.24,False,True,False,False,False
910,129.0,193.04,222.0,4.52,36.0,0.0,121.0,6.87,4.11,1.0,2.0,17313.0,25562.0,220958.0,2323.0,444.0,7223.0,52577.0,549.0,43.0,134.0,43.0,7266.0,52711.0,592.0,1542.12,19.0,27.0,70.4,207.0,8.6,10.3,2.0,0.0,166.5,7.0,52.0,6.1,0.0,1.0,2.0,2.0,1.0,7.0,6.1,36.04,14.5,False,True,False,False,False
911,188.0,187.96,224.0,4.67,35.5,0.0,117.0,6.93,4.13,4.0,123.0,0.0,0.0,0.0,0.0,0.0,0.0,0.0,0.0,1523.0,19343.0,160.0,1523.0,19343.0,160.0,0.0,0.0,0.0,0.0,0.0,0.0,0.0,0.0,0.0,0.0,0.0,0.0,0.0,0.0,5.0,56.0,10.75,0.0,5.0,10.75,0.0,0.0,False,False,False,False,True
912,196.0,182.88,210.0,4.41,38.0,16.0,122.0,6.96,4.08,7.0,245.0,0.0,0.0,0.0,0.0,0.0,0.0,0.0,0.0,0.0,0.0,0.0,0.0,0.0,0.0,0.0,0.0,0.0,0.0,0.0,0.0,0.0,0.0,0.0,0.0,0.0,0.0,0.0,0.0,0.0,0.0,0.0,0.0,0.0,0.0,0.0,9.9,False,False,False,False,True
913,157.0,182.88,221.0,4.55,40.5,0.0,121.0,6.97,4.21,3.0,94.0,0.0,0.0,0.0,0.0,0.0,558.0,5807.0,86.0,4461.0,54322.0,285.0,5019.0,60129.0,371.0,0.0,0.0,0.0,0.0,0.0,0.0,0.0,0.0,0.0,0.0,1.0,14.0,8.0,0.0,4.0,39.0,9.8,0.0,4.5,9.8,0.0,7.6,False,False,False,False,True
914,93.0,182.88,215.0,4.54,32.5,0.0,121.0,7.07,4.25,5.0,175.0,0.0,0.0,0.0,0.0,0.0,338.0,2027.0,3.0,2815.0,36828.0,137.0,3153.0,38855.0,140.0,0.0,0.0,0.0,0.0,0.0,0.0,0.0,0.0,0.0,0.0,1.0,8.0,4.0,0.0,2.0,21.0,11.8,0.0,2.0,11.0,0.0,5.75,False,False,False,False,True
915,99.0,175.26,198.0,4.61,29.0,11.0,109.0,100.0,4.4,7.0,230.0,0.0,0.0,0.0,0.0,0.0,7273.0,47176.0,455.0,943.0,3069.0,14.0,8216.0,50245.0,469.0,0.0,0.0,0.0,0.0,0.0,0.0,0.0,0.0,0.0,0.0,5.0,33.0,6.4,0.0,1.0,3.0,2.3,0.0,5.0,5.4,0.0,0.6,False,False,True,False,False
916,2.0,177.8,156.0,4.28,36.0,0.0,127.0,7.02,4.15,5.0,159.0,0.0,0.0,0.0,0.0,0.0,859.0,2754.0,61.0,3601.0,74510.0,842.0,4460.0,77264.0,903.0,0.0,0.0,0.0,0.0,0.0,0.0,0.0,0.0,0.0,0.0,1.0,5.0,3.0,0.0,3.0,33.0,19.9,1.0,3.0,12.0,0.0,0.0,False,False,False,False,True
917,47.0,190.5,252.0,4.93,30.5,21.0,110.0,7.4,4.5,6.0,194.0,0.0,0.0,0.0,0.0,0.0,0.0,0.0,21.0,3014.0,39473.0,436.0,3014.0,39473.0,457.0,0.0,0.0,0.0,0.0,0.0,0.0,0.0,0.0,0.0,0.0,0.0,0.0,0.0,1.0,2.0,23.0,10.1,0.0,2.0,10.1,0.0,2.1,False,False,False,True,False
918,82.0,190.5,209.0,4.45,36.5,17.0,125.0,100.0,100.0,1.0,14.0,0.0,0.0,0.0,0.0,0.0,0.0,0.0,0.0,0.0,0.0,0.0,0.0,0.0,0.0,0.0,0.0,0.0,0.0,0.0,0.0,0.0,0.0,0.0,0.0,0.0,0.0,0.0,0.0,0.0,0.0,0.0,0.0,0.0,0.0,0.0,11.0,False,False,False,False,True
919,25.0,187.96,212.0,100.0,0.0,0.0,0.0,100.0,100.0,1.0,26.0,0.0,0.0,0.0,0.0,0.0,5.0,0.0,0.0,2244.0,41174.0,306.0,2249.0,41174.0,306.0,0.0,0.0,0.0,0.0,0.0,0.0,0.0,0.0,0.0,0.0,1.0,0.0,0.0,0.0,2.0,38.0,15.3,0.0,2.0,15.3,0.0,0.0,False,False,False,False,True
920,14.0,190.5,230.0,4.87,34.0,0.0,121.0,6.91,4.13,4.0,103.0,6308.0,9775.0,104975.0,829.0,61.0,2667.0,5447.0,242.0,0.0,0.0,0.0,2667.0,5447.0,242.0,0.0,3.0,5.0,66.7,52.0,10.4,13.7,1.0,0.0,203.0,2.0,3.0,2.8,0.0,0.0,0.0,0.0,0.0,2.0,2.8,0.0,0.0,False,True,False,False,False
921,154.0,187.96,251.0,4.58,38.0,17.0,118.0,7.25,4.37,5.0,143.0,0.0,0.0,0.0,0.0,0.0,0.0,0.0,0.0,0.0,0.0,0.0,0.0,0.0,0.0,0.0,0.0,0.0,0.0,0.0,0.0,0.0,0.0,0.0,0.0,0.0,0.0,0.0,0.0,0.0,0.0,0.0,0.0,0.0,0.0,0.0,1.2000000000000002,False,False,False,True,False
922,98.0,172.72,217.0,4.7,32.0,21.0,113.0,100.0,100.0,6.0,205.0,0.0,0.0,0.0,0.0,0.0,5210.0,28291.0,166.0,619.0,6313.0,7.0,5829.0,34604.0,173.0,0.0,0.0,0.0,0.0,0.0,0.0,0.0,0.0,0.0,0.0,5.0,30.0,5.2,0.0,1.0,9.0,9.0,0.0,5.0,5.8,0.0,1.1,False,False,True,False,False
923,55.0,187.96,226.0,4.52,0.0,0.0,0.0,100.0,100.0,4.0,132.0,0.0,0.0,0.0,0.0,0.0,0.0,0.0,0.0,0.0,0.0,0.0,0.0,0.0,0.0,0.0,0.0,0.0,0.0,0.0,0.0,0.0,0.0,0.0,0.0,0.0,0.0,0.0,0.0,0.0,0.0,0.0,0.0,0.0,0.0,0.0,0.0,False,False,False,False,True
924,124.0,182.88,196.0,4.42,39.0,10.0,122.0,100.0,4.15,2.0,37.0,0.0,0.0,0.0,0.0,0.0,99.0,198.0,0.0,3594.0,72211.0,907.0,3693.0,72409.0,907.0,0.0,0.0,0.0,0.0,0.0,0.0,0.0,0.0,0.0,0.0,1.0,2.0,2.0,0.0,2.0,48.0,17.75,0.0,2.0,17.75,0.0,2.0000000000000004,False,False,False,False,True
925,7.0,187.96,217.0,4.44,42.0,0.0,123.0,100.0,100.0,3.0,70.0,0.0,0.0,0.0,0.0,0.0,0.0,0.0,0.0,1883.0,27825.0,223.0,1883.0,27825.0,223.0,0.0,0.0,0.0,0.0,0.0,0.0,0.0,0.0,0.0,0.0,0.0,0.0,0.0,0.0,5.0,80.0,14.7,1.0,5.0,14.7,0.0,1.05,False,False,False,False,True
926,178.0,193.04,250.0,4.83,0.0,20.0,0.0,100.0,100.0,6.0,198.0,0.0,0.0,0.0,0.0,0.0,0.0,0.0,0.0,2588.0,26333.0,574.0,2588.0,26333.0,574.0,0.0,0.0,0.0,0.0,0.0,0.0,0.0,0.0,0.0,0.0,0.0,0.0,0.0,0.0,2.0,17.0,9.5,0.0,2.0,9.5,0.0,0.0,False,False,False,True,False
927,89.0,193.04,251.0,4.79,35.0,20.0,120.0,7.32,4.57,3.0,68.0,0.0,0.0,0.0,0.0,0.0,0.0,0.0,0.0,3451.0,44689.0,353.0,3451.0,44689.0,353.0,0.0,0.0,0.0,0.0,0.0,0.0,0.0,0.0,0.0,0.0,0.0,0.0,0.0,0.0,2.0,13.0,11.0,0.0,2.0,11.0,0.0,2.7,False,False,False,True,False
928,55.0,198.12,238.0,4.46,37.0,12.0,125.0,7.07,4.25,6.0,204.0,0.0,0.0,0.0,0.0,0.0,0.0,0.0,0.0,900.0,16548.0,97.0,900.0,16548.0,97.0,0.0,0.0,0.0,0.0,0.0,0.0,0.0,0.0,0.0,0.0,0.0,0.0,0.0,0.0,2.0,26.0,13.0,0.0,2.0,13.0,0.0,0.3,False,False,False,False,True
929,190.0,190.5,215.0,4.35,36.5,23.0,123.0,6.92,4.14,1.0,7.0,0.0,0.0,0.0,0.0,0.0,0.0,0.0,0.0,1307.0,17260.0,150.0,1307.0,17260.0,150.0,0.0,0.0,0.0,0.0,0.0,0.0,0.0,0.0,0.0,0.0,0.0,0.0,0.0,0.0,3.0,48.0,12.0,0.0,3.0,12.0,0.0,0.0,False,False,False,False,True
930,47.0,185.42,230.0,4.48,33.5,16.0,117.0,7.16,4.46,5.0,155.0,0.0,0.0,0.0,0.0,0.0,2468.0,16224.0,251.0,259.0,2281.0,8.0,2727.0,18505.0,259.0,0.0,0.0,0.0,0.0,0.0,0.0,0.0,0.0,0.0,0.0,8.0,47.5,6.3,1.0,1.5,15.0,8.5,0.0,8.0,6.5,0.0,11.5,False,False,True,False,False
931,95.0,193.04,249.0,4.78,34.5,17.0,117.0,7.3,4.37,2.0,55.0,0.0,0.0,0.0,0.0,0.0,19.0,133.0,0.0,663.0,10697.0,169.0,682.0,10830.0,169.0,0.0,0.0,0.0,0.0,0.0,0.0,0.0,0.0,0.0,0.0,1.0,7.0,7.0,0.0,2.0,37.0,15.7,1.0,2.0,15.7,0.0,3.5,False,False,False,True,False
932,47.0,193.04,231.0,4.97,28.5,0.0,103.0,7.16,4.36,1.0,1.0,6850.0,10017.0,103672.0,939.0,348.0,1928.0,4864.0,110.0,0.0,0.0,0.0,1928.0,4864.0,110.0,0.0,21.0,28.0,64.7,325.0,11.2,11.0,3.0,1.0,184.4,5.0,8.0,2.15,0.0,0.0,0.0,0.0,0.0,5.0,2.15,0.0,16.13,False,True,False,False,False
933,3.0,185.42,226.0,4.61,36.0,22.0,117.0,7.19,4.22,2.0,36.0,0.0,0.0,0.0,0.0,0.0,13162.0,82678.0,870.0,966.0,11381.0,40.0,14128.0,94059.0,910.0,0.0,0.0,0.0,0.0,0.0,0.0,0.0,0.0,0.0,0.0,11.0,75.0,6.1,1.0,1.0,18.0,11.8,0.0,12.0,6.3,0.0,10.0,False,False,True,False,False
934,149.0,195.57999999999998,247.0,4.64,32.5,0.0,117.0,7.05,4.31,6.0,184.0,0.0,0.0,0.0,0.0,0.0,0.0,0.0,0.0,959.0,15063.0,110.0,959.0,15063.0,110.0,0.0,0.0,0.0,0.0,0.0,0.0,0.0,0.0,0.0,0.0,0.0,0.0,0.0,0.0,1.0,29.0,15.7,0.0,1.0,15.7,0.0,2.1,False,False,False,True,False
935,8.0,185.42,217.0,4.84,28.0,0.0,110.0,7.06,4.33,6.0,201.0,9210.0,16308.0,117429.0,1044.0,464.0,2206.0,2090.0,76.0,15510.0,150976.0,915.0,17716.0,153066.0,991.0,672.48,10.0,19.0,57.1,114.0,6.1,5.9,1.0,0.0,103.4,2.0,2.0,1.0,0.0,2.0,23.0,8.0,0.0,2.0,8.0,28.020000000000003,0.0,False,True,False,False,False
936,60.0,175.26,182.0,4.72,33.0,0.0,123.0,100.0,100.0,7.0,229.0,31.0,44.0,782.0,31.0,0.0,375.0,1208.0,1.0,1671.0,20413.0,124.0,2046.0,21621.0,125.0,921.08,1.0,1.0,100.0,29.0,29.0,49.0,1.0,0.0,673.6,3.0,3.0,1.5,0.0,5.0,56.0,11.8,0.0,5.0,9.5,35.86,1.4,False,False,False,False,True
937,179.0,180.34,219.0,4.56,0.0,22.0,0.0,100.0,100.0,4.0,136.0,5.0,5.0,125.0,5.0,0.0,6196.0,28660.0,194.0,836.0,6336.0,30.0,7032.0,34996.0,224.0,98.0,1.0,1.0,100.0,25.0,25.0,45.0,1.0,0.0,640.0,25.0,121.0,4.4,1.0,3.0,22.0,8.2,0.0,28.0,5.2,19.6,5.949999999999999,False,False,True,False,False
938,135.0,185.42,197.0,4.58,34.0,11.0,119.0,6.9,4.35,2.0,55.0,38.0,59.0,1318.0,0.0,0.0,1031.0,10317.0,22.0,3563.0,45667.0,258.0,4594.0,55984.0,280.0,933.94,1.0,1.0,100.0,29.0,29.0,29.0,0.0,0.0,343.6,2.0,34.0,8.0,0.0,7.0,89.0,12.7,0.0,8.0,11.7,20.22,4.8,False,False,False,False,True
939,112.0,193.04,231.0,4.94,31.0,0.0,113.0,7.17,4.53,3.0,91.0,7584.0,13276.0,84225.0,677.0,385.0,4100.0,10467.0,317.0,1.0,20.0,0.0,4101.0,10487.0,317.0,22.080000000000002,6.0,13.0,58.5,64.0,6.2,6.2,1.0,0.0,112.1,2.0,1.0,1.0,0.0,1.0,20.0,20.0,0.0,2.0,1.0,22.080000000000002,5.499999999999999,False,True,False,False,False
940,93.0,182.88,206.0,4.56,30.5,20.0,115.0,7.22,4.31,6.0,213.0,0.0,0.0,0.0,0.0,0.0,259.0,2098.0,0.0,2896.0,35742.0,156.0,3155.0,37840.0,156.0,0.0,0.0,0.0,0.0,0.0,0.0,0.0,0.0,0.0,0.0,1.0,8.0,5.0,0.0,4.0,33.0,11.0,0.0,4.0,10.7,0.0,0.0,False,False,False,False,True
941,141.0,182.88,211.0,4.5,35.5,14.0,120.0,100.0,100.0,3.0,86.0,0.0,0.0,0.0,0.0,0.0,0.0,0.0,0.0,1546.0,30692.0,404.0,1546.0,30692.0,404.0,0.0,0.0,0.0,0.0,0.0,0.0,0.0,0.0,0.0,0.0,0.0,0.0,0.0,0.0,4.0,62.0,18.3,0.0,4.0,18.3,0.0,1.2,False,False,False,False,True
942,14.0,180.34,194.0,4.42,40.5,17.0,129.0,100.0,100.0,1.0,15.0,0.0,0.0,0.0,0.0,0.0,401.0,1972.0,9.0,1740.0,31785.0,323.0,2141.0,33757.0,332.0,0.0,0.0,0.0,0.0,0.0,0.0,0.0,0.0,0.0,0.0,3.0,6.0,3.0,0.0,3.0,66.0,15.4,0.0,4.0,14.0,0.0,4.8999999999999995,False,False,False,False,True
943,8.0,177.8,217.0,4.59,28.5,18.0,113.0,100.0,100.0,5.0,171.0,0.0,0.0,0.0,0.0,0.0,9886.0,57840.0,610.0,449.0,2873.0,0.0,10335.0,60713.0,610.0,0.0,0.0,0.0,0.0,0.0,0.0,0.0,0.0,0.0,0.0,17.0,105.0,5.7,1.0,1.0,6.0,4.0,0.0,18.0,5.5,0.0,2.15,False,False,True,False,False
944,93.0,193.04,217.0,4.79,33.0,0.0,113.0,7.21,4.28,4.0,100.0,8139.0,14319.0,102836.0,806.0,273.0,2353.0,3956.0,36.0,0.0,0.0,0.0,2353.0,3956.0,36.0,0.0,15.0,24.5,54.5,193.0,7.6,6.2,1.0,0.0,117.7,4.0,7.0,1.3,0.0,0.0,0.0,0.0,0.0,4.0,1.3,0.0,0.0,False,True,False,False,False
945,149.0,180.34,203.0,4.52,31.0,15.0,115.0,100.0,100.0,4.0,117.0,127.0,220.0,1984.0,67.0,0.0,923.0,6165.0,48.0,1396.0,21204.0,185.0,2319.0,27369.0,233.0,2797.64,1.0,1.0,50.0,14.0,7.0,13.5,0.0,0.0,213.4,3.0,18.0,5.3,0.0,4.0,47.0,13.3,1.0,6.0,9.6,19.78,2.1,False,False,False,False,True
946,96.0,190.5,205.0,4.47,31.5,14.0,119.0,100.0,100.0,6.0,199.0,0.0,0.0,0.0,0.0,0.0,51.0,1082.0,0.0,803.0,11879.0,74.0,854.0,12961.0,74.0,0.0,0.0,0.0,0.0,0.0,0.0,0.0,0.0,0.0,0.0,1.0,23.0,23.0,0.0,2.0,26.0,13.0,0.0,2.0,13.0,0.0,2.3,False,False,False,False,True
947,23.0,185.42,188.0,4.42,38.5,11.0,124.0,6.6,4.22,5.0,163.0,0.0,0.0,0.0,0.0,0.0,82.0,73.0,0.0,3811.0,52540.0,371.0,3893.0,52613.0,371.0,0.0,0.0,0.0,0.0,0.0,0.0,0.0,0.0,0.0,0.0,1.0,-1.0,-1.0,0.0,3.0,40.0,13.5,0.0,3.0,11.6,0.0,0.05,False,False,False,False,True
948,80.0,177.8,215.0,4.56,37.5,18.0,121.0,6.97,4.28,4.0,134.0,0.0,0.0,0.0,0.0,0.0,17294.0,98307.0,1727.0,1361.0,13529.0,210.0,18655.0,111836.0,1937.0,0.0,0.0,0.0,0.0,0.0,0.0,0.0,0.0,0.0,0.0,18.0,90.0,5.0,1.0,2.0,11.0,7.0,0.0,18.0,5.4,0.0,6.3,False,False,True,False,False
949,160.0,187.96,202.0,4.5,41.0,14.0,131.0,6.84,4.08,1.0,22.0,0.0,0.0,0.0,0.0,0.0,7.0,42.0,0.0,4588.0,65053.0,726.0,4595.0,65095.0,726.0,0.0,0.0,0.0,0.0,0.0,0.0,0.0,0.0,0.0,0.0,1.0,6.0,6.0,0.0,3.0,38.0,10.7,0.0,3.0,10.7,0.0,1.4,False,False,False,False,True
950,192.0,190.5,213.0,5.22,27.0,0.0,103.0,7.49,4.52,7.0,223.0,14164.0,21227.0,167783.0,1303.0,609.0,1472.0,-4923.0,28.0,21.0,147.0,21.0,1493.0,-4776.0,49.0,0.0,17.0,28.0,65.2,222.0,6.9,7.5,1.0,0.0,133.6,2.0,-7.0,-5.0,0.0,1.0,7.0,7.0,1.0,2.0,-5.0,0.0,0.0,False,True,False,False,False
951,3.0,185.42,210.0,4.45,34.5,10.0,123.0,7.04,4.21,3.0,73.0,0.0,0.0,0.0,0.0,0.0,4017.0,28073.0,396.0,516.0,5729.0,36.0,4533.0,33802.0,432.0,0.0,0.0,0.0,0.0,0.0,0.0,0.0,0.0,0.0,0.0,5.0,35.0,6.7,0.0,1.0,13.0,10.0,0.0,5.5,6.7,0.0,3.7,False,False,True,False,False
952,80.0,193.04,234.0,4.56,32.0,0.0,122.0,7.19,4.25,6.0,207.0,13156.0,21191.0,156202.0,1075.0,472.0,8093.0,26297.0,250.0,0.0,0.0,0.0,8093.0,26297.0,250.0,0.0,11.0,16.0,65.2,98.0,7.0,6.6,0.0,0.0,134.1,6.0,17.0,3.0,0.0,0.0,0.0,0.0,0.0,6.0,3.0,0.0,0.0,False,True,False,False,False
953,176.0,187.96,231.0,4.72,33.5,12.0,118.0,6.97,4.24,7.0,231.0,0.0,0.0,0.0,0.0,0.0,0.0,0.0,0.0,1309.0,21371.0,195.0,1309.0,21371.0,195.0,0.0,0.0,0.0,0.0,0.0,0.0,0.0,0.0,0.0,0.0,0.0,0.0,0.0,0.0,2.0,38.0,15.0,0.0,2.0,15.0,0.0,0.0,False,False,False,True,False
954,124.0,182.88,225.0,4.47,32.5,0.0,118.0,100.0,100.0,1.0,4.0,0.0,0.0,0.0,0.0,0.0,5691.0,37042.0,410.0,507.0,3930.0,29.0,6198.0,40972.0,439.0,0.0,0.0,0.0,0.0,0.0,0.0,0.0,0.0,0.0,0.0,12.0,69.0,6.7,1.0,2.0,16.0,7.7,0.0,14.0,6.7,0.0,21.7,False,False,True,False,False
955,147.0,177.8,192.0,4.41,39.0,17.0,130.0,100.0,100.0,4.0,119.0,0.0,0.0,0.0,0.0,0.0,9684.0,46979.0,265.0,1550.0,12499.0,56.0,11234.0,59478.0,321.0,0.0,0.0,0.0,0.0,0.0,0.0,0.0,0.0,0.0,0.0,8.0,30.0,3.8,0.0,1.0,8.0,6.0,0.0,9.0,4.4,0.0,7.7,False,False,True,False,False
956,121.0,182.88,186.0,4.32,33.5,10.0,126.0,6.93,4.27,1.0,21.0,0.0,0.0,0.0,0.0,0.0,0.0,0.0,0.0,0.0,0.0,0.0,0.0,0.0,0.0,0.0,0.0,0.0,0.0,0.0,0.0,0.0,0.0,0.0,0.0,0.0,0.0,0.0,0.0,0.0,0.0,0.0,0.0,0.0,0.0,0.0,6.1,False,False,False,False,True
957,23.0,193.04,215.0,4.82,27.0,0.0,110.0,7.17,4.47,1.0,1.0,14739.0,23865.0,178616.0,1287.0,509.0,2552.0,-791.0,23.0,32.0,196.0,0.0,2584.0,-595.0,23.0,947.66,29.0,47.0,60.9,321.0,7.1,7.3,2.0,1.0,132.4,4.0,-1.0,-0.2,0.0,1.0,11.0,11.0,0.0,4.0,-0.2,30.24,4.900000000000001,False,True,False,False,False
958,133.0,193.04,223.0,4.78,31.0,0.0,114.0,7.04,4.33,2.0,51.0,9725.0,16944.0,121406.0,747.0,434.0,2567.0,-4202.0,74.0,45.0,630.0,45.0,2612.0,-3572.0,119.0,1297.8000000000002,21.0,31.0,56.4,240.0,7.5,7.3,1.0,1.0,126.3,5.0,-12.0,-2.0,0.0,1.0,14.0,14.0,1.0,5.0,-0.6,28.840000000000003,0.0,False,True,False,False,False
959,150.0,195.57999999999998,244.0,4.71,30.5,18.0,115.0,6.88,4.31,6.0,177.0,0.0,0.0,0.0,0.0,0.0,0.0,0.0,0.0,0.0,0.0,0.0,0.0,0.0,0.0,0.0,0.0,0.0,0.0,0.0,0.0,0.0,0.0,0.0,0.0,0.0,0.0,0.0,0.0,0.0,0.0,0.0,0.0,0.0,0.0,0.0,0.0,False,False,False,True,False
960,3.0,190.5,247.0,4.54,37.0,22.0,130.0,7.2,4.38,2.0,45.0,0.0,0.0,0.0,0.0,0.0,6051.0,36815.0,418.0,123.0,1514.0,20.0,6174.0,38329.0,438.0,0.0,0.0,0.0,0.0,0.0,0.0,0.0,0.0,0.0,0.0,9.0,70.0,5.5,1.0,1.0,12.0,7.8,0.0,10.0,5.5,0.0,5.3,False,False,True,False,False
961,8.0,195.57999999999998,250.0,4.79,0.0,13.0,0.0,100.0,100.0,2.0,35.0,0.0,0.0,0.0,0.0,0.0,0.0,0.0,0.0,1799.0,27304.0,132.0,1799.0,27304.0,132.0,0.0,0.0,0.0,0.0,0.0,0.0,0.0,0.0,0.0,0.0,0.0,0.0,0.0,0.0,3.0,48.0,14.6,0.0,3.0,14.6,0.0,8.1,False,False,False,True,False
962,192.0,198.12,249.0,4.77,0.0,0.0,0.0,100.0,100.0,4.0,110.0,0.0,0.0,0.0,0.0,0.0,0.0,0.0,0.0,895.0,16647.0,192.0,895.0,16647.0,192.0,0.0,0.0,0.0,0.0,0.0,0.0,0.0,0.0,0.0,0.0,0.0,0.0,0.0,0.0,2.0,41.0,23.0,0.0,2.0,23.0,0.0,1.35,False,False,False,True,False
963,34.0,185.42,196.0,4.64,32.0,13.0,116.0,100.0,100.0,5.0,172.0,0.0,0.0,0.0,0.0,0.0,18.0,360.0,0.0,3117.0,45000.0,350.0,3135.0,45360.0,350.0,0.0,0.0,0.0,0.0,0.0,0.0,0.0,0.0,0.0,0.0,1.0,20.0,20.0,0.0,6.0,75.0,14.6,0.0,6.0,14.6,0.0,0.0,False,False,False,False,True
964,157.0,190.5,218.0,4.78,32.5,0.0,113.0,6.9,4.31,5.0,162.0,11815.0,17510.0,143277.0,1159.0,473.0,5895.0,26578.0,326.0,17.0,187.0,17.0,5912.0,26765.0,343.0,461.7199999999999,16.0,22.0,69.4,184.0,8.2,8.2,1.0,0.0,153.5,7.0,24.0,4.3,0.0,1.0,11.0,11.0,1.0,7.0,4.3,27.159999999999997,0.13,False,True,False,False,False
965,157.0,193.04,254.0,4.72,33.0,19.0,117.0,7.0,4.32,3.0,81.0,0.0,0.0,0.0,0.0,0.0,0.0,0.0,0.0,787.0,9644.0,86.0,787.0,9644.0,86.0,0.0,0.0,0.0,0.0,0.0,0.0,0.0,0.0,0.0,0.0,0.0,0.0,0.0,0.0,3.0,25.0,12.4,0.0,3.0,12.4,0.0,1.9,False,False,False,True,False
966,64.0,182.88,230.0,4.57,34.0,16.0,122.0,100.0,100.0,5.0,150.0,11.0,11.0,0.0,0.0,0.0,8056.0,47121.0,278.0,290.0,3406.0,40.0,8346.0,50527.0,318.0,0.0,1.0,1.0,100.0,0.0,0.0,0.0,0.0,0.0,100.0,9.0,34.0,5.0,0.0,2.0,16.0,8.0,0.0,9.0,5.5,0.0,14.2,False,False,True,False,False
967,105.0,185.42,238.0,4.81,34.0,30.0,119.0,7.28,4.32,6.0,176.0,0.0,0.0,0.0,0.0,0.0,599.0,2328.0,61.0,103.0,915.0,0.0,702.0,3243.0,61.0,0.0,0.0,0.0,0.0,0.0,0.0,0.0,0.0,0.0,0.0,3.0,6.0,2.0,0.0,1.0,8.0,8.0,0.0,2.0,3.5,0.0,1.7000000000000002,True,False,False,False,False
968,124.0,195.57999999999998,253.0,4.81,36.0,0.0,0.0,100.0,100.0,4.0,139.0,1040.0,1701.0,14021.0,112.0,32.0,1260.0,6980.0,50.0,0.0,0.0,0.0,1260.0,6980.0,50.0,0.0,3.0,4.0,55.6,32.0,8.0,8.0,0.0,0.0,140.9,5.0,24.0,6.0,0.0,0.0,0.0,0.0,0.0,5.0,6.0,0.0,0.0,False,True,False,False,False
969,178.0,185.42,220.0,4.89,29.5,0.0,104.0,7.32,4.0,3.0,93.0,10770.0,15983.0,129469.0,1033.0,237.0,2151.0,-5824.0,88.0,0.0,0.0,0.0,2151.0,-5824.0,88.0,0.0,18.0,27.5,67.9,214.0,7.6,8.1,1.0,0.0,146.6,3.0,-14.0,-3.0,0.0,0.0,0.0,0.0,0.0,3.0,-3.0,0.0,8.71,False,True,False,False,False
970,23.0,182.88,209.0,4.46,41.5,23.0,135.0,7.22,4.26,7.0,237.0,0.0,0.0,0.0,0.0,0.0,4995.0,28809.0,277.0,641.0,4755.0,5.0,5636.0,33564.0,282.0,0.0,0.0,0.0,0.0,0.0,0.0,0.0,0.0,0.0,0.0,9.0,51.0,5.0,0.0,3.0,16.0,5.7,0.0,9.0,5.4,0.0,1.5,False,False,True,False,False
971,23.0,187.96,203.0,4.64,31.0,0.0,111.0,7.13,4.2,7.0,243.0,0.0,0.0,0.0,0.0,0.0,7.0,35.0,0.0,1661.0,18242.0,318.0,1668.0,18277.0,318.0,0.0,0.0,0.0,0.0,0.0,0.0,0.0,0.0,0.0,0.0,1.0,5.0,5.0,0.0,3.0,30.0,10.0,0.0,3.0,10.0,0.0,0.0,False,False,False,False,True
972,160.0,182.88,197.0,4.39,35.5,15.0,129.0,100.0,100.0,6.0,192.0,0.0,0.0,0.0,0.0,0.0,54.0,507.0,0.0,787.0,15854.0,61.0,841.0,16361.0,61.0,0.0,0.0,0.0,0.0,0.0,0.0,0.0,0.0,0.0,0.0,1.0,11.0,11.0,0.0,2.0,48.0,21.05,0.0,3.0,19.0,0.0,0.0,False,False,False,False,True
973,11.0,187.96,215.0,4.43,38.0,18.0,132.0,100.0,100.0,4.0,114.0,0.0,0.0,0.0,0.0,0.0,924.0,7190.0,20.0,1477.0,20228.0,112.0,2401.0,27418.0,132.0,0.0,0.0,0.0,0.0,0.0,0.0,0.0,0.0,0.0,0.0,2.0,8.0,5.3,0.0,2.0,21.0,7.6,0.0,3.0,7.2,0.0,5.5,False,False,False,False,True
974,87.0,200.66,244.0,4.86,36.0,0.0,118.0,7.14,4.26,1.0,26.0,9809.0,15795.0,113136.0,685.0,246.0,3441.0,8495.0,121.0,0.0,0.0,0.0,3441.0,8495.0,121.0,0.0,19.0,33.0,61.9,198.0,6.8,6.7,1.0,0.0,125.7,7.0,14.0,3.3,0.0,0.0,0.0,0.0,0.0,7.0,3.3,0.0,8.72,False,True,False,False,False
975,52.0,180.34,219.0,4.31,30.5,25.0,0.0,100.0,100.0,7.0,242.0,0.0,0.0,0.0,0.0,0.0,8197.0,51571.0,498.0,694.0,6649.0,44.0,8891.0,58220.0,542.0,0.0,0.0,0.0,0.0,0.0,0.0,0.0,0.0,0.0,0.0,10.0,43.0,4.6,0.0,1.0,11.0,6.0,0.0,10.0,4.6,0.0,0.0,False,False,True,False,False
976,124.0,185.42,201.0,4.5,35.0,17.0,123.0,6.65,4.07,3.0,85.0,16646.0,28574.0,223225.0,2108.0,770.0,25802.0,134286.0,1218.0,241.0,3495.0,11.0,26043.0,137781.0,1229.0,0.0,8.0,18.0,56.0,132.0,7.4,9.1,1.0,0.0,143.2,16.0,75.0,5.2,0.0,2.0,12.0,6.0,0.0,16.0,5.2,0.0,1.8,False,False,False,False,True
977,52.0,182.88,198.0,4.45,36.0,15.0,129.0,6.94,4.34,4.0,112.0,0.0,0.0,0.0,0.0,0.0,584.0,2751.0,0.0,6441.0,89167.0,564.0,7025.0,91918.0,564.0,0.0,0.0,0.0,0.0,0.0,0.0,0.0,0.0,0.0,0.0,1.0,0.0,0.0,0.0,4.0,52.0,12.0,0.0,4.0,12.0,0.0,3.2,False,False,False,False,True
978,28.0,185.42,206.0,4.53,37.0,10.0,130.0,6.76,4.2,4.0,107.0,378.0,547.0,9778.0,43.0,23.0,268.0,902.0,0.0,1707.0,33721.0,367.0,1975.0,34623.0,367.0,0.0,5.0,7.0,70.7,126.0,16.8,18.2,0.5,0.0,235.25,1.0,2.0,2.0,0.0,3.0,43.0,15.0,0.0,2.0,14.3,0.0,1.0,False,False,False,False,True
979,169.0,193.04,262.0,100.0,0.0,0.0,0.0,100.0,100.0,6.0,188.0,0.0,0.0,0.0,0.0,0.0,0.0,0.0,0.0,777.0,9714.0,42.0,777.0,9714.0,42.0,0.0,0.0,0.0,0.0,0.0,0.0,0.0,0.0,0.0,0.0,0.0,0.0,0.0,0.0,2.0,23.0,11.0,0.0,2.0,11.0,0.0,2.0,False,False,False,True,False
980,176.0,185.42,207.0,4.47,34.5,0.0,121.0,7.08,4.33,5.0,154.0,0.0,0.0,0.0,0.0,0.0,0.0,0.0,0.0,3307.0,42706.0,137.0,3307.0,42706.0,137.0,0.0,0.0,0.0,0.0,0.0,0.0,0.0,0.0,0.0,0.0,0.0,0.0,0.0,0.0,3.0,34.0,11.2,0.0,3.0,11.2,0.0,0.4,False,False,False,False,True
981,30.0,187.96,209.0,4.45,35.5,12.0,122.0,6.96,4.46,7.0,241.0,0.0,0.0,0.0,0.0,0.0,40.0,160.0,0.0,2851.0,29987.0,209.0,2891.0,30147.0,209.0,0.0,0.0,0.0,0.0,0.0,0.0,0.0,0.0,0.0,0.0,1.0,4.0,4.0,0.0,3.0,21.0,11.5,0.0,3.0,11.5,0.0,1.85,False,False,False,False,True
982,176.0,177.8,208.0,4.54,32.0,19.0,124.0,100.0,100.0,5.0,149.0,0.0,0.0,0.0,0.0,0.0,7354.0,40536.0,363.0,1163.0,11441.0,71.0,8517.0,51977.0,434.0,0.0,0.0,0.0,0.0,0.0,0.0,0.0,0.0,0.0,0.0,14.0,78.0,5.6,1.0,2.0,20.0,9.0,0.0,17.0,6.3,0.0,4.75,False,False,True,False,False
983,98.0,187.96,226.0,4.79,32.5,0.0,116.0,7.11,4.32,4.0,135.0,9469.0,15406.0,116701.0,823.0,369.0,7573.0,33737.0,689.0,44.0,1170.0,42.0,7617.0,34907.0,731.0,1768.88,7.0,17.0,61.9,89.0,6.8,9.2,1.0,0.0,154.0,6.0,14.0,3.0,1.0,1.0,24.0,24.0,1.0,6.0,3.0,42.720000000000006,22.700000000000003,False,True,False,False,False
984,121.0,182.88,220.0,4.48,35.5,0.0,121.0,100.0,100.0,3.0,90.0,0.0,0.0,0.0,0.0,0.0,1597.0,7713.0,43.0,710.0,9868.0,31.0,2307.0,17581.0,74.0,0.0,0.0,0.0,0.0,0.0,0.0,0.0,0.0,0.0,0.0,8.0,25.0,4.9,0.0,1.0,20.0,12.8,0.0,3.0,9.0,0.0,7.5,False,False,True,False,False
985,43.0,185.42,203.0,4.59,34.5,0.0,123.0,6.77,4.19,4.0,126.0,0.0,21.0,0.0,0.0,0.0,1555.0,6137.0,21.0,896.0,10469.0,60.0,2451.0,16606.0,81.0,0.0,0.0,1.0,0.0,0.0,0.0,0.0,0.0,0.0,0.0,2.0,3.0,3.0,0.0,2.0,17.0,10.0,0.0,2.0,3.4,0.0,0.0,False,False,False,False,True
986,102.0,193.04,253.0,4.74,35.0,23.0,124.0,7.1,4.33,7.0,252.0,0.0,0.0,0.0,0.0,0.0,0.0,0.0,0.0,195.0,2037.0,21.0,195.0,2037.0,21.0,0.0,0.0,0.0,0.0,0.0,0.0,0.0,0.0,0.0,0.0,0.0,0.0,0.0,0.0,2.0,9.0,9.0,0.0,2.0,9.0,0.0,0.0,False,False,False,True,False
987,85.0,187.96,194.0,4.55,33.5,11.0,114.0,100.0,100.0,5.0,140.0,0.0,0.0,0.0,0.0,0.0,33.0,39.0,0.0,4391.0,49708.0,206.0,4424.0,49747.0,206.0,0.0,0.0,0.0,0.0,0.0,0.0,0.0,0.0,0.0,0.0,1.0,-3.0,-3.0,0.0,3.0,33.0,12.7,0.0,3.0,12.7,0.0,4.0,False,False,False,False,True
988,125.0,177.8,194.0,4.48,41.0,20.0,123.0,7.0,4.35,2.0,40.0,0.0,0.0,0.0,0.0,0.0,163.0,1556.0,0.0,4355.0,62125.0,426.0,4518.0,63681.0,426.0,0.0,0.0,0.0,0.0,0.0,0.0,0.0,0.0,0.0,0.0,1.0,9.0,9.0,0.0,4.0,48.0,14.3,0.0,4.0,14.3,0.0,11.3,False,False,False,False,True
989,190.0,177.8,208.0,4.47,33.5,14.0,120.0,6.83,4.28,5.0,153.0,0.0,0.0,0.0,0.0,0.0,5673.0,32430.0,169.0,676.0,5777.0,0.0,6349.0,38207.0,169.0,0.0,0.0,0.0,0.0,0.0,0.0,0.0,0.0,0.0,0.0,8.0,62.0,5.5,0.0,1.0,11.0,8.0,0.0,9.0,5.5,0.0,4.6,False,False,True,False,False
990,64.0,198.12,234.0,5.02,29.0,0.0,105.0,100.0,100.0,6.0,187.0,9973.0,16501.0,136927.0,1240.0,324.0,2013.0,1006.0,84.0,0.0,0.0,0.0,2013.0,1006.0,84.0,0.0,12.0,19.0,62.2,172.0,8.3,9.8,2.0,0.0,159.3,2.0,1.0,1.0,0.0,0.0,0.0,0.0,0.0,2.0,1.0,0.0,0.0,False,True,False,False,False
991,43.0,177.8,207.0,4.6,32.0,15.0,113.0,100.0,100.0,6.0,211.0,0.0,0.0,0.0,0.0,0.0,6933.0,33100.0,310.0,220.0,1820.0,0.0,7153.0,34920.0,310.0,0.0,0.0,0.0,0.0,0.0,0.0,0.0,0.0,0.0,0.0,14.0,55.0,4.6,0.0,1.0,15.0,10.5,0.0,16.0,4.7,0.0,0.0,False,False,True,False,False
992,124.0,190.5,212.0,4.57,35.0,18.0,126.0,6.8,4.13,2.0,47.0,0.0,0.0,0.0,0.0,0.0,576.0,3453.0,0.0,2426.0,39552.0,411.0,3002.0,43005.0,411.0,0.0,0.0,0.0,0.0,0.0,0.0,0.0,0.0,0.0,0.0,1.0,9.0,6.0,0.0,4.0,55.0,13.5,1.0,2.0,9.0,0.0,12.600000000000001,False,False,False,False,True
993,96.0,187.96,221.0,4.52,33.0,12.0,117.0,100.0,100.0,1.0,23.0,78.0,139.0,1959.0,1.0,20.0,72.0,38.0,0.0,2866.0,32941.0,264.0,2938.0,32979.0,264.0,103.99999999999999,1.0,1.0,100.0,19.0,19.0,19.0,0.0,0.0,259.6,1.0,1.0,1.0,0.0,5.0,58.0,11.0,0.0,5.0,10.4,5.199999999999999,0.0,False,False,False,False,True
994,124.0,198.12,257.0,4.76,30.5,17.0,111.0,7.05,4.2,3.0,94.0,0.0,0.0,0.0,0.0,0.0,39.0,-39.0,0.0,988.0,10551.0,68.0,1027.0,10512.0,68.0,0.0,0.0,0.0,0.0,0.0,0.0,0.0,0.0,0.0,0.0,1.0,-1.0,-1.0,0.0,2.0,13.0,8.0,0.0,2.0,8.0,0.0,1.2,False,False,False,True,False
995,120.0,185.42,239.0,4.6,38.5,30.0,123.0,7.12,4.12,6.0,197.0,0.0,0.0,0.0,0.0,0.0,103.0,474.0,0.0,2299.0,24727.0,198.0,2402.0,25201.0,198.0,0.0,0.0,0.0,0.0,0.0,0.0,0.0,0.0,0.0,0.0,1.0,2.0,2.0,0.0,2.0,20.0,7.0,0.0,2.0,7.0,0.0,0.0,True,False,False,False,False
996,167.0,172.72,204.0,4.49,34.5,24.0,116.0,7.03,4.2,5.0,143.0,0.0,0.0,0.0,0.0,0.0,12582.0,64786.0,564.0,2930.0,21248.0,41.0,15512.0,86034.0,605.0,0.0,0.0,0.0,0.0,0.0,0.0,0.0,0.0,0.0,0.0,9.0,38.0,4.5,0.0,2.0,10.0,5.8,0.0,11.0,4.6,0.0,0.0,False,False,True,False,False
997,114.0,195.57999999999998,237.0,4.77,30.5,0.0,118.0,6.86,4.15,1.0,2.0,0.0,0.0,0.0,0.0,0.0,0.0,0.0,0.0,0.0,0.0,0.0,0.0,0.0,0.0,0.0,0.0,0.0,0.0,0.0,0.0,0.0,0.0,0.0,0.0,0.0,0.0,0.0,0.0,0.0,0.0,0.0,0.0,0.0,0.0,0.0,12.920000000000002,False,True,False,False,False
998,8.0,180.34,220.0,4.56,0.0,16.0,0.0,100.0,100.0,5.0,156.0,21.0,86.0,441.0,21.0,0.0,7364.0,42639.0,171.0,1106.0,20220.0,147.0,8470.0,62859.0,318.0,227.64,0.0,2.0,0.0,0.0,0.0,0.0,0.0,0.0,0.0,7.0,34.0,4.5,0.0,2.0,15.0,8.0,0.0,6.0,5.6,10.84,1.0,False,False,True,False,False
999,153.0,185.42,189.0,4.44,29.5,8.0,125.0,6.98,4.28,5.0,170.0,0.0,1.0,0.0,0.0,0.0,443.0,4499.0,60.0,1767.0,25431.0,137.0,2210.0,29930.0,197.0,4.1000000000000005,0.0,1.0,0.0,0.0,0.0,0.0,0.0,0.0,0.0,1.0,13.0,7.5,0.0,3.0,49.0,12.0,0.0,3.5,11.8,4.1000000000000005,0.0,False,False,False,False,True
1000,66.0,187.96,219.0,100.0,31.0,0.0,113.0,100.0,100.0,3.0,104.0,5184.0,9094.0,64718.0,414.0,178.0,2744.0,3023.0,144.0,0.0,0.0,0.0,2744.0,3023.0,144.0,0.0,11.0,20.0,57.55,152.0,7.5,7.7,1.0,0.0,128.4,5.0,4.0,0.8,0.0,0.0,0.0,0.0,0.0,5.0,0.8,0.0,10.879999999999999,False,True,False,False,False
1001,124.0,187.96,222.0,100.0,0.0,19.0,0.0,7.07,4.33,7.0,239.0,0.0,0.0,0.0,0.0,0.0,0.0,0.0,0.0,475.0,5788.0,70.0,475.0,5788.0,70.0,0.0,0.0,0.0,0.0,0.0,0.0,0.0,0.0,0.0,0.0,0.0,0.0,0.0,0.0,3.0,40.0,12.0,0.0,3.0,12.0,0.0,0.8,False,False,False,False,True
1002,91.0,195.57999999999998,246.0,100.0,0.0,0.0,0.0,100.0,100.0,5.0,145.0,0.0,0.0,0.0,0.0,0.0,0.0,14.0,0.0,1801.0,21903.0,135.0,1801.0,21917.0,135.0,0.0,0.0,0.0,0.0,0.0,0.0,0.0,0.0,0.0,0.0,0.0,2.0,0.0,0.0,3.0,35.0,10.8,0.0,3.0,10.8,0.0,0.0,False,False,False,True,False
1003,127.0,182.88,218.0,4.58,37.0,23.0,130.0,100.0,100.0,7.0,249.0,56.0,74.0,579.0,0.0,0.0,3111.0,17745.0,208.0,496.0,5005.0,22.0,3607.0,22750.0,230.0,725.4000000000001,1.0,1.0,100.0,7.0,7.0,7.0,0.0,0.0,158.8,8.0,44.0,5.4,0.0,2.0,10.0,10.0,0.0,10.0,6.2,6.48,8.1,False,False,True,False,False
1004,91.0,190.5,204.0,4.47,35.5,10.0,132.0,6.7,4.09,4.0,139.0,0.0,0.0,0.0,0.0,0.0,259.0,2682.0,18.0,1543.0,23839.0,265.0,1802.0,26521.0,283.0,0.0,0.0,0.0,0.0,0.0,0.0,0.0,0.0,0.0,0.0,1.0,8.0,5.0,0.0,3.0,33.0,12.0,0.0,3.0,12.3,0.0,1.5,False,False,False,False,True
1005,111.0,167.64000000000001,179.0,4.42,31.5,11.0,118.0,100.0,100.0,4.0,119.0,0.0,0.0,0.0,0.0,0.0,0.0,0.0,0.0,0.0,0.0,0.0,0.0,0.0,0.0,0.0,0.0,0.0,0.0,0.0,0.0,0.0,0.0,0.0,0.0,0.0,0.0,0.0,0.0,0.0,0.0,0.0,0.0,0.0,0.0,0.0,11.8,False,False,True,False,False
1006,89.0,185.42,195.0,4.45,34.0,10.0,122.0,100.0,100.0,7.0,219.0,0.0,0.0,0.0,0.0,0.0,81.0,1810.0,19.0,2437.0,33377.0,286.0,2518.0,35187.0,305.0,0.0,0.0,0.0,0.0,0.0,0.0,0.0,0.0,0.0,0.0,1.0,10.0,10.0,0.0,3.0,52.0,13.0,0.0,3.0,11.7,0.0,0.0,False,False,False,False,True
1007,135.0,185.42,233.0,4.65,29.0,20.0,113.0,100.0,100.0,3.0,105.0,0.0,0.0,0.0,0.0,0.0,7566.0,42349.0,612.0,309.0,4478.0,49.0,7875.0,46827.0,661.0,0.0,0.0,0.0,0.0,0.0,0.0,0.0,0.0,0.0,0.0,14.0,77.0,4.5,1.0,2.0,28.0,14.0,0.0,14.0,5.4,0.0,1.15,False,False,True,False,False
1008,47.0,177.8,210.0,4.49,30.5,22.0,116.0,7.27,4.53,2.0,41.0,0.0,0.0,0.0,0.0,0.0,7358.0,47504.0,552.0,790.0,8107.0,3.0,8148.0,55611.0,555.0,0.0,0.0,0.0,0.0,0.0,0.0,0.0,0.0,0.0,0.0,19.0,110.0,6.0,1.0,2.0,17.0,8.6,0.0,21.0,6.5,0.0,14.55,False,False,True,False,False
1009,91.0,187.96,214.0,4.45,36.0,17.0,124.0,100.0,100.0,3.0,106.0,0.0,0.0,0.0,0.0,0.0,13.0,10.0,0.0,1957.0,26769.0,165.0,1970.0,26779.0,165.0,0.0,0.0,0.0,0.0,0.0,0.0,0.0,0.0,0.0,0.0,1.0,-2.0,-2.0,0.0,4.0,68.0,12.2,0.0,5.0,12.2,0.0,1.05,False,False,False,False,True
1010,191.0,190.5,209.0,100.0,0.0,0.0,0.0,100.0,100.0,1.0,5.0,21.0,21.0,454.0,0.0,0.0,1361.0,2438.0,0.0,5434.0,83711.0,655.0,6795.0,86149.0,655.0,0.0,1.0,1.0,100.0,22.0,22.0,22.0,0.0,0.0,284.8,2.0,7.0,1.0,0.0,7.0,96.0,14.5,1.0,7.0,12.0,0.0,4.35,False,False,False,False,True
1011,54.0,190.5,219.0,4.44,41.0,19.0,136.0,6.82,4.28,6.0,209.0,0.0,13.0,0.0,0.0,0.0,283.0,1570.0,8.0,3201.0,50248.0,235.0,3484.0,51818.0,243.0,0.0,0.0,1.0,0.0,0.0,0.0,0.0,0.0,0.0,0.0,3.0,31.0,4.7,0.0,4.0,76.0,15.8,0.0,4.0,15.7,0.0,0.0,False,False,False,False,True
1012,112.0,175.26,205.0,4.47,28.0,18.0,109.0,100.0,100.0,7.0,252.0,0.0,0.0,0.0,0.0,0.0,0.0,0.0,0.0,0.0,0.0,0.0,0.0,0.0,0.0,0.0,0.0,0.0,0.0,0.0,0.0,0.0,0.0,0.0,0.0,0.0,0.0,0.0,0.0,0.0,0.0,0.0,0.0,0.0,0.0,0.0,4.9,False,False,True,False,False
1013,163.0,190.5,216.0,4.64,33.0,0.0,122.0,6.75,4.31,4.0,135.0,8152.0,13170.0,94759.0,672.0,386.0,5364.0,27765.0,424.0,6.0,294.0,6.0,5370.0,28059.0,430.0,188.62,16.0,26.0,61.5,192.0,6.9,7.4,2.0,1.0,133.5,10.0,50.0,4.8,0.0,1.0,58.0,58.0,1.0,10.0,4.8,31.22,0.0,False,True,False,False,False
1014,76.0,187.96,196.0,4.52,39.5,11.0,135.0,7.19,4.26,7.0,247.0,0.0,5.0,0.0,0.0,0.0,0.0,0.0,0.0,1142.0,18536.0,142.0,1142.0,18536.0,142.0,0.0,0.0,1.0,0.0,0.0,0.0,0.0,0.0,0.0,0.0,0.0,0.0,0.0,0.0,3.0,52.0,13.6,0.0,3.0,13.6,0.0,0.0,False,False,False,False,True
1015,96.0,190.5,234.0,4.42,36.0,19.0,125.0,6.92,4.23,1.0,23.0,0.0,0.0,0.0,0.0,0.0,0.0,0.0,0.0,2379.0,32271.0,243.0,2379.0,32271.0,243.0,0.0,0.0,0.0,0.0,0.0,0.0,0.0,0.0,0.0,0.0,0.0,0.0,0.0,0.0,4.0,44.0,12.2,0.0,4.0,12.2,0.0,12.1,False,False,False,True,False
1016,148.0,190.5,239.0,4.62,37.5,22.0,126.0,6.99,4.33,2.0,44.0,20.0,20.0,140.0,20.0,0.0,137.0,78.0,59.0,1248.0,17920.0,117.0,1385.0,17998.0,176.0,401.6,1.0,1.0,100.0,7.0,7.0,27.0,1.0,0.0,488.8,1.0,2.0,1.3,1.0,3.0,45.0,12.3,0.0,3.5,11.5,20.080000000000002,1.35,False,False,False,True,False
1017,184.0,185.42,194.0,4.61,35.5,14.0,127.0,6.94,4.34,7.0,237.0,46.0,74.0,660.0,0.0,0.0,204.0,1106.0,0.0,2715.0,37906.0,220.0,2919.0,39012.0,220.0,87.2,1.0,1.0,100.0,14.0,14.0,14.0,0.0,0.0,217.6,1.0,5.0,5.0,0.0,5.0,68.0,14.3,0.0,6.0,13.3,21.8,0.0,False,False,False,False,True
1018,165.0,182.88,233.0,100.0,0.0,18.0,0.0,100.0,100.0,3.0,89.0,0.0,0.0,0.0,0.0,0.0,6462.0,40789.0,265.0,178.0,1831.0,0.0,6640.0,42620.0,265.0,0.0,0.0,0.0,0.0,0.0,0.0,0.0,0.0,0.0,0.0,18.0,131.0,4.9,0.0,1.0,12.0,10.7,0.0,19.0,5.2,0.0,4.25,False,False,True,False,False
1019,76.0,182.88,240.0,4.51,28.5,0.0,0.0,100.0,100.0,1.0,4.0,0.0,5.0,0.0,0.0,0.0,6310.0,37077.0,385.0,484.0,6486.0,13.0,6794.0,43563.0,398.0,167.0,0.0,1.0,0.0,0.0,0.0,0.0,0.0,0.0,0.0,19.0,108.0,5.0,1.0,2.0,36.0,10.8,0.0,19.0,5.8,33.4,15.399999999999999,False,False,True,False,False
1020,30.0,182.88,215.0,4.6,29.5,21.0,120.0,7.17,4.28,4.0,140.0,0.0,0.0,0.0,0.0,0.0,8599.0,44293.0,456.0,756.0,5269.0,26.0,9355.0,49562.0,482.0,0.0,0.0,0.0,0.0,0.0,0.0,0.0,0.0,0.0,0.0,19.0,101.0,5.4,1.0,2.0,10.0,6.15,0.0,21.0,5.4,0.0,4.75,False,False,True,False,False
1021,190.0,180.34,191.0,4.5,32.0,8.0,118.0,6.83,4.2,5.0,166.0,0.0,0.0,0.0,0.0,0.0,51.0,624.0,0.0,974.0,20810.0,233.0,1025.0,21434.0,233.0,0.0,0.0,0.0,0.0,0.0,0.0,0.0,0.0,0.0,0.0,1.0,4.0,4.0,0.0,3.0,36.0,18.0,1.0,2.0,16.5,0.0,0.0,False,False,False,False,True
1022,133.0,185.42,209.0,4.42,36.0,19.0,126.0,7.01,4.0,3.0,84.0,0.0,0.0,0.0,0.0,0.0,44.0,297.0,0.0,2006.0,30727.0,285.0,2050.0,31024.0,285.0,0.0,0.0,0.0,0.0,0.0,0.0,0.0,0.0,0.0,0.0,1.0,13.0,13.0,0.0,4.0,67.0,13.0,0.0,4.0,12.5,0.0,2.8499999999999996,False,False,False,False,True
1023,118.0,193.04,218.0,4.5,35.5,18.0,120.0,7.0,4.15,3.0,96.0,0.0,0.0,0.0,0.0,0.0,295.0,1758.0,14.0,1987.0,27149.0,230.0,2282.0,28907.0,244.0,0.0,0.0,0.0,0.0,0.0,0.0,0.0,0.0,0.0,0.0,1.0,3.0,3.0,0.0,6.0,72.0,12.0,1.0,7.0,12.0,0.0,4.9,False,False,False,False,True
1024,23.0,187.96,202.0,4.53,35.0,11.0,119.0,6.74,4.13,4.0,141.0,0.0,0.0,0.0,0.0,0.0,0.0,0.0,0.0,1313.0,18190.0,120.0,1313.0,18190.0,120.0,0.0,0.0,0.0,0.0,0.0,0.0,0.0,0.0,0.0,0.0,0.0,0.0,0.0,0.0,4.0,51.0,13.0,0.0,4.0,13.0,0.0,3.5,False,False,False,False,True
1025,80.0,180.34,199.0,4.46,36.0,13.0,131.0,7.18,4.35,3.0,82.0,0.0,0.0,0.0,0.0,0.0,321.0,3157.0,39.0,2078.0,42225.0,488.0,2399.0,45382.0,527.0,0.0,0.0,0.0,0.0,0.0,0.0,0.0,0.0,0.0,0.0,1.0,12.0,8.0,0.0,5.0,78.0,19.2,1.0,6.0,19.2,0.0,0.0,False,False,False,False,True
1026,198.0,185.42,219.0,4.54,34.0,15.0,125.0,7.03,4.32,5.0,156.0,0.0,0.0,0.0,0.0,0.0,10166.0,60093.0,498.0,552.0,6253.0,0.0,10718.0,66346.0,498.0,0.0,0.0,0.0,0.0,0.0,0.0,0.0,0.0,0.0,0.0,25.0,126.0,5.2,1.0,1.0,15.0,8.5,0.0,26.0,5.2,0.0,1.5,False,False,True,False,False
1027,184.0,198.12,257.0,4.57,39.0,18.0,134.0,100.0,4.45,6.0,201.0,0.0,0.0,0.0,0.0,0.0,198.0,867.0,14.0,1730.0,23285.0,273.0,1928.0,24152.0,287.0,0.0,0.0,0.0,0.0,0.0,0.0,0.0,0.0,0.0,0.0,1.0,6.0,5.0,0.0,3.0,42.0,11.3,0.0,4.0,11.3,0.0,0.0,False,False,False,True,False
1028,110.0,193.04,221.0,4.53,0.0,0.0,0.0,100.0,100.0,4.0,118.0,0.0,0.0,0.0,0.0,0.0,0.0,0.0,0.0,781.0,18872.0,174.0,781.0,18872.0,174.0,0.0,0.0,0.0,0.0,0.0,0.0,0.0,0.0,0.0,0.0,0.0,0.0,0.0,0.0,2.0,41.0,20.5,0.0,2.0,20.5,0.0,1.85,False,False,False,False,True
1029,110.0,182.88,232.0,100.0,0.0,18.0,0.0,100.0,100.0,7.0,242.0,0.0,0.0,0.0,0.0,0.0,5780.0,35667.0,373.0,508.0,2959.0,0.0,6288.0,38626.0,373.0,0.0,0.0,0.0,0.0,0.0,0.0,0.0,0.0,0.0,0.0,14.5,98.0,5.1,1.0,1.0,5.0,4.0,0.0,17.0,5.0,0.0,0.0,False,False,True,False,False
1030,3.0,198.12,251.0,4.51,30.0,22.0,121.0,6.85,4.16,1.0,19.0,0.0,0.0,0.0,0.0,0.0,0.0,0.0,0.0,1338.0,17177.0,56.0,1338.0,17177.0,56.0,0.0,0.0,0.0,0.0,0.0,0.0,0.0,0.0,0.0,0.0,0.0,0.0,0.0,0.0,2.0,33.0,12.8,0.0,2.0,12.8,0.0,2.2,False,False,False,True,False
1031,170.0,177.8,216.0,4.62,36.5,18.0,119.0,100.0,100.0,3.0,86.0,0.0,11.0,0.0,0.0,11.0,9892.0,60083.0,484.0,1159.0,9012.0,18.0,11051.0,69095.0,502.0,99.0,0.0,1.0,0.0,0.0,0.0,-45.0,0.0,1.0,-200.0,19.0,107.0,5.4,1.0,3.0,11.0,6.2,0.0,21.0,5.4,9.0,14.399999999999999,False,False,True,False,False
1032,168.0,175.26,208.0,4.56,37.5,16.0,127.0,6.82,4.2,5.0,182.0,21.0,27.0,63.0,21.0,0.0,8063.0,49508.0,394.0,1255.0,16229.0,190.0,9318.0,65737.0,584.0,697.3199999999999,1.0,1.0,100.0,3.0,3.0,23.0,1.0,0.0,455.2,20.0,97.0,5.4,1.0,3.0,36.0,9.5,0.0,20.5,6.6,24.52,3.95,False,False,True,False,False
1033,39.0,187.96,201.0,4.45,36.5,15.0,133.0,6.79,4.01,2.0,37.0,34.0,34.0,76.0,21.0,0.0,61.0,-11.0,0.0,4879.0,52453.0,303.0,4940.0,52442.0,303.0,883.68,1.0,1.0,100.0,2.0,2.0,22.0,1.0,0.0,446.8,1.0,0.0,0.0,0.0,8.0,75.0,9.6,0.0,8.0,9.4,42.08,2.6500000000000004,False,False,False,False,True
1034,89.0,193.04,214.0,100.0,0.0,0.0,0.0,100.0,100.0,6.0,215.0,7651.0,12704.0,105027.0,680.0,216.0,1143.0,-4677.0,59.0,0.0,0.0,0.0,1143.0,-4677.0,59.0,0.0,20.0,32.0,60.25,286.0,7.6,7.9,1.0,0.0,132.1,3.0,-9.0,-5.0,0.0,0.0,0.0,0.0,0.0,3.0,-5.0,0.0,0.0,False,True,False,False,False
1035,163.0,177.8,214.0,4.56,39.5,15.0,131.0,100.0,100.0,3.0,67.0,5.0,5.0,120.0,0.0,0.0,2584.0,18338.0,229.0,885.0,7279.0,54.0,3469.0,25617.0,283.0,36.8,1.0,1.0,100.0,24.0,24.0,24.0,0.0,0.0,301.6,7.0,55.0,6.1,0.0,3.0,19.5,6.5,0.0,10.0,7.2,7.359999999999999,18.799999999999997,False,False,True,False,False
1036,66.0,193.04,247.0,4.52,35.0,18.0,132.0,100.0,100.0,5.0,146.0,0.0,0.0,0.0,0.0,0.0,0.0,0.0,0.0,609.0,9417.0,116.0,609.0,9417.0,116.0,0.0,0.0,0.0,0.0,0.0,0.0,0.0,0.0,0.0,0.0,0.0,0.0,0.0,0.0,2.0,26.0,17.5,0.0,2.0,17.5,0.0,3.7,False,False,False,True,False
1037,121.0,193.04,233.0,4.83,30.5,0.0,107.0,7.4,4.53,2.0,52.0,5696.0,9338.0,74964.0,589.0,283.0,3616.0,17482.0,268.0,17.0,68.0,0.0,3633.0,17550.0,268.0,374.0,19.0,30.0,62.5,235.0,8.3,8.0,2.0,1.0,136.4,11.0,52.0,4.7,1.0,1.0,4.0,4.0,0.0,11.0,4.7,22.0,12.08,False,True,False,False,False
1038,41.0,187.96,204.0,4.62,31.0,0.0,116.0,6.75,4.08,3.0,69.0,0.0,0.0,0.0,0.0,0.0,0.0,0.0,0.0,0.0,0.0,0.0,0.0,0.0,0.0,0.0,0.0,0.0,0.0,0.0,0.0,0.0,0.0,0.0,0.0,0.0,0.0,0.0,0.0,0.0,0.0,0.0,0.0,0.0,0.0,0.0,7.550000000000001,False,False,False,False,True
1039,30.0,195.57999999999998,258.0,100.0,33.0,18.0,114.0,7.12,4.33,5.0,150.0,0.0,0.0,0.0,0.0,0.0,0.0,0.0,0.0,1466.0,20545.0,208.0,1466.0,20545.0,208.0,0.0,0.0,0.0,0.0,0.0,0.0,0.0,0.0,0.0,0.0,0.0,0.0,0.0,0.0,3.0,30.0,12.3,0.0,3.0,12.3,0.0,0.0,False,False,False,True,False
1040,110.0,175.26,196.0,4.37,33.5,17.0,121.0,100.0,100.0,5.0,179.0,0.0,0.0,0.0,0.0,0.0,4661.0,25853.0,240.0,887.0,8209.0,46.0,5548.0,34062.0,286.0,0.0,0.0,0.0,0.0,0.0,0.0,0.0,0.0,0.0,0.0,6.0,32.0,5.6,0.0,2.0,10.0,6.0,0.0,8.0,6.1,0.0,0.0,False,False,True,False,False
1041,153.0,180.34,213.0,4.5,35.5,15.0,125.0,100.0,100.0,4.0,143.0,0.0,0.0,0.0,0.0,0.0,6517.0,39502.0,355.0,847.0,7600.0,20.0,7364.0,47102.0,375.0,0.0,0.0,0.0,0.0,0.0,0.0,0.0,0.0,0.0,0.0,15.0,102.0,5.7,1.0,2.0,17.0,8.3,0.0,17.0,6.0,0.0,5.4,False,False,True,False,False
1042,167.0,187.96,225.0,4.8,30.0,0.0,114.0,6.88,4.08,1.0,10.0,11481.0,18211.0,145421.0,1163.0,446.0,4433.0,11208.0,276.0,21.0,63.0,0.0,4454.0,11271.0,276.0,670.74,28.0,44.0,62.3,367.0,7.9,8.3,3.0,1.0,145.5,11.0,27.0,2.9,1.0,1.0,3.0,3.0,0.0,11.0,2.9,31.94,0.0,False,True,False,False,False
1043,163.0,190.5,208.0,4.4,30.5,10.0,121.0,7.05,4.19,4.0,128.0,0.0,0.0,0.0,0.0,0.0,16.0,-57.0,0.0,1285.0,22662.0,196.0,1301.0,22605.0,196.0,0.0,0.0,0.0,0.0,0.0,0.0,0.0,0.0,0.0,0.0,1.0,-9.0,-9.0,0.0,4.0,61.0,17.3,0.0,4.0,17.3,0.0,0.75,False,False,False,False,True
1044,157.0,180.34,202.0,4.48,37.5,10.0,121.0,6.57,4.22,1.0,8.0,38.0,58.0,775.0,38.0,0.0,8945.0,53659.0,281.0,1351.0,16138.0,138.0,10296.0,69797.0,419.0,2131.1,1.0,1.0,100.0,11.0,11.0,31.0,1.0,0.0,522.4,23.0,115.0,5.8,0.0,3.0,26.0,10.0,0.0,26.0,6.6,29.4,13.4,False,False,True,False,False
1045,79.0,177.8,214.0,4.53,36.0,15.0,120.0,7.26,4.56,6.0,188.0,0.0,21.0,0.0,0.0,0.0,9875.0,56252.0,582.0,1647.0,17528.0,128.0,11522.0,73780.0,710.0,480.8,0.0,1.0,0.0,0.0,0.0,0.0,0.0,0.0,0.0,13.0,71.0,4.3,1.0,1.0,10.5,7.0,0.0,17.0,6.0,23.2,3.95,False,False,True,False,False
1046,52.0,170.18,173.0,4.42,36.0,11.0,123.0,6.64,4.15,5.0,172.0,0.0,0.0,0.0,0.0,0.0,378.0,3591.0,62.0,600.0,8046.0,61.0,978.0,11637.0,123.0,0.0,0.0,0.0,0.0,0.0,0.0,0.0,0.0,0.0,0.0,1.0,14.0,7.0,0.0,2.0,32.0,9.0,0.0,4.0,11.2,0.0,2.1,False,False,False,False,True
1047,17.0,175.26,214.0,4.49,35.5,0.0,121.0,6.93,4.28,5.0,162.0,0.0,0.0,0.0,0.0,0.0,8494.0,49080.0,567.0,1344.0,13616.0,133.0,9838.0,62696.0,700.0,0.0,0.0,0.0,0.0,0.0,0.0,0.0,0.0,0.0,0.0,22.0,128.0,5.5,1.0,3.0,24.0,9.4,0.0,24.0,6.0,0.0,0.0,False,False,True,False,False
1048,89.0,193.04,246.0,4.64,37.5,21.0,133.0,6.97,4.34,1.0,29.0,0.0,0.0,0.0,0.0,0.0,0.0,0.0,0.0,980.0,16698.0,151.0,980.0,16698.0,151.0,0.0,0.0,0.0,0.0,0.0,0.0,0.0,0.0,0.0,0.0,0.0,0.0,0.0,0.0,2.0,45.0,14.5,0.0,2.0,14.5,0.0,2.9,False,False,False,True,False
1049,125.0,180.34,233.0,4.65,33.0,30.0,116.0,7.26,4.37,4.0,114.0,0.0,0.0,0.0,0.0,0.0,7731.0,49259.0,598.0,380.0,3282.0,30.0,8111.0,52541.0,628.0,0.0,0.0,0.0,0.0,0.0,0.0,0.0,0.0,0.0,0.0,17.0,100.0,6.5,1.0,1.0,9.0,9.0,0.0,20.0,6.5,0.0,7.4,False,False,True,False,False
1050,135.0,187.96,226.0,4.82,31.0,0.0,110.0,7.14,4.31,5.0,171.0,5916.0,10177.0,76419.0,650.0,241.0,2569.0,8716.0,51.0,21.0,195.0,0.0,2590.0,8911.0,51.0,411.18000000000006,13.0,21.0,56.5,184.5,6.8,6.7,1.0,0.0,128.1,5.0,19.0,3.0,0.0,1.0,11.0,11.0,0.0,6.0,3.0,19.580000000000002,9.16,False,True,False,False,False
1051,146.0,172.72,176.0,4.48,33.5,5.0,117.0,100.0,100.0,4.0,132.0,14.0,56.0,224.0,14.0,0.0,13541.0,81299.0,731.0,1155.0,12842.0,102.0,14696.0,94141.0,833.0,720.66,0.0,1.0,0.0,0.0,0.0,0.0,0.0,0.0,0.0,19.0,112.0,5.8,1.0,2.0,18.0,9.0,0.0,21.0,6.3,23.0,0.0,False,False,True,False,False
1052,166.0,190.5,194.0,4.52,37.0,0.0,124.0,6.83,4.13,4.0,117.0,0.0,0.0,0.0,0.0,0.0,0.0,0.0,0.0,1761.0,28300.0,299.0,1761.0,28300.0,299.0,0.0,0.0,0.0,0.0,0.0,0.0,0.0,0.0,0.0,0.0,0.0,0.0,0.0,0.0,3.0,71.0,14.8,1.0,3.0,14.8,0.0,1.6,False,False,False,False,True
1053,170.0,193.04,270.0,4.86,30.0,0.0,110.0,7.05,4.51,4.0,127.0,0.0,0.0,0.0,0.0,0.0,2467.0,6834.0,0.0,1491.0,17148.0,342.0,3958.0,23982.0,342.0,0.0,0.0,0.0,0.0,0.0,0.0,0.0,0.0,0.0,0.0,2.0,5.0,2.5,0.0,2.0,12.0,10.0,0.0,2.0,5.0,0.0,1.8,False,False,False,True,False
1054,184.0,177.8,231.0,4.93,32.0,19.0,114.0,7.27,4.34,6.0,206.0,47.0,61.0,535.0,22.0,0.0,2333.0,8873.0,53.0,1037.0,11771.0,55.0,3370.0,20644.0,108.0,527.36,1.0,1.0,100.0,9.0,9.0,9.0,0.0,0.0,175.6,3.0,10.0,3.0,0.0,2.0,16.0,10.4,0.0,5.0,4.4,14.719999999999999,0.0,True,False,False,False,False
1055,186.0,180.34,188.0,4.22,37.0,0.0,133.0,100.0,100.0,1.0,9.0,0.0,0.0,0.0,0.0,0.0,232.0,1960.0,7.0,1591.0,23494.0,243.0,1823.0,25454.0,250.0,0.0,0.0,0.0,0.0,0.0,0.0,0.0,0.0,0.0,0.0,1.0,7.0,7.0,0.0,4.0,48.0,10.0,0.0,4.0,11.7,0.0,0.0,False,False,False,False,True
1056,124.0,180.34,196.0,4.31,37.0,18.0,119.0,7.09,4.33,2.0,40.0,0.0,0.0,0.0,0.0,0.0,1821.0,13197.0,176.0,1399.0,16060.0,128.0,3220.0,29257.0,304.0,0.0,0.0,0.0,0.0,0.0,0.0,0.0,0.0,0.0,0.0,4.0,38.0,7.0,0.0,2.0,32.0,10.0,0.0,8.0,8.5,0.0,4.8,False,False,False,False,True
1057,37.0,195.57999999999998,253.0,100.0,33.0,22.0,121.0,100.0,100.0,5.0,174.0,0.0,0.0,0.0,0.0,0.0,0.0,0.0,0.0,0.0,0.0,0.0,0.0,0.0,0.0,0.0,0.0,0.0,0.0,0.0,0.0,0.0,0.0,0.0,0.0,0.0,0.0,0.0,0.0,0.0,0.0,0.0,0.0,0.0,0.0,0.0,0.0,False,False,False,True,False
1058,10.0,198.12,278.0,4.79,32.5,24.0,121.0,7.09,4.38,2.0,45.0,0.0,0.0,0.0,0.0,0.0,0.0,0.0,0.0,0.0,0.0,0.0,0.0,0.0,0.0,0.0,0.0,0.0,0.0,0.0,0.0,0.0,0.0,0.0,0.0,0.0,0.0,0.0,0.0,0.0,0.0,0.0,0.0,0.0,0.0,0.0,4.9,False,False,False,True,False
1059,45.0,190.5,248.0,4.62,38.0,22.0,127.0,100.0,4.18,3.0,100.0,0.0,0.0,0.0,0.0,0.0,7.0,35.0,0.0,2148.0,24678.0,225.0,2155.0,24713.0,225.0,0.0,0.0,0.0,0.0,0.0,0.0,0.0,0.0,0.0,0.0,1.0,5.0,5.0,0.0,4.0,35.0,10.0,0.0,4.0,9.8,0.0,1.8,False,False,False,True,False
1060,178.0,185.42,215.0,4.54,32.5,15.0,120.0,100.0,100.0,2.0,62.0,0.0,0.0,0.0,0.0,0.0,139.0,728.0,0.0,2572.0,35111.0,316.0,2711.0,35839.0,316.0,0.0,0.0,0.0,0.0,0.0,0.0,0.0,0.0,0.0,0.0,1.0,4.0,4.0,0.0,5.0,66.0,12.3,0.0,6.0,11.4,0.0,9.899999999999999,False,False,False,False,True
1061,8.0,195.57999999999998,252.0,4.69,29.0,0.0,116.0,100.0,100.0,5.0,154.0,0.0,0.0,0.0,0.0,0.0,30.0,69.0,0.0,949.0,13594.0,170.0,979.0,13663.0,170.0,0.0,0.0,0.0,0.0,0.0,0.0,0.0,0.0,0.0,0.0,1.0,1.0,1.0,0.0,2.0,23.0,12.0,0.0,2.0,11.0,0.0,1.1,False,False,False,True,False
1062,3.0,180.34,204.0,4.49,34.0,0.0,124.0,100.0,100.0,3.0,79.0,0.0,0.0,0.0,0.0,0.0,0.0,0.0,0.0,0.0,0.0,0.0,0.0,0.0,0.0,0.0,0.0,0.0,0.0,0.0,0.0,0.0,0.0,0.0,0.0,0.0,0.0,0.0,0.0,0.0,0.0,0.0,0.0,0.0,0.0,0.0,1.45,False,False,False,False,True
1063,110.0,172.72,181.0,4.51,32.0,11.0,116.0,6.77,4.0,4.0,133.0,40.0,77.0,1928.0,33.0,0.0,295.0,1027.0,0.0,3204.0,36492.0,264.0,3499.0,37519.0,264.0,280.14,1.0,1.0,100.0,11.0,11.0,11.0,0.0,0.0,192.4,1.0,4.0,3.0,0.0,4.0,38.0,10.5,0.0,5.0,9.4,9.66,6.25,False,False,False,False,True
1064,192.0,180.34,203.0,4.5,33.5,13.0,132.0,6.57,4.21,3.0,72.0,0.0,0.0,0.0,0.0,0.0,172.0,65.0,0.0,3391.0,55180.0,534.0,3563.0,55245.0,534.0,0.0,0.0,0.0,0.0,0.0,0.0,0.0,0.0,0.0,0.0,1.0,2.0,1.0,0.0,4.0,75.0,16.0,1.0,4.0,14.3,0.0,1.05,False,False,False,False,True
1065,80.0,172.72,181.0,4.63,33.0,13.0,117.0,6.74,4.01,5.0,177.0,0.0,7.0,0.0,0.0,0.0,0.0,0.0,0.0,3916.0,51652.0,402.0,3916.0,51652.0,402.0,0.0,0.0,1.0,0.0,0.0,0.0,0.0,0.0,0.0,0.0,0.0,0.0,0.0,0.0,5.0,80.0,12.1,0.0,5.0,12.1,0.0,5.85,False,False,False,False,True
1066,110.0,187.96,222.0,4.67,27.5,0.0,116.0,6.87,4.25,1.0,2.0,0.0,0.0,0.0,0.0,0.0,0.0,0.0,0.0,0.0,0.0,0.0,0.0,0.0,0.0,0.0,0.0,0.0,0.0,0.0,0.0,0.0,0.0,0.0,0.0,0.0,0.0,0.0,0.0,0.0,0.0,0.0,0.0,0.0,0.0,0.0,9.15,False,True,False,False,False
1067,30.0,187.96,221.0,4.66,32.5,0.0,119.0,6.95,4.31,1.0,12.0,10273.0,14666.0,125901.0,1070.0,352.0,5350.0,26784.0,410.0,0.0,0.0,0.0,5350.0,26784.0,410.0,0.0,23.0,33.0,72.9,289.0,8.5,8.6,2.0,1.0,159.5,13.0,54.0,4.5,1.0,0.0,0.0,0.0,0.0,13.0,4.5,0.0,33.04,False,True,False,False,False
1068,23.0,195.57999999999998,229.0,4.79,33.0,0.0,118.0,6.92,4.21,3.0,87.0,10261.0,16606.0,116190.0,893.0,384.0,921.0,-1054.0,96.0,13.0,-130.0,0.0,934.0,-1184.0,96.0,334.36,28.0,47.0,63.4,310.0,6.9,7.0,2.0,1.0,133.1,2.0,-4.0,-0.8,0.0,1.0,-10.0,-10.0,0.0,2.0,-0.8,25.72,0.0,False,True,False,False,False
1069,125.0,182.88,178.0,100.0,0.0,0.0,0.0,100.0,100.0,4.0,110.0,0.0,28.0,0.0,0.0,0.0,190.0,1695.0,0.0,1766.0,33912.0,314.0,1956.0,35607.0,314.0,491.4,0.0,1.0,0.0,0.0,0.0,0.0,0.0,0.0,0.0,1.0,11.0,11.0,0.0,4.0,83.0,20.0,1.0,5.0,19.3,23.4,8.25,False,False,False,False,True
1070,12.0,182.88,212.0,4.59,30.0,0.0,123.0,7.25,4.53,4.0,134.0,0.0,0.0,0.0,0.0,0.0,15496.0,81066.0,775.0,1649.0,17719.0,40.0,17145.0,98785.0,815.0,0.0,0.0,0.0,0.0,0.0,0.0,0.0,0.0,0.0,0.0,15.0,70.0,4.4,0.0,2.0,24.0,9.0,0.0,17.0,5.1,0.0,6.85,False,False,True,False,False
1071,179.0,180.34,210.0,4.41,35.0,14.0,125.0,7.19,4.19,4.0,121.0,0.0,0.0,0.0,0.0,0.0,5800.0,35525.0,247.0,284.0,2783.0,0.0,6084.0,38308.0,247.0,0.0,0.0,0.0,0.0,0.0,0.0,0.0,0.0,0.0,0.0,2.0,10.0,5.0,0.0,3.0,22.0,11.0,0.0,2.0,5.0,0.0,0.0,False,False,True,False,False
1072,30.0,193.04,218.0,100.0,32.5,15.0,121.0,100.0,100.0,1.0,7.0,96.0,105.0,2156.0,0.0,9.0,3339.0,13120.0,169.0,31928.0,478057.0,4696.0,35267.0,491177.0,4865.0,1359.16,1.0,1.0,100.0,23.0,23.0,23.0,0.0,0.0,293.2,2.0,9.0,2.0,0.0,4.0,54.0,14.3,1.0,4.0,13.5,14.120000000000001,4.5,False,False,False,False,True
1073,186.0,182.88,186.0,100.0,0.0,0.0,0.0,100.0,100.0,2.0,44.0,40.0,76.0,1738.0,20.0,0.0,292.0,4382.0,0.0,5823.0,67500.0,651.0,6115.0,71882.0,651.0,0.0,1.0,1.0,50.0,39.0,25.0,25.0,0.0,0.0,260.0,1.0,17.0,-1.0,0.0,4.0,41.0,11.5,0.0,4.0,11.5,0.0,10.8,False,False,False,False,True
1074,25.0,190.5,249.0,100.0,0.0,0.0,0.0,100.0,100.0,3.0,98.0,0.0,0.0,0.0,0.0,0.0,0.0,0.0,0.0,3386.0,50681.0,325.0,3386.0,50681.0,325.0,0.0,0.0,0.0,0.0,0.0,0.0,0.0,0.0,0.0,0.0,0.0,0.0,0.0,0.0,3.0,47.0,15.7,0.0,3.0,15.7,0.0,2.2,False,False,False,True,False
1075,198.0,195.57999999999998,237.0,4.75,33.5,0.0,119.0,6.9,4.4,1.0,7.0,11676.0,20438.0,158708.0,1810.0,525.0,32231.0,127943.0,1021.0,13871.0,149523.0,876.0,46102.0,277466.0,1897.0,687.0799999999999,12.0,24.0,58.3,154.0,8.1,10.5,1.0,0.0,162.9,5.0,17.0,3.0,0.0,3.0,23.0,9.0,0.0,5.0,5.0,29.9,13.68,False,True,False,False,False
1076,125.0,195.57999999999998,256.0,4.67,31.0,17.0,113.0,7.34,4.38,3.0,86.0,0.0,0.0,0.0,0.0,0.0,0.0,0.0,0.0,5703.0,77769.0,885.0,5703.0,77769.0,885.0,0.0,0.0,0.0,0.0,0.0,0.0,0.0,0.0,0.0,0.0,0.0,0.0,0.0,0.0,4.0,58.0,13.0,1.0,4.0,13.0,0.0,5.1,False,False,False,True,False
1077,127.0,193.04,216.0,4.62,34.0,13.0,121.0,7.07,4.25,7.0,228.0,0.0,0.0,0.0,0.0,0.0,20.0,20.0,0.0,4908.0,93283.0,534.0,4928.0,93303.0,534.0,0.0,0.0,0.0,0.0,0.0,0.0,0.0,0.0,0.0,0.0,1.0,1.0,1.0,0.0,4.0,87.0,18.8,0.0,4.0,18.8,0.0,6.0,False,False,False,False,True
1078,7.0,185.42,228.0,4.46,33.5,15.0,122.0,6.91,4.35,4.0,131.0,60.0,77.0,621.0,21.0,0.0,12820.0,62218.0,450.0,2025.0,12531.0,11.0,14845.0,74749.0,461.0,1271.84,1.0,1.0,100.0,3.0,3.0,3.0,0.0,0.0,125.2,11.0,46.0,4.6,0.0,2.0,9.0,3.8,0.0,12.0,4.5,18.7,0.5,False,False,True,False,False
1079,133.0,182.88,233.0,4.4,41.0,29.0,0.0,100.0,4.24,1.0,2.0,190.0,190.0,3408.0,98.0,0.0,20701.0,105460.0,1657.0,3685.0,38534.0,174.0,24386.0,143994.0,1831.0,2990.1199999999994,1.0,1.0,100.0,16.0,16.0,36.0,1.0,0.0,564.4,17.0,77.0,4.7,2.0,3.0,33.0,11.0,0.0,20.0,5.1,19.339999999999996,19.45,False,False,True,False,False
1080,146.0,187.96,245.0,100.0,0.0,0.0,0.0,100.0,100.0,7.0,237.0,22.0,72.0,231.0,2.0,4.0,24.0,99.0,0.0,1096.0,9034.0,92.0,1120.0,9133.0,92.0,0.0,0.0,1.0,0.0,0.0,0.0,0.0,0.0,0.0,0.0,1.0,4.0,4.0,0.0,2.0,10.0,8.0,0.0,2.0,8.0,0.0,0.0,True,False,False,False,False
1081,89.0,175.26,184.0,100.0,0.0,11.0,0.0,100.0,100.0,6.0,210.0,92.0,92.0,1564.0,0.0,0.0,60.0,1008.0,0.0,5445.0,59267.0,712.0,5505.0,60275.0,712.0,0.0,1.0,1.0,100.0,17.0,17.0,17.0,0.0,0.0,242.8,1.0,0.0,0.0,0.0,3.0,45.0,11.1,0.0,3.0,11.1,0.0,0.0,False,False,False,False,True
1082,121.0,195.57999999999998,214.0,4.48,0.0,20.0,0.0,100.0,100.0,6.0,207.0,0.0,0.0,0.0,0.0,0.0,0.0,0.0,0.0,0.0,0.0,0.0,0.0,0.0,0.0,0.0,0.0,0.0,0.0,0.0,0.0,0.0,0.0,0.0,0.0,0.0,0.0,0.0,0.0,0.0,0.0,0.0,0.0,0.0,0.0,0.0,0.0,False,False,False,False,True
1083,30.0,187.96,202.0,4.43,33.5,11.0,115.0,6.71,4.37,6.0,185.0,19.0,19.0,665.0,0.0,0.0,18.0,-90.0,0.0,5592.0,75389.0,762.0,5610.0,75299.0,762.0,0.0,1.0,1.0,100.0,35.0,35.0,35.0,0.0,0.0,394.0,1.0,-5.0,-5.0,0.0,4.0,55.0,13.0,1.0,4.0,13.0,0.0,0.0,False,False,False,False,True
1084,43.0,180.34,200.0,4.41,34.0,0.0,121.0,100.0,100.0,4.0,105.0,13.0,13.0,26.0,13.0,0.0,144.0,652.0,21.0,1258.0,19780.0,120.0,1402.0,20432.0,141.0,0.0,1.0,1.0,100.0,2.0,2.0,22.0,1.0,0.0,446.8,1.0,4.0,4.0,0.0,3.0,48.0,12.0,0.0,3.5,11.0,0.0,4.9,False,False,False,False,True
1085,167.0,190.5,226.0,4.59,38.5,18.0,130.0,6.56,4.03,6.0,191.0,0.0,0.0,0.0,0.0,0.0,3.0,9.0,3.0,6345.0,67060.0,604.0,6348.0,67069.0,607.0,0.0,0.0,0.0,0.0,0.0,0.0,0.0,0.0,0.0,0.0,1.0,3.0,3.0,1.0,6.0,55.0,10.6,0.0,6.0,10.6,0.0,0.0,False,False,False,False,True
1086,76.0,190.5,199.0,4.34,40.0,16.0,129.0,100.0,100.0,2.0,61.0,0.0,0.0,0.0,0.0,0.0,855.0,5081.0,55.0,2974.0,67799.0,321.0,3829.0,72880.0,376.0,0.0,0.0,0.0,0.0,0.0,0.0,0.0,0.0,0.0,0.0,1.0,7.0,3.5,0.0,4.0,63.0,19.7,0.0,5.0,17.5,0.0,0.0,False,False,False,False,True
1087,52.0,180.34,227.0,4.52,38.5,29.0,128.0,7.09,4.25,2.0,35.0,0.0,0.0,0.0,0.0,0.0,19772.0,124463.0,1059.0,540.0,6502.0,47.0,20312.0,130965.0,1106.0,0.0,0.0,0.0,0.0,0.0,0.0,0.0,0.0,0.0,0.0,15.0,85.0,5.9,1.0,1.0,11.0,11.0,0.0,15.0,6.3,0.0,14.0,False,False,True,False,False
1088,26.0,190.5,254.0,4.8,38.0,18.0,120.0,7.13,4.23,5.0,157.0,0.0,0.0,0.0,0.0,0.0,0.0,0.0,0.0,3764.0,53630.0,565.0,3764.0,53630.0,565.0,0.0,0.0,0.0,0.0,0.0,0.0,0.0,0.0,0.0,0.0,0.0,0.0,0.0,0.0,3.0,48.0,13.6,0.0,3.0,13.6,0.0,1.4,False,False,False,True,False
1089,167.0,177.8,181.0,4.43,34.5,14.0,113.0,6.93,4.15,4.0,103.0,0.0,0.0,0.0,0.0,0.0,230.0,1224.0,7.0,7081.0,106130.0,664.0,7311.0,107354.0,671.0,0.0,0.0,0.0,0.0,0.0,0.0,0.0,0.0,0.0,0.0,1.0,2.0,2.0,0.0,6.0,86.0,15.8,0.0,6.0,15.8,0.0,7.5,False,False,False,False,True
1090,178.0,190.5,221.0,4.85,26.5,0.0,105.0,6.96,4.4,1.0,3.0,24043.0,38321.0,340589.0,2238.0,723.0,6714.0,11360.0,397.0,0.0,0.0,0.0,6714.0,11360.0,397.0,0.0,20.0,29.0,62.5,311.0,8.8,9.3,2.0,1.0,156.6,5.0,10.0,2.0,0.0,0.0,0.0,0.0,0.0,5.0,2.0,0.0,13.32,False,True,False,False,False
1091,186.0,193.04,262.0,4.87,28.0,15.0,111.0,7.07,4.4,4.0,120.0,0.0,0.0,0.0,0.0,0.0,0.0,0.0,0.0,1462.0,19037.0,13.0,1462.0,19037.0,13.0,0.0,0.0,0.0,0.0,0.0,0.0,0.0,0.0,0.0,0.0,0.0,0.0,0.0,0.0,2.0,18.0,8.0,0.0,2.0,8.0,0.0,6.35,False,False,False,True,False
1092,48.0,175.26,205.0,4.55,34.0,19.0,122.0,6.79,4.07,4.0,134.0,0.0,0.0,0.0,0.0,0.0,0.0,0.0,0.0,0.0,0.0,0.0,0.0,0.0,0.0,0.0,0.0,0.0,0.0,0.0,0.0,0.0,0.0,0.0,0.0,0.0,0.0,0.0,0.0,0.0,0.0,0.0,0.0,0.0,0.0,0.0,2.6,False,False,True,False,False
1093,76.0,187.96,222.0,4.76,30.5,0.0,114.0,7.09,4.37,7.0,219.0,16282.0,27384.0,225780.0,1554.0,424.0,6965.0,8001.0,215.0,0.0,0.0,0.0,6965.0,8001.0,215.0,0.0,13.0,25.0,62.5,200.0,7.9,8.2,1.0,0.0,140.0,6.0,1.0,0.1,0.0,0.0,0.0,0.0,0.0,6.0,0.1,0.0,0.0,False,True,False,False,False
1094,188.0,193.04,215.0,100.0,26.5,0.0,103.0,100.0,100.0,6.0,199.0,35801.0,55624.0,357435.0,2685.0,1472.0,7261.0,-13219.0,22.0,0.0,0.0,0.0,7261.0,-13219.0,22.0,0.0,34.0,48.0,65.1,311.0,6.7,6.6,2.0,1.0,127.8,5.0,-9.0,-1.7,0.0,0.0,0.0,0.0,0.0,5.0,-1.7,0.0,0.0,False,True,False,False,False
1095,129.0,180.34,229.0,4.54,34.0,17.0,118.0,6.9,4.16,3.0,71.0,2.0,2.0,52.0,2.0,0.0,21851.0,134177.0,1046.0,1381.0,12815.0,36.0,23232.0,146992.0,1082.0,0.0,1.0,1.0,100.0,26.0,26.0,46.0,1.0,0.0,648.4,19.0,122.0,6.4,0.0,1.0,9.0,8.0,0.0,20.0,6.8,0.0,4.9,False,False,True,False,False
1096,197.0,195.57999999999998,247.0,100.0,0.0,14.0,0.0,100.0,100.0,5.0,156.0,0.0,0.0,0.0,0.0,0.0,0.0,0.0,0.0,4533.0,49263.0,142.0,4533.0,49263.0,142.0,0.0,0.0,0.0,0.0,0.0,0.0,0.0,0.0,0.0,0.0,0.0,0.0,0.0,0.0,3.0,31.0,10.3,0.0,3.0,10.3,0.0,0.0,False,False,False,True,False
1097,34.0,185.42,205.0,4.51,36.0,10.0,122.0,6.95,4.37,3.0,81.0,0.0,0.0,0.0,0.0,0.0,23.0,103.0,0.0,7655.0,116736.0,770.0,7678.0,116839.0,770.0,0.0,0.0,0.0,0.0,0.0,0.0,0.0,0.0,0.0,0.0,1.0,4.0,4.0,0.0,7.0,91.0,12.6,1.0,7.0,12.6,0.0,3.2,False,False,False,False,True
1098,133.0,195.57999999999998,247.0,4.54,41.5,22.0,129.0,6.76,4.1,2.0,42.0,0.0,0.0,0.0,0.0,0.0,0.0,0.0,0.0,4596.0,51098.0,553.0,4596.0,51098.0,553.0,0.0,0.0,0.0,0.0,0.0,0.0,0.0,0.0,0.0,0.0,0.0,0.0,0.0,0.0,4.0,46.0,11.0,0.0,4.0,11.0,0.0,1.6,False,False,False,True,False
1099,152.0,195.57999999999998,256.0,100.0,0.0,23.0,0.0,100.0,100.0,2.0,49.0,0.0,0.0,0.0,0.0,0.0,0.0,0.0,0.0,0.0,0.0,0.0,0.0,0.0,0.0,0.0,0.0,0.0,0.0,0.0,0.0,0.0,0.0,0.0,0.0,0.0,0.0,0.0,0.0,0.0,0.0,0.0,0.0,0.0,0.0,0.0,3.55,False,False,False,True,False
1100,76.0,177.8,224.0,4.49,31.5,15.0,0.0,100.0,100.0,2.0,59.0,0.0,0.0,0.0,0.0,0.0,19212.0,111556.0,846.0,1616.0,12004.0,177.0,20828.0,123560.0,1023.0,0.0,0.0,0.0,0.0,0.0,0.0,0.0,0.0,0.0,0.0,20.0,97.0,4.5,1.0,1.0,18.0,8.0,0.0,21.0,5.0,0.0,0.0,False,False,True,False,False
1101,133.0,185.42,203.0,100.0,34.5,0.0,118.0,6.84,4.15,4.0,113.0,0.0,0.0,0.0,0.0,0.0,0.0,0.0,0.0,0.0,0.0,0.0,0.0,0.0,0.0,0.0,0.0,0.0,0.0,0.0,0.0,0.0,0.0,0.0,0.0,0.0,0.0,0.0,0.0,0.0,0.0,0.0,0.0,0.0,0.0,0.0,0.0,False,False,False,False,True
1102,89.0,193.04,253.0,100.0,0.0,21.0,0.0,100.0,100.0,4.0,107.0,0.0,0.0,0.0,0.0,0.0,0.0,0.0,0.0,0.0,0.0,0.0,0.0,0.0,0.0,0.0,0.0,0.0,0.0,0.0,0.0,0.0,0.0,0.0,0.0,0.0,0.0,0.0,0.0,0.0,0.0,0.0,0.0,0.0,0.0,0.0,7.449999999999999,False,False,False,True,False
1103,112.0,172.72,198.0,4.38,35.5,0.0,119.0,7.18,4.35,4.0,104.0,0.0,20.0,0.0,0.0,0.0,13504.0,80810.0,936.0,2611.0,22938.0,24.0,16115.0,103748.0,960.0,94.0,0.0,1.0,0.0,0.0,0.0,0.0,0.0,0.0,0.0,16.0,72.0,5.4,1.0,2.0,15.0,7.5,0.0,15.0,5.9,4.7,7.0,False,False,True,False,False
1104,149.0,193.04,250.0,4.67,31.5,0.0,120.0,7.19,4.37,1.0,25.0,23.0,115.0,261.0,0.0,0.0,765.0,2844.0,4.0,3671.0,47205.0,111.0,4436.0,50049.0,115.0,0.0,0.0,1.0,0.0,0.0,0.0,0.0,0.0,0.0,0.0,1.0,6.0,4.5,0.0,3.0,41.0,11.8,0.0,4.0,9.3,0.0,2.45,False,False,False,True,False
1105,47.0,195.57999999999998,256.0,4.94,33.0,18.0,110.0,7.15,4.43,7.0,250.0,0.0,0.0,0.0,0.0,0.0,0.0,0.0,0.0,1947.0,30186.0,297.0,1947.0,30186.0,297.0,0.0,0.0,0.0,0.0,0.0,0.0,0.0,0.0,0.0,0.0,0.0,0.0,0.0,0.0,1.0,29.0,13.5,0.0,1.0,13.5,0.0,0.0,False,False,False,True,False
1106,120.0,182.88,199.0,4.52,38.5,13.0,122.0,6.81,4.07,7.0,251.0,93.0,93.0,1116.0,93.0,0.0,31427.0,146477.0,1030.0,4211.0,24841.0,1.0,35638.0,171318.0,1031.0,2341.74,1.0,1.0,100.0,12.0,12.0,32.0,1.0,0.0,530.8,25.0,116.0,4.5,1.0,3.0,13.0,4.5,0.0,28.0,4.9,25.18,5.7,False,False,True,False,False
1107,82.0,187.96,216.0,100.0,0.0,0.0,0.0,100.0,100.0,1.0,32.0,20440.0,35737.0,290858.0,2188.0,829.0,21472.0,149865.0,1668.0,0.0,0.0,0.0,21472.0,149865.0,1668.0,0.0,15.0,26.0,57.7,231.0,8.0,8.4,2.0,0.0,140.0,18.0,147.0,7.7,1.0,0.0,0.0,0.0,0.0,18.0,7.7,0.0,7.1000000000000005,False,True,False,False,False
1108,94.0,177.8,183.0,4.48,35.5,6.0,122.0,6.87,4.16,7.0,240.0,107.0,219.0,1380.0,0.0,0.0,1332.0,10102.0,87.0,4075.0,48799.0,402.0,5407.0,58901.0,489.0,2743.9,0.0,1.0,0.0,0.0,0.0,0.0,0.0,0.0,0.0,2.0,16.0,5.3,0.0,7.0,85.0,9.4,1.0,10.0,10.6,9.799999999999999,8.149999999999999,False,False,False,False,True
1109,11.0,180.34,213.0,100.0,40.0,11.0,126.0,7.07,4.29,2.0,43.0,138.0,138.0,468.0,100.0,0.0,27101.0,128896.0,1313.0,2536.0,19863.0,183.0,29637.0,148759.0,1496.0,2928.02,1.0,1.0,100.0,3.0,3.0,23.0,1.0,0.0,455.2,22.0,104.0,4.5,1.0,2.0,14.0,5.8,0.0,24.0,4.9,28.12,12.100000000000001,False,False,True,False,False
1110,178.0,180.34,205.0,4.65,36.5,0.0,0.0,100.0,100.0,2.0,38.0,137.0,137.0,3070.0,137.0,0.0,27601.0,166123.0,1851.0,2524.0,22824.0,45.0,30125.0,188947.0,1896.0,0.0,1.0,1.0,100.0,30.0,30.0,50.0,1.0,0.0,682.0,14.0,77.0,5.7,1.0,1.0,8.0,8.0,0.0,13.0,6.7,0.0,0.0,False,False,True,False,False
1111,163.0,177.8,216.0,100.0,35.0,15.0,120.0,7.13,4.51,6.0,176.0,90.0,90.0,900.0,0.0,0.0,12625.0,46149.0,391.0,1951.0,12634.0,0.0,14576.0,58783.0,391.0,872.9999999999999,1.0,1.0,100.0,10.0,10.0,10.0,0.0,0.0,184.0,14.0,52.0,3.6,0.0,2.0,13.0,5.0,0.0,15.0,4.4,9.7,2.9000000000000004,False,False,True,False,False
1112,166.0,177.8,201.0,4.47,35.5,20.0,115.0,7.09,4.45,2.0,47.0,0.0,36.0,0.0,0.0,0.0,316.0,992.0,0.0,6883.0,84518.0,728.0,7199.0,85510.0,728.0,0.0,0.0,1.0,0.0,0.0,0.0,0.0,0.0,0.0,0.0,1.0,4.0,4.0,0.0,5.0,62.0,13.0,0.0,5.0,11.1,0.0,9.75,False,False,False,False,True
1113,176.0,185.42,203.0,4.5,34.5,8.0,112.0,100.0,4.19,5.0,162.0,18.0,18.0,540.0,0.0,0.0,285.0,-933.0,0.0,5289.0,96962.0,631.0,5574.0,96029.0,631.0,0.0,1.0,1.0,100.0,30.0,30.0,30.0,0.0,0.0,352.0,1.0,-2.0,-2.0,0.0,7.0,128.0,18.9,1.0,7.0,16.5,0.0,0.0,False,False,False,False,True
1114,140.0,190.5,222.0,4.81,31.0,0.0,113.0,6.95,4.07,4.0,108.0,0.0,0.0,0.0,0.0,0.0,0.0,0.0,0.0,0.0,0.0,0.0,0.0,0.0,0.0,0.0,0.0,0.0,0.0,0.0,0.0,0.0,0.0,0.0,0.0,0.0,0.0,0.0,0.0,0.0,0.0,0.0,0.0,0.0,0.0,0.0,-2.2,False,True,False,False,False
1115,105.0,193.04,218.0,4.98,32.0,0.0,115.0,7.0,4.41,6.0,203.0,19395.0,32856.0,248452.0,1721.0,835.0,2304.0,-7595.0,6.0,0.0,0.0,0.0,2304.0,-7595.0,6.0,0.0,21.0,38.0,60.5,246.0,8.2,9.0,2.0,0.0,144.9,2.0,-8.0,-3.6,0.0,0.0,0.0,0.0,0.0,2.0,-3.6,0.0,0.0,False,True,False,False,False
1116,125.0,185.42,215.0,4.84,29.0,0.0,111.0,7.0,4.28,1.0,1.0,33653.0,48767.0,498035.0,4665.0,895.0,12295.0,44932.0,702.0,83.0,166.0,83.0,12378.0,45098.0,785.0,2347.2400000000002,21.0,31.0,66.7,296.0,10.6,11.0,3.0,0.0,174.0,8.0,20.0,3.3,0.0,1.0,2.0,2.0,1.0,8.0,3.3,28.28,16.54,False,True,False,False,False
1117,30.0,175.26,190.0,4.53,34.5,13.0,113.0,100.0,100.0,6.0,187.0,0.0,0.0,0.0,0.0,0.0,0.0,0.0,0.0,0.0,0.0,0.0,0.0,0.0,0.0,0.0,0.0,0.0,0.0,0.0,0.0,0.0,0.0,0.0,0.0,0.0,0.0,0.0,0.0,0.0,0.0,0.0,0.0,0.0,0.0,0.0,0.0,False,False,False,False,True
1118,52.0,180.34,214.0,4.54,0.0,22.0,0.0,100.0,4.21,1.0,31.0,0.0,0.0,0.0,0.0,0.0,15859.0,118239.0,1453.0,1350.0,16765.0,119.0,17209.0,135004.0,1572.0,0.0,0.0,0.0,0.0,0.0,0.0,0.0,0.0,0.0,0.0,11.0,84.0,6.4,1.0,2.0,19.0,11.0,0.0,12.0,7.3,0.0,7.35,False,False,True,False,False
1119,87.0,180.34,201.0,100.0,0.0,22.0,0.0,100.0,100.0,2.0,51.0,92.0,442.0,3220.0,0.0,0.0,5385.0,12734.0,194.0,18108.0,254823.0,2461.0,23493.0,267557.0,2655.0,1389.2,0.0,2.0,0.0,0.0,0.0,0.0,0.0,0.0,0.0,4.0,3.0,1.0,0.0,3.0,37.0,13.0,0.0,3.0,11.0,15.1,7.45,False,False,False,False,True
1120,84.0,182.88,210.0,4.42,39.5,15.0,132.0,6.95,4.07,1.0,24.0,186.0,228.0,1503.0,0.0,0.0,2868.0,30950.0,4.0,7646.0,110055.0,802.0,10514.0,141005.0,806.0,518.4399999999999,1.0,1.0,100.0,0.0,0.0,0.0,0.0,0.0,49.6,2.0,14.0,10.0,0.0,3.0,60.0,14.7,0.0,3.0,12.7,14.799999999999999,6.15,False,False,False,False,True
1121,146.0,180.34,220.0,4.46,32.5,13.0,120.0,100.0,100.0,1.0,27.0,0.0,0.0,0.0,0.0,0.0,22095.0,167672.0,1755.0,1021.0,9039.0,121.0,23116.0,176711.0,1876.0,0.0,0.0,0.0,0.0,0.0,0.0,0.0,0.0,0.0,0.0,20.0,107.0,6.4,1.0,1.0,8.0,6.0,0.0,20.0,6.9,0.0,6.3,False,False,True,False,False
1122,142.0,180.34,203.0,4.55,33.5,17.0,116.0,6.91,4.19,7.0,256.0,3.0,94.0,102.0,0.0,91.0,10.0,51.0,0.0,8825.0,89151.0,1025.0,8835.0,89202.0,1025.0,0.0,0.0,1.0,0.0,0.0,0.0,-45.0,0.0,1.0,-200.0,1.0,5.5,5.5,0.0,8.0,96.0,10.9,1.0,8.0,10.9,0.0,11.0,False,False,False,False,True
1123,3.0,182.88,189.0,4.43,31.0,15.0,110.0,6.88,4.41,1.0,26.0,0.0,0.0,0.0,0.0,0.0,48.0,198.0,5.0,5585.0,85081.0,342.0,5633.0,85279.0,347.0,0.0,0.0,0.0,0.0,0.0,0.0,0.0,0.0,0.0,0.0,1.0,2.0,2.0,0.0,4.0,61.0,12.8,0.0,4.0,12.8,0.0,6.2,False,False,False,False,True
1124,176.0,193.04,226.0,4.92,31.0,0.0,111.0,7.09,4.28,1.0,10.0,19937.0,32984.0,259350.0,1346.0,699.0,3812.0,-10211.0,130.0,0.0,0.0,0.0,3812.0,-10211.0,130.0,0.0,21.0,36.0,58.8,266.0,8.1,8.4,1.0,0.0,136.0,5.0,-14.0,-5.5,0.0,0.0,0.0,0.0,0.0,5.0,-5.5,0.0,5.0600000000000005,False,True,False,False,False
1125,127.0,195.57999999999998,235.0,4.9,26.0,0.0,0.0,100.0,100.0,3.0,76.0,28703.0,44800.0,424343.0,2976.0,723.0,6785.0,3614.0,789.0,56.0,579.0,0.0,6841.0,4193.0,789.0,1410.26,25.0,35.0,65.6,376.0,9.2,10.0,3.0,0.0,163.4,5.0,5.0,1.2,0.0,1.0,7.0,7.0,0.0,5.0,1.2,22.499999999999996,0.0,False,True,False,False,False
1126,112.0,180.34,225.0,4.54,34.5,18.0,121.0,6.93,4.28,5.0,165.0,19.0,115.0,1053.0,17.0,0.0,7384.0,43263.0,954.0,5639.0,47889.0,275.0,13023.0,91152.0,1229.0,1942.32,0.0,1.0,0.0,0.0,0.0,0.0,0.0,0.0,0.0,6.0,33.0,5.5,1.0,4.0,28.0,7.3,0.0,10.0,7.5,16.5,10.2,False,False,False,True,False
1127,3.0,185.42,228.0,4.52,40.0,14.0,129.0,100.0,4.34,7.0,236.0,0.0,0.0,0.0,0.0,0.0,9072.0,46487.0,619.0,858.0,4923.0,0.0,9930.0,51410.0,619.0,0.0,0.0,0.0,0.0,0.0,0.0,0.0,0.0,0.0,0.0,7.0,39.0,4.3,0.0,2.0,8.0,7.0,0.0,8.0,4.3,0.0,0.0,False,False,True,False,False
1128,157.0,195.57999999999998,244.0,4.75,32.0,15.0,120.0,7.0,4.4,4.0,137.0,0.0,0.0,0.0,0.0,0.0,0.0,0.0,0.0,1863.0,18569.0,134.0,1863.0,18569.0,134.0,0.0,0.0,0.0,0.0,0.0,0.0,0.0,0.0,0.0,0.0,0.0,0.0,0.0,0.0,2.0,15.0,8.0,0.0,2.0,8.0,0.0,1.7,False,False,False,True,False
1129,109.0,195.57999999999998,218.0,4.56,34.5,16.0,124.0,7.2,4.4,4.0,132.0,0.0,0.0,0.0,0.0,0.0,0.0,0.0,0.0,5804.0,83529.0,579.0,5804.0,83529.0,579.0,0.0,0.0,0.0,0.0,0.0,0.0,0.0,0.0,0.0,0.0,0.0,0.0,0.0,0.0,6.0,68.0,14.9,0.0,6.0,14.9,0.0,0.0,False,False,False,False,True
1130,121.0,195.57999999999998,253.0,4.81,31.0,18.0,110.0,7.17,4.23,4.0,123.0,0.0,0.0,0.0,0.0,0.0,0.0,0.0,0.0,1171.0,16474.0,163.0,1171.0,16474.0,163.0,0.0,0.0,0.0,0.0,0.0,0.0,0.0,0.0,0.0,0.0,0.0,0.0,0.0,0.0,2.0,20.0,16.0,0.0,2.0,16.0,0.0,0.0,False,False,False,True,False
1131,142.0,190.5,218.0,4.54,35.5,18.0,124.0,6.57,4.11,2.0,40.0,40.0,40.0,1515.0,0.0,0.0,2.0,4.0,2.0,6958.0,111278.0,973.0,6960.0,111282.0,975.0,0.0,1.0,1.0,100.0,45.0,45.0,45.0,0.0,0.0,478.0,1.0,2.0,2.0,1.0,6.0,83.0,16.0,0.0,6.0,16.0,0.0,7.25,False,False,False,False,True
1132,47.0,195.57999999999998,228.0,4.68,31.0,0.0,112.0,100.0,100.0,7.0,253.0,0.0,0.0,0.0,0.0,0.0,0.0,0.0,0.0,3254.0,42854.0,807.0,3254.0,42854.0,807.0,0.0,0.0,0.0,0.0,0.0,0.0,0.0,0.0,0.0,0.0,0.0,0.0,0.0,0.0,2.0,30.0,11.5,1.0,2.0,11.5,0.0,0.5,False,False,False,False,True
1133,64.0,193.04,259.0,4.74,36.0,0.0,123.0,7.15,4.2,4.0,101.0,0.0,0.0,0.0,0.0,0.0,0.0,0.0,0.0,1429.0,21159.0,205.0,1429.0,21159.0,205.0,0.0,0.0,0.0,0.0,0.0,0.0,0.0,0.0,0.0,0.0,0.0,0.0,0.0,0.0,2.0,11.0,7.0,0.0,2.0,7.0,0.0,4.4,False,False,False,True,False
1134,98.0,195.57999999999998,265.0,4.74,27.0,16.0,111.0,7.5,4.75,6.0,211.0,0.0,0.0,0.0,0.0,0.0,9238.0,39342.0,85.0,3151.0,39737.0,367.0,12389.0,79079.0,452.0,0.0,0.0,0.0,0.0,0.0,0.0,0.0,0.0,0.0,0.0,8.0,24.0,3.3,0.0,2.0,15.0,9.5,0.0,5.0,6.2,0.0,1.6,False,False,False,True,False
1135,153.0,193.04,206.0,4.37,30.5,15.0,124.0,100.0,100.0,5.0,174.0,0.0,0.0,0.0,0.0,0.0,696.0,10301.0,98.0,4458.0,75632.0,477.0,5154.0,85933.0,575.0,0.0,0.0,0.0,0.0,0.0,0.0,0.0,0.0,0.0,0.0,1.0,6.0,6.0,0.0,3.0,41.0,13.7,0.0,4.0,13.4,0.0,5.8,False,False,False,False,True
1136,89.0,177.8,202.0,4.6,31.5,18.0,118.0,100.0,100.0,4.0,112.0,0.0,0.0,0.0,0.0,0.0,7851.0,31208.0,293.0,1148.0,15563.0,36.0,8999.0,46771.0,329.0,0.0,0.0,0.0,0.0,0.0,0.0,0.0,0.0,0.0,0.0,12.5,49.0,3.0,0.0,3.0,38.0,12.7,0.0,16.0,5.4,0.0,1.15,False,False,True,False,False
1137,127.0,180.34,213.0,4.54,34.5,14.0,120.0,7.11,4.32,2.0,60.0,0.0,0.0,0.0,0.0,0.0,27428.0,103973.0,1078.0,13940.0,188812.0,1418.0,41368.0,292785.0,2496.0,0.0,0.0,0.0,0.0,0.0,0.0,0.0,0.0,0.0,0.0,8.0,25.0,3.3,0.0,4.0,35.0,9.3,0.0,9.0,5.1,0.0,2.0,False,False,False,False,True
1138,192.0,195.57999999999998,224.0,5.09,27.0,0.0,96.0,7.4,4.4,5.0,171.0,31161.0,47990.0,385342.0,2878.0,741.0,5129.0,-19910.0,386.0,0.0,0.0,0.0,5129.0,-19910.0,386.0,0.0,26.0,40.0,64.9,334.0,8.1,8.5,2.0,0.0,154.1,6.0,-21.0,-3.5,0.0,0.0,0.0,0.0,0.0,6.0,-3.5,0.0,0.0,False,True,False,False,False
1139,96.0,185.42,216.0,100.0,36.0,16.0,117.0,100.0,4.27,5.0,169.0,11.0,23.0,341.0,11.0,0.0,13081.0,92350.0,789.0,1533.0,17317.0,4.0,14614.0,109667.0,793.0,0.0,0.0,1.0,0.0,0.0,0.0,0.0,0.0,0.0,0.0,13.0,101.0,6.8,1.0,2.0,24.0,13.2,0.0,14.0,7.3,0.0,3.4,False,False,True,False,False
1140,17.0,187.96,197.0,4.55,37.0,9.0,121.0,6.89,4.23,6.0,208.0,0.0,9.0,0.0,0.0,9.0,0.0,0.0,0.0,450.0,4742.0,86.0,450.0,4742.0,86.0,0.0,0.0,1.0,0.0,0.0,0.0,-45.0,0.0,1.0,-200.0,0.0,0.0,0.0,0.0,5.0,57.0,8.8,1.0,5.0,8.8,0.0,0.0,False,False,False,False,True
1141,52.0,190.5,215.0,4.53,33.5,0.0,113.0,7.0,100.0,7.0,224.0,0.0,0.0,0.0,0.0,0.0,0.0,0.0,0.0,3606.0,53703.0,567.0,3606.0,53703.0,567.0,0.0,0.0,0.0,0.0,0.0,0.0,0.0,0.0,0.0,0.0,0.0,0.0,0.0,0.0,3.0,46.0,13.8,1.0,3.0,13.8,0.0,0.0,False,False,False,False,True
1142,170.0,185.42,213.0,4.79,31.5,0.0,103.0,6.94,4.15,7.0,249.0,23912.0,36947.0,338917.0,2683.0,966.0,4462.0,3488.0,106.0,0.0,0.0,0.0,4462.0,3488.0,106.0,0.0,19.0,29.0,65.5,289.0,8.5,8.5,2.0,0.0,156.7,3.0,3.0,2.4,0.0,0.0,0.0,0.0,0.0,3.0,2.4,0.0,0.0,False,True,False,False,False
1143,125.0,182.88,224.0,100.0,0.0,25.0,0.0,100.0,100.0,6.0,211.0,0.0,0.0,0.0,0.0,0.0,19351.0,126948.0,1475.0,1389.0,23952.0,458.0,20740.0,150900.0,1933.0,0.0,0.0,0.0,0.0,0.0,0.0,0.0,0.0,0.0,0.0,19.0,100.0,5.3,1.0,2.0,30.0,9.0,1.0,23.0,6.9,0.0,0.0,False,False,True,False,False
1144,157.0,187.96,225.0,100.0,0.0,0.0,0.0,100.0,100.0,2.0,57.0,0.0,0.0,0.0,0.0,0.0,0.0,0.0,0.0,0.0,0.0,0.0,0.0,0.0,0.0,0.0,0.0,0.0,0.0,0.0,0.0,0.0,0.0,0.0,0.0,0.0,0.0,0.0,0.0,0.0,0.0,0.0,0.0,0.0,0.0,0.0,0.0,False,False,False,False,True
1145,161.0,180.34,220.0,4.45,30.0,22.0,114.0,7.02,4.29,5.0,140.0,0.0,0.0,0.0,0.0,0.0,29919.0,149435.0,1829.0,1716.0,11393.0,0.0,31635.0,160828.0,1829.0,0.0,0.0,0.0,0.0,0.0,0.0,0.0,0.0,0.0,0.0,14.0,56.0,4.5,0.0,1.0,8.0,7.0,0.0,14.0,4.6,0.0,0.7,False,False,True,False,False
1146,121.0,193.04,220.0,4.42,43.5,12.0,140.0,6.77,4.07,3.0,93.0,0.0,0.0,0.0,0.0,0.0,0.0,0.0,0.0,6010.0,95368.0,825.0,6010.0,95368.0,825.0,0.0,0.0,0.0,0.0,0.0,0.0,0.0,0.0,0.0,0.0,0.0,0.0,0.0,0.0,2.0,54.0,14.5,0.0,2.0,14.5,0.0,4.0,False,False,False,False,True
1147,96.0,182.88,226.0,4.49,36.5,19.0,120.0,100.0,100.0,2.0,51.0,0.0,0.0,0.0,0.0,0.0,265.0,956.0,12.0,13175.0,193165.0,1196.0,13440.0,194121.0,1208.0,0.0,0.0,0.0,0.0,0.0,0.0,0.0,0.0,0.0,0.0,1.0,2.0,2.0,0.0,7.0,93.0,13.3,0.0,7.0,13.3,0.0,9.200000000000001,False,False,False,False,True
1148,125.0,175.26,166.0,100.0,0.0,0.0,0.0,100.0,100.0,1.0,25.0,0.0,0.0,0.0,0.0,0.0,216.0,0.0,0.0,10731.0,203777.0,1560.0,10947.0,203777.0,1560.0,0.0,0.0,0.0,0.0,0.0,0.0,0.0,0.0,0.0,0.0,1.0,0.0,0.0,0.0,5.0,87.0,21.0,1.0,5.0,21.0,0.0,6.3,False,False,False,False,True
1149,68.0,195.57999999999998,227.0,4.48,36.0,18.0,128.0,100.0,100.0,4.0,103.0,0.0,0.0,0.0,0.0,0.0,0.0,0.0,0.0,7051.0,139528.0,1030.0,7051.0,139528.0,1030.0,0.0,0.0,0.0,0.0,0.0,0.0,0.0,0.0,0.0,0.0,0.0,0.0,0.0,0.0,3.0,62.0,15.5,0.0,3.0,15.5,0.0,0.0,False,False,False,False,True
1150,124.0,182.88,205.0,4.31,40.0,11.0,135.0,100.0,4.03,2.0,59.0,0.0,0.0,0.0,0.0,0.0,1475.0,12978.0,101.0,9160.0,113145.0,1045.0,10635.0,126123.0,1146.0,0.0,0.0,0.0,0.0,0.0,0.0,0.0,0.0,0.0,0.0,2.0,19.0,9.5,0.0,4.0,46.0,9.0,0.0,4.0,9.2,0.0,5.7,False,False,False,False,True
1151,66.0,193.04,249.0,4.5,39.5,20.0,127.0,6.81,4.22,1.0,20.0,0.0,0.0,0.0,0.0,0.0,245.0,303.0,0.0,5217.0,75302.0,1354.0,5462.0,75605.0,1354.0,0.0,0.0,0.0,0.0,0.0,0.0,0.0,0.0,0.0,0.0,1.0,3.0,3.0,0.0,3.0,31.0,10.5,1.0,3.0,10.5,0.0,5.1,False,False,False,True,False
1152,112.0,193.04,213.0,4.73,30.5,0.0,116.0,7.2,4.2,4.0,104.0,50536.0,78577.0,605463.0,3373.0,1544.0,9886.0,20692.0,261.0,190.0,1776.0,0.0,10076.0,22468.0,261.0,4990.16,22.0,34.0,65.4,308.0,7.5,8.1,1.0,1.0,143.2,4.0,6.0,2.0,0.0,1.0,20.0,20.0,0.0,4.0,2.0,19.64,8.48,False,True,False,False,False
1153,128.0,187.96,215.0,4.58,36.5,15.0,126.0,100.0,100.0,6.0,184.0,0.0,0.0,0.0,0.0,0.0,0.0,0.0,0.0,6965.0,106248.0,812.0,6965.0,106248.0,812.0,0.0,0.0,0.0,0.0,0.0,0.0,0.0,0.0,0.0,0.0,0.0,0.0,0.0,0.0,3.0,34.0,13.3,0.0,3.0,13.3,0.0,0.0,False,False,False,False,True
1154,186.0,175.26,205.0,4.58,35.5,24.0,118.0,7.19,4.27,7.0,234.0,0.0,0.0,0.0,0.0,0.0,42962.0,228738.0,2527.0,2978.0,22658.0,174.0,45940.0,251396.0,2701.0,0.0,0.0,0.0,0.0,0.0,0.0,0.0,0.0,0.0,0.0,18.0,93.0,4.8,1.0,1.0,9.0,4.5,0.0,18.0,5.5,0.0,2.2,False,False,True,False,False
1155,91.0,203.2,265.0,4.9,29.5,12.0,110.0,7.4,4.53,5.0,141.0,0.0,0.0,0.0,0.0,0.0,0.0,0.0,0.0,3633.0,56877.0,234.0,3633.0,56877.0,234.0,0.0,0.0,0.0,0.0,0.0,0.0,0.0,0.0,0.0,0.0,0.0,0.0,0.0,0.0,2.0,32.0,13.5,0.0,2.0,13.5,0.0,0.9,False,False,False,True,False
1156,52.0,180.34,184.0,4.55,36.5,0.0,117.0,6.96,100.0,7.0,237.0,13.0,51.0,572.0,13.0,19.0,159.0,871.0,21.0,5532.0,76220.0,520.0,5691.0,77091.0,541.0,245.18,0.0,2.0,0.0,0.0,0.0,-22.5,0.0,1.0,-100.0,2.0,14.0,6.5,0.0,2.0,36.0,12.0,0.0,2.0,11.7,18.86,0.0,False,False,False,False,True
1157,190.0,187.96,217.0,4.84,34.0,0.0,112.0,7.09,4.28,3.0,100.0,38183.0,57743.0,541986.0,5328.0,1444.0,7236.0,-6412.0,215.0,0.0,0.0,0.0,7236.0,-6412.0,215.0,0.0,25.0,39.0,68.3,353.0,8.8,9.9,3.0,1.0,165.8,3.0,-4.0,-1.0,0.0,0.0,0.0,0.0,0.0,3.0,-1.0,0.0,-0.3399999999999992,False,True,False,False,False
1158,52.0,177.8,187.0,4.33,36.5,17.0,119.0,100.0,100.0,2.0,56.0,0.0,0.0,0.0,0.0,0.0,829.0,7218.0,95.0,4689.0,77822.0,699.0,5518.0,85040.0,794.0,0.0,0.0,0.0,0.0,0.0,0.0,0.0,0.0,0.0,0.0,1.0,4.0,4.0,0.0,2.0,43.0,15.0,0.0,3.0,14.2,0.0,10.549999999999999,False,False,False,False,True
1159,112.0,187.96,221.0,4.6,32.5,18.0,117.0,7.15,4.32,6.0,206.0,0.0,0.0,0.0,0.0,0.0,0.0,0.0,0.0,11362.0,173164.0,966.0,11362.0,173164.0,966.0,0.0,0.0,0.0,0.0,0.0,0.0,0.0,0.0,0.0,0.0,0.0,0.0,0.0,0.0,6.0,94.0,14.0,0.0,6.0,14.0,0.0,3.35,False,False,False,False,True
1160,3.0,177.8,216.0,4.57,37.0,16.0,121.0,100.0,100.0,3.0,87.0,0.0,0.0,0.0,0.0,0.0,21446.0,141371.0,1105.0,2267.0,19479.0,18.0,23713.0,160850.0,1123.0,0.0,0.0,0.0,0.0,0.0,0.0,0.0,0.0,0.0,0.0,9.0,55.0,5.8,0.0,1.0,11.0,10.0,0.0,9.0,5.8,0.0,1.2,False,False,True,False,False
1161,7.0,187.96,228.0,4.53,38.5,27.0,122.0,100.0,100.0,1.0,32.0,117.0,203.0,2246.0,98.0,69.0,1628.0,6653.0,171.0,11552.0,168301.0,1378.0,13180.0,174954.0,1549.0,1886.94,1.0,1.0,100.0,14.0,14.0,34.0,0.0,0.0,486.4,2.0,5.0,2.5,0.0,6.0,84.0,14.8,1.0,7.0,12.7,13.76,4.1,False,False,False,False,True
1162,124.0,190.5,231.0,5.04,28.5,0.0,0.0,100.0,100.0,1.0,15.0,31632.0,45057.0,420603.0,4404.0,770.0,7703.0,16555.0,270.0,0.0,0.0,0.0,7703.0,16555.0,270.0,0.0,21.0,30.0,73.3,270.0,9.6,11.0,3.0,0.0,176.2,4.0,8.0,2.0,0.0,0.0,0.0,0.0,0.0,4.0,2.0,0.0,4.930000000000001,False,True,False,False,False
1163,87.0,172.72,208.0,4.49,33.5,22.0,121.0,100.0,100.0,3.0,70.0,125.0,199.0,500.0,125.0,0.0,28412.0,250019.0,2609.0,4082.0,54448.0,591.0,32494.0,304467.0,3200.0,9135.3,1.0,1.0,100.0,4.0,4.0,24.0,1.0,0.0,463.6,12.0,109.0,7.8,1.0,2.0,18.0,14.0,0.0,14.0,9.3,51.059999999999995,1.2,False,False,True,False,False
1164,127.0,177.8,198.0,4.4,40.0,21.0,130.0,100.0,100.0,4.0,113.0,0.0,0.0,0.0,0.0,0.0,36294.0,211652.0,1886.0,2923.0,17249.0,98.0,39217.0,228901.0,1984.0,0.0,0.0,0.0,0.0,0.0,0.0,0.0,0.0,0.0,0.0,18.0,117.0,6.1,1.0,2.0,10.0,5.0,0.0,19.0,5.9,0.0,3.2,False,False,True,False,False
1165,66.0,195.57999999999998,251.0,4.7,37.5,17.0,123.0,7.02,4.18,1.0,8.0,0.0,0.0,0.0,0.0,0.0,71.0,284.0,71.0,5313.0,78864.0,595.0,5384.0,79148.0,666.0,0.0,0.0,0.0,0.0,0.0,0.0,0.0,0.0,0.0,0.0,1.0,4.0,4.0,1.0,3.0,41.0,13.0,0.0,3.0,13.0,0.0,3.3499999999999996,False,False,False,True,False
1166,89.0,177.8,201.0,4.48,39.5,17.0,130.0,7.07,4.31,6.0,204.0,0.0,0.0,0.0,0.0,0.0,27585.0,158826.0,827.0,2586.0,26992.0,95.0,30171.0,185818.0,922.0,0.0,0.0,0.0,0.0,0.0,0.0,0.0,0.0,0.0,0.0,13.0,69.0,5.4,0.0,2.0,20.0,9.0,0.0,14.0,5.5,0.0,8.0,False,False,True,False,False
1167,14.0,195.57999999999998,226.0,100.0,0.0,23.0,0.0,100.0,100.0,3.0,67.0,0.0,0.0,0.0,0.0,0.0,10299.0,43913.0,503.0,6613.0,85380.0,527.0,16912.0,129293.0,1030.0,0.0,0.0,0.0,0.0,0.0,0.0,0.0,0.0,0.0,0.0,8.0,21.0,4.2,0.0,4.0,58.0,13.7,0.0,11.0,9.0,0.0,0.0,False,False,False,False,True
1168,85.0,175.26,188.0,4.31,36.5,15.0,121.0,6.95,4.15,2.0,62.0,0.0,0.0,0.0,0.0,0.0,1853.0,14295.0,86.0,13889.0,223578.0,1968.0,15742.0,237873.0,2054.0,0.0,0.0,0.0,0.0,0.0,0.0,0.0,0.0,0.0,0.0,1.0,8.0,7.0,0.0,7.0,95.0,14.7,1.0,8.0,14.2,0.0,1.05,False,False,False,False,True
1169,3.0,177.8,220.0,100.0,0.0,0.0,0.0,100.0,100.0,1.0,24.0,0.0,0.0,0.0,0.0,0.0,0.0,0.0,0.0,0.0,0.0,0.0,0.0,0.0,0.0,0.0,0.0,0.0,0.0,0.0,0.0,0.0,0.0,0.0,0.0,0.0,0.0,0.0,0.0,0.0,0.0,0.0,0.0,0.0,0.0,0.0,12.4,False,False,True,False,False
1170,190.0,185.42,214.0,4.42,37.0,20.0,127.0,7.32,4.15,4.0,120.0,0.0,83.0,0.0,0.0,0.0,0.0,0.0,0.0,11490.0,145921.0,1212.0,11490.0,145921.0,1212.0,0.0,0.0,1.0,0.0,0.0,0.0,0.0,0.0,0.0,0.0,0.0,0.0,0.0,0.0,6.0,69.0,10.3,0.0,6.0,10.3,0.0,0.0,False,False,False,False,True
1171,170.0,177.8,183.0,4.53,33.5,15.0,123.0,7.09,4.45,3.0,66.0,0.0,0.0,0.0,0.0,0.0,323.0,2014.0,0.0,9731.0,158185.0,1599.0,10054.0,160199.0,1599.0,0.0,0.0,0.0,0.0,0.0,0.0,0.0,0.0,0.0,0.0,1.0,5.0,5.0,0.0,4.0,61.0,15.5,1.0,4.0,15.5,0.0,5.85,False,False,False,False,True
1172,50.0,185.42,201.0,4.6,30.0,14.0,117.0,7.28,4.23,6.0,174.0,0.0,0.0,0.0,0.0,0.0,0.0,0.0,0.0,0.0,0.0,0.0,0.0,0.0,0.0,0.0,0.0,0.0,0.0,0.0,0.0,0.0,0.0,0.0,0.0,0.0,0.0,0.0,0.0,0.0,0.0,0.0,0.0,0.0,0.0,0.0,0.0,False,False,False,False,True
1173,34.0,182.88,204.0,4.51,38.0,14.0,124.0,6.88,4.16,7.0,247.0,0.0,0.0,0.0,0.0,0.0,0.0,0.0,0.0,0.0,0.0,0.0,0.0,0.0,0.0,0.0,0.0,0.0,0.0,0.0,0.0,0.0,0.0,0.0,0.0,0.0,0.0,0.0,0.0,0.0,0.0,0.0,0.0,0.0,0.0,0.0,0.0,False,False,False,False,True
1174,38.0,195.57999999999998,221.0,4.81,33.5,0.0,120.0,7.0,4.41,1.0,6.0,38054.0,65055.0,414423.0,2679.0,1569.0,21708.0,69354.0,748.0,105.0,390.0,0.0,21813.0,69744.0,748.0,3167.6600000000003,19.0,35.0,62.9,199.5,6.5,5.8,1.0,1.0,124.2,9.0,21.5,2.5,0.0,1.0,6.0,6.0,0.0,9.0,2.5,53.42,13.95,False,True,False,False,False
1175,96.0,193.04,254.0,100.0,34.5,16.0,0.0,7.12,4.27,3.0,96.0,0.0,0.0,0.0,0.0,0.0,0.0,0.0,0.0,3417.0,50763.0,0.0,3417.0,50763.0,0.0,0.0,0.0,0.0,0.0,0.0,0.0,0.0,0.0,0.0,0.0,0.0,0.0,0.0,0.0,2.0,28.0,10.3,0.0,2.0,10.3,0.0,2.4,False,False,False,True,False
1176,99.0,193.04,228.0,4.69,31.0,0.0,112.0,7.03,4.12,2.0,42.0,41437.0,68379.0,593313.0,5773.0,1475.0,8619.0,25985.0,552.0,5.0,105.0,5.0,8624.0,26090.0,557.0,58.9,19.0,32.0,60.0,257.0,8.7,9.9,3.0,1.0,159.7,4.0,14.0,3.8,0.0,1.0,21.0,21.0,1.0,4.0,3.8,11.78,15.77,False,True,False,False,False
1177,157.0,175.26,200.0,100.0,0.0,18.0,0.0,100.0,100.0,4.0,112.0,0.0,0.0,0.0,0.0,0.0,37141.0,216710.0,1987.0,2631.0,17173.0,18.0,39772.0,233883.0,2005.0,0.0,0.0,0.0,0.0,0.0,0.0,0.0,0.0,0.0,0.0,18.0,89.0,5.6,1.0,2.0,12.0,6.0,0.0,20.0,5.7,0.0,0.0,False,False,True,False,False
1178,121.0,193.04,249.0,4.7,36.0,22.0,120.0,7.27,4.34,7.0,231.0,0.0,0.0,0.0,0.0,0.0,0.0,0.0,0.0,3609.0,38047.0,368.0,3609.0,38047.0,368.0,0.0,0.0,0.0,0.0,0.0,0.0,0.0,0.0,0.0,0.0,0.0,0.0,0.0,0.0,2.0,29.0,10.2,0.0,2.0,10.2,0.0,0.0,False,False,False,True,False
1179,17.0,180.34,221.0,4.67,35.0,22.0,127.0,7.13,4.29,3.0,102.0,0.0,0.0,0.0,0.0,0.0,43955.0,212530.0,2468.0,4380.0,36030.0,93.0,48335.0,248560.0,2561.0,0.0,0.0,0.0,0.0,0.0,0.0,0.0,0.0,0.0,0.0,19.0,69.0,4.2,1.0,2.0,15.0,7.5,0.0,22.0,4.7,0.0,5.2,False,False,True,False,False
1180,124.0,182.88,208.0,4.35,37.5,18.0,125.0,7.01,4.15,3.0,76.0,0.0,0.0,0.0,0.0,0.0,0.0,0.0,0.0,4806.0,99493.0,1541.0,4806.0,99493.0,1541.0,0.0,0.0,0.0,0.0,0.0,0.0,0.0,0.0,0.0,0.0,0.0,0.0,0.0,0.0,2.0,51.0,17.0,1.0,2.0,17.0,0.0,9.7,False,False,False,False,True
1181,133.0,182.88,202.0,4.57,33.0,0.0,115.0,7.09,4.12,6.0,197.0,37093.0,62173.0,490863.0,3538.0,1155.0,25322.0,100313.0,1881.0,0.0,0.0,0.0,25322.0,100313.0,1881.0,0.0,17.0,32.0,58.6,229.0,7.2,7.8,2.0,0.0,143.8,12.0,46.0,5.0,1.0,0.0,0.0,0.0,0.0,12.0,5.0,0.0,0.0,False,True,False,False,False
1182,96.0,190.5,228.0,4.33,40.5,27.0,134.0,7.38,4.5,2.0,64.0,0.0,0.0,0.0,0.0,0.0,0.0,0.0,0.0,4744.0,89767.0,936.0,4744.0,89767.0,936.0,0.0,0.0,0.0,0.0,0.0,0.0,0.0,0.0,0.0,0.0,0.0,0.0,0.0,0.0,3.0,49.0,16.6,0.0,3.0,16.6,0.0,9.3,False,False,False,False,True
1183,188.0,185.42,225.0,4.97,33.5,0.0,116.0,7.14,4.45,6.0,178.0,53168.0,79909.0,564975.0,4419.0,1279.0,5853.0,5626.0,345.0,0.0,0.0,0.0,5853.0,5626.0,345.0,0.0,31.0,51.0,66.7,337.0,6.6,7.0,3.0,0.0,136.2,4.0,2.0,1.2,0.0,0.0,0.0,0.0,0.0,4.0,1.2,0.0,0.0,False,True,False,False,False
1184,129.0,185.42,197.0,4.46,36.5,12.0,122.0,100.0,4.29,7.0,239.0,0.0,0.0,0.0,0.0,0.0,441.0,945.0,0.0,8161.0,118749.0,1011.0,8602.0,119694.0,1011.0,0.0,0.0,0.0,0.0,0.0,0.0,0.0,0.0,0.0,0.0,1.0,5.0,5.0,0.0,6.0,55.0,11.7,0.0,6.0,11.6,0.0,0.0,False,False,False,False,True
1185,68.0,177.8,222.0,4.63,28.5,15.0,121.0,100.0,100.0,3.0,73.0,0.0,193.0,0.0,0.0,0.0,41548.0,185331.0,1754.0,4326.0,31515.0,0.0,45874.0,216846.0,1754.0,3040.2000000000003,0.0,1.0,0.0,0.0,0.0,0.0,0.0,0.0,0.0,21.0,82.0,4.4,1.0,2.0,8.5,6.0,0.0,24.0,4.6,6.4,8.2,False,False,True,False,False
1186,76.0,193.04,253.0,4.66,36.5,22.0,121.0,7.16,4.11,4.0,137.0,0.0,0.0,0.0,0.0,0.0,0.0,0.0,0.0,3171.0,40179.0,423.0,3171.0,40179.0,423.0,0.0,0.0,0.0,0.0,0.0,0.0,0.0,0.0,0.0,0.0,0.0,0.0,0.0,0.0,2.0,14.0,9.5,0.0,2.0,9.5,0.0,6.6,False,False,False,True,False
1187,125.0,177.8,207.0,100.0,0.0,0.0,0.0,100.0,100.0,1.0,1.0,23532.0,33619.0,398833.0,3914.0,596.0,13372.0,95646.0,939.0,0.0,0.0,0.0,13372.0,95646.0,939.0,0.0,19.0,24.0,73.3,306.0,11.7,12.9,3.0,0.0,208.7,9.0,50.0,5.8,0.0,0.0,0.0,0.0,0.0,9.0,5.8,0.0,13.77,False,True,False,False,False
1188,52.0,190.5,244.0,4.91,28.0,19.0,0.0,7.45,4.43,7.0,224.0,0.0,0.0,0.0,0.0,0.0,0.0,4495.0,145.0,3383.0,45838.0,570.0,3383.0,50333.0,715.0,0.0,0.0,0.0,0.0,0.0,0.0,0.0,0.0,0.0,0.0,0.0,31.0,0.0,1.0,1.0,12.0,11.8,0.0,1.0,11.8,0.0,1.15,False,False,False,True,False
1189,147.0,195.57999999999998,249.0,4.63,34.0,22.0,117.0,7.21,4.47,3.0,69.0,0.0,0.0,0.0,0.0,0.0,15.0,105.0,0.0,7529.0,87395.0,469.0,7544.0,87500.0,469.0,0.0,0.0,0.0,0.0,0.0,0.0,0.0,0.0,0.0,0.0,1.0,7.0,7.0,0.0,4.0,46.0,10.2,0.0,4.0,10.2,0.0,1.0,False,False,False,True,False
1190,135.0,185.42,228.0,4.58,29.5,19.0,114.0,7.53,4.31,5.0,152.0,0.0,70.0,0.0,0.0,0.0,23003.0,133606.0,1331.0,2078.0,13401.0,105.0,25081.0,147007.0,1436.0,875.0,0.0,1.0,0.0,0.0,0.0,0.0,0.0,0.0,0.0,10.0,50.0,4.6,1.0,1.0,9.0,7.5,0.0,10.0,5.3,12.5,6.199999999999999,False,False,True,False,False
1191,87.0,182.88,210.0,4.52,35.0,13.0,121.0,100.0,100.0,4.0,128.0,0.0,0.0,0.0,0.0,0.0,8928.0,68514.0,674.0,7053.0,89318.0,671.0,15981.0,157832.0,1345.0,0.0,0.0,0.0,0.0,0.0,0.0,0.0,0.0,0.0,0.0,3.0,20.0,5.8,0.0,3.0,35.0,14.0,0.0,7.0,10.0,0.0,3.6999999999999997,False,False,True,False,False
1192,30.0,177.8,184.0,4.59,35.0,7.0,116.0,6.8,4.19,5.0,149.0,71.0,147.0,142.0,0.0,0.0,0.0,0.0,0.0,8895.0,97907.0,471.0,8895.0,97907.0,471.0,0.0,0.0,1.0,0.0,0.0,0.0,0.0,0.0,0.0,0.0,0.0,0.0,0.0,0.0,4.0,35.0,9.5,0.0,4.0,9.5,0.0,4.449999999999999,False,False,False,False,True
1193,52.0,185.42,199.0,4.58,30.5,13.0,124.0,7.22,4.28,4.0,126.0,0.0,0.0,0.0,0.0,0.0,146.0,1207.0,0.0,4273.0,55498.0,975.0,4419.0,56705.0,975.0,0.0,0.0,0.0,0.0,0.0,0.0,0.0,0.0,0.0,0.0,1.0,5.0,5.0,0.0,3.0,36.0,11.8,1.0,3.0,11.8,0.0,1.5,False,False,False,False,True
1194,186.0,195.57999999999998,255.0,4.71,33.5,0.0,115.0,7.15,4.31,2.0,52.0,0.0,0.0,0.0,0.0,0.0,0.0,0.0,0.0,2871.0,29238.0,239.0,2871.0,29238.0,239.0,0.0,0.0,0.0,0.0,0.0,0.0,0.0,0.0,0.0,0.0,0.0,0.0,0.0,0.0,2.0,19.0,8.0,0.0,2.0,8.0,0.0,0.8,False,False,False,True,False
1195,149.0,180.34,214.0,4.48,39.0,15.0,122.0,7.03,4.14,2.0,36.0,93.0,93.0,1549.0,93.0,0.0,907.0,4526.0,79.0,6456.0,86507.0,1070.0,7363.0,91033.0,1149.0,966.7199999999999,1.0,1.0,100.0,13.0,13.0,33.0,1.0,0.0,539.2,1.0,6.0,4.0,0.0,4.0,56.0,10.4,1.0,6.0,9.8,12.719999999999999,12.7,False,False,False,False,True
1196,133.0,180.34,211.0,4.49,36.0,20.0,124.0,6.89,4.19,2.0,53.0,0.0,0.0,0.0,0.0,0.0,19817.0,110604.0,969.0,2410.0,13809.0,21.0,22227.0,124413.0,990.0,0.0,0.0,0.0,0.0,0.0,0.0,0.0,0.0,0.0,0.0,14.0,62.0,4.8,0.0,2.0,6.0,6.0,0.0,17.0,5.6,0.0,13.4,False,False,True,False,False
1197,43.0,180.34,208.0,4.47,30.0,21.0,116.0,7.37,4.63,5.0,154.0,0.0,0.0,0.0,0.0,0.0,13692.0,74768.0,413.0,774.0,6437.0,0.0,14466.0,81205.0,413.0,0.0,0.0,0.0,0.0,0.0,0.0,0.0,0.0,0.0,0.0,9.0,56.0,4.6,0.0,1.0,12.0,7.0,0.0,9.0,4.6,0.0,0.9,False,False,True,False,False
1198,44.0,170.18,203.0,4.66,35.0,15.0,117.0,7.32,4.4,3.0,74.0,249.0,249.0,2322.0,0.0,0.0,49429.0,284203.0,4755.0,1984.0,19633.0,92.0,51413.0,303836.0,4847.0,9023.979999999998,1.0,1.0,100.0,12.0,12.0,12.0,0.0,0.0,200.8,23.0,124.0,5.8,2.0,1.0,8.5,5.0,0.0,24.0,5.7,37.17999999999999,12.3,False,False,True,False,False
1199,11.0,185.42,190.0,4.39,40.5,11.0,135.0,7.0,4.15,5.0,171.0,0.0,0.0,0.0,0.0,0.0,0.0,0.0,0.0,5773.0,115046.0,796.0,5773.0,115046.0,796.0,0.0,0.0,0.0,0.0,0.0,0.0,0.0,0.0,0.0,0.0,0.0,0.0,0.0,0.0,2.0,43.0,18.2,0.0,2.0,18.2,0.0,9.899999999999999,False,False,False,False,True
1200,3.0,187.96,242.0,4.63,32.5,19.0,110.0,7.32,4.33,2.0,50.0,0.0,0.0,0.0,0.0,0.0,0.0,0.0,0.0,0.0,0.0,0.0,0.0,0.0,0.0,0.0,0.0,0.0,0.0,0.0,0.0,0.0,0.0,0.0,0.0,0.0,0.0,0.0,0.0,0.0,0.0,0.0,0.0,0.0,0.0,0.0,0.0,False,False,False,True,False
1201,157.0,195.57999999999998,255.0,4.92,32.0,15.0,108.0,7.08,4.47,6.0,176.0,0.0,0.0,0.0,0.0,0.0,0.0,0.0,0.0,5413.0,83100.0,671.0,5413.0,83100.0,671.0,0.0,0.0,0.0,0.0,0.0,0.0,0.0,0.0,0.0,0.0,0.0,0.0,0.0,0.0,3.0,57.0,15.0,0.0,3.0,15.0,0.0,7.65,False,False,False,True,False
1202,75.0,177.8,224.0,4.66,29.5,16.0,119.0,7.07,4.33,4.0,122.0,0.0,0.0,0.0,0.0,0.0,0.0,0.0,0.0,0.0,0.0,0.0,0.0,0.0,0.0,0.0,0.0,0.0,0.0,0.0,0.0,0.0,0.0,0.0,0.0,0.0,0.0,0.0,0.0,0.0,0.0,0.0,0.0,0.0,0.0,0.0,0.0,False,False,True,False,False
1203,166.0,193.04,251.0,4.75,31.5,17.0,113.0,7.19,4.31,3.0,75.0,0.0,0.0,0.0,0.0,0.0,67.0,268.0,0.0,4045.0,65971.0,858.0,4112.0,66239.0,858.0,0.0,0.0,0.0,0.0,0.0,0.0,0.0,0.0,0.0,0.0,1.0,4.0,4.0,0.0,4.0,56.0,19.0,1.0,4.0,15.8,0.0,0.0,False,False,False,True,False
1204,114.0,185.42,224.0,4.62,33.5,0.0,118.0,6.65,4.05,5.0,166.0,0.0,0.0,0.0,0.0,0.0,0.0,0.0,0.0,0.0,0.0,0.0,0.0,0.0,0.0,0.0,0.0,0.0,0.0,0.0,0.0,0.0,0.0,0.0,0.0,0.0,0.0,0.0,0.0,0.0,0.0,0.0,0.0,0.0,0.0,0.0,0.0,False,True,False,False,False
1205,11.0,187.96,218.0,4.81,31.0,0.0,110.0,7.28,4.33,4.0,133.0,37678.0,60284.0,480157.0,3081.0,758.0,13555.0,14330.0,528.0,0.0,0.0,0.0,13555.0,14330.0,528.0,0.0,16.0,28.0,66.7,235.0,7.8,8.5,1.0,0.0,145.1,6.0,5.0,1.0,0.0,0.0,0.0,0.0,0.0,6.0,1.0,0.0,-0.1,False,True,False,False,False
1206,18.0,193.04,251.0,4.83,0.0,17.0,0.0,100.0,100.0,7.0,228.0,0.0,0.0,0.0,0.0,0.0,0.0,0.0,0.0,5467.0,69602.0,708.0,5467.0,69602.0,708.0,0.0,0.0,0.0,0.0,0.0,0.0,0.0,0.0,0.0,0.0,0.0,0.0,0.0,0.0,3.0,25.0,13.8,0.0,3.0,13.8,0.0,0.4,False,False,False,True,False
1207,120.0,193.04,222.0,100.0,0.0,0.0,0.0,100.0,100.0,5.0,167.0,49468.0,82579.0,516590.0,2655.0,2217.0,15553.0,-960.0,1444.0,85.0,1992.0,0.0,15638.0,1032.0,1444.0,311.78,19.0,35.0,59.3,192.0,6.4,5.6,1.0,1.0,113.4,5.0,-2.0,-0.5,0.0,1.0,24.0,24.0,0.0,5.0,-0.2,3.6999999999999997,0.0,False,True,False,False,False
1208,146.0,195.57999999999998,252.0,4.67,36.5,19.0,122.0,7.21,4.25,3.0,86.0,0.0,0.0,0.0,0.0,0.0,0.0,0.0,0.0,3043.0,37426.0,411.0,3043.0,37426.0,411.0,0.0,0.0,0.0,0.0,0.0,0.0,0.0,0.0,0.0,0.0,0.0,0.0,0.0,0.0,3.0,30.0,11.0,0.0,3.0,11.0,0.0,0.0,False,False,False,True,False
1209,124.0,177.8,211.0,4.47,33.5,22.0,0.0,100.0,100.0,7.0,218.0,0.0,0.0,0.0,0.0,0.0,25699.0,149543.0,1639.0,2821.0,18608.0,155.0,28520.0,168151.0,1794.0,0.0,0.0,0.0,0.0,0.0,0.0,0.0,0.0,0.0,0.0,11.0,51.0,4.6,0.0,1.0,9.0,5.0,0.0,12.0,4.8,0.0,0.0,False,False,True,False,False
1210,190.0,190.5,267.0,4.89,31.0,24.0,117.0,7.18,4.38,4.0,121.0,0.0,58.0,0.0,0.0,0.0,58.0,174.0,0.0,2155.0,30030.0,83.0,2213.0,30204.0,83.0,156.6,0.0,1.0,0.0,0.0,0.0,0.0,0.0,0.0,0.0,1.0,3.0,3.0,0.0,2.0,33.0,16.5,0.0,2.0,16.5,2.6999999999999997,2.95,False,False,False,True,False
1211,121.0,180.34,212.0,4.57,36.0,17.0,130.0,7.0,4.16,6.0,194.0,0.0,0.0,0.0,0.0,0.0,14512.0,95672.0,929.0,1258.0,9110.0,67.0,15770.0,104782.0,996.0,0.0,0.0,0.0,0.0,0.0,0.0,0.0,0.0,0.0,0.0,13.0,36.0,6.2,0.0,1.0,9.0,5.0,0.0,14.0,6.5,0.0,0.2,False,False,True,False,False
1212,166.0,172.72,206.0,4.51,33.0,19.0,121.0,7.44,4.44,6.0,182.0,0.0,0.0,0.0,0.0,0.0,35716.0,204547.0,2067.0,3806.0,38133.0,67.0,39522.0,242680.0,2134.0,0.0,0.0,0.0,0.0,0.0,0.0,0.0,0.0,0.0,0.0,17.0,75.0,5.2,1.0,2.0,13.0,8.0,0.0,19.0,5.4,0.0,0.0,False,False,True,False,False
1213,176.0,193.04,240.0,4.56,29.0,0.0,113.0,7.2,4.4,7.0,254.0,4.0,4.0,156.0,0.0,0.0,68.0,272.0,0.0,5623.0,82049.0,274.0,5691.0,82321.0,274.0,0.0,1.0,1.0,100.0,39.0,39.0,39.0,0.0,0.0,427.6,1.0,4.0,4.0,0.0,4.0,65.0,12.8,0.0,4.0,12.8,0.0,0.0,False,False,False,True,False
1214,7.0,182.88,205.0,4.5,40.0,11.0,128.0,100.0,100.0,1.0,25.0,0.0,0.0,0.0,0.0,0.0,75.0,450.0,0.0,5568.0,96014.0,616.0,5643.0,96464.0,616.0,0.0,0.0,0.0,0.0,0.0,0.0,0.0,0.0,0.0,0.0,1.0,6.0,6.0,0.0,4.0,51.0,14.0,0.0,4.0,14.0,0.0,16.5,False,False,False,False,True
1215,47.0,177.8,217.0,4.47,35.5,20.0,122.0,100.0,4.42,2.0,52.0,351.0,566.0,7555.0,0.0,0.0,44387.0,222206.0,1956.0,4717.0,31657.0,445.0,49104.0,253863.0,2401.0,6406.400000000001,1.0,1.0,66.7,24.0,8.7,8.7,0.0,0.0,139.5,15.0,76.0,4.9,0.0,2.0,14.0,6.0,0.0,17.0,5.2,17.36,6.4,False,False,True,False,False
1216,176.0,190.5,257.0,4.73,30.5,16.0,115.0,100.0,100.0,3.0,91.0,0.0,0.0,0.0,0.0,0.0,0.0,0.0,0.0,2815.0,42327.0,290.0,2815.0,42327.0,290.0,0.0,0.0,0.0,0.0,0.0,0.0,0.0,0.0,0.0,0.0,0.0,0.0,0.0,0.0,3.0,43.0,13.5,0.0,3.0,13.5,0.0,0.0,False,False,False,True,False
1217,7.0,175.26,207.0,4.57,39.0,12.0,122.0,6.97,4.25,7.0,222.0,0.0,0.0,0.0,0.0,0.0,39609.0,218666.0,2014.0,5372.0,41110.0,456.0,44981.0,259776.0,2470.0,0.0,0.0,0.0,0.0,0.0,0.0,0.0,0.0,0.0,0.0,16.0,83.0,4.7,0.5,3.0,19.0,7.5,0.0,20.0,5.1,0.0,0.0,False,False,True,False,False
1218,75.0,180.34,204.0,100.0,0.0,13.0,0.0,100.0,100.0,3.0,80.0,0.0,0.0,0.0,0.0,0.0,0.0,0.0,0.0,0.0,0.0,0.0,0.0,0.0,0.0,0.0,0.0,0.0,0.0,0.0,0.0,0.0,0.0,0.0,0.0,0.0,0.0,0.0,0.0,0.0,0.0,0.0,0.0,0.0,0.0,0.0,0.0,False,False,False,False,True
1219,44.0,195.57999999999998,243.0,4.73,32.5,13.0,110.0,7.41,4.37,4.0,115.0,0.0,0.0,0.0,0.0,0.0,64.0,128.0,0.0,9738.0,135546.0,1037.0,9802.0,135674.0,1037.0,0.0,0.0,0.0,0.0,0.0,0.0,0.0,0.0,0.0,0.0,1.0,2.0,2.0,0.0,4.0,54.0,13.2,0.0,4.0,13.2,0.0,3.0999999999999996,False,False,False,True,False
1220,76.0,190.5,221.0,100.0,0.0,0.0,0.0,100.0,100.0,1.0,1.0,34755.0,52251.0,466458.0,3836.0,550.0,14206.0,47609.0,747.0,36.0,576.0,0.0,14242.0,48185.0,747.0,1661.7600000000002,18.0,28.0,71.4,249.0,9.1,10.0,1.0,0.0,165.1,7.0,15.0,2.5,0.0,1.0,16.0,16.0,0.0,7.0,2.5,46.160000000000004,16.72,False,True,False,False,False
1221,81.0,172.72,188.0,4.42,37.5,20.0,120.0,100.0,100.0,7.0,245.0,0.0,0.0,0.0,0.0,0.0,14750.0,116582.0,956.0,1078.0,10964.0,85.0,15828.0,127546.0,1041.0,0.0,0.0,0.0,0.0,0.0,0.0,0.0,0.0,0.0,0.0,6.0,29.0,6.0,0.0,1.0,9.0,5.0,0.0,6.0,6.1,0.0,0.0,False,False,True,False,False
1222,197.0,185.42,202.0,4.73,38.5,23.0,124.0,7.2,4.33,5.0,166.0,0.0,0.0,0.0,0.0,0.0,467.0,913.0,0.0,4621.0,80170.0,603.0,5088.0,81083.0,603.0,0.0,0.0,0.0,0.0,0.0,0.0,0.0,0.0,0.0,0.0,1.0,2.0,2.0,0.0,3.0,45.0,17.0,0.0,3.0,15.7,0.0,3.7,False,False,False,False,True
1223,121.0,193.04,238.0,4.42,40.5,19.0,126.0,100.0,100.0,2.0,49.0,0.0,0.0,0.0,0.0,0.0,99.0,-41.0,0.0,9608.0,137420.0,1160.0,9707.0,137379.0,1160.0,0.0,0.0,0.0,0.0,0.0,0.0,0.0,0.0,0.0,0.0,1.0,-1.0,-1.0,0.0,3.0,42.0,14.0,0.0,3.0,14.0,0.0,7.8,False,False,False,False,True
1224,43.0,187.96,209.0,4.46,39.5,13.0,126.0,100.0,100.0,7.0,252.0,0.0,0.0,0.0,0.0,0.0,13.0,48.0,0.0,3994.0,54652.0,391.0,4007.0,54700.0,391.0,0.0,0.0,0.0,0.0,0.0,0.0,0.0,0.0,0.0,0.0,1.0,4.0,4.0,0.0,2.0,16.0,11.0,0.0,2.0,11.0,0.0,9.3,False,False,False,False,True
1225,138.0,187.96,198.0,4.45,36.0,0.0,121.0,7.28,4.62,5.0,171.0,0.0,0.0,0.0,0.0,0.0,0.0,0.0,0.0,0.0,0.0,0.0,0.0,0.0,0.0,0.0,0.0,0.0,0.0,0.0,0.0,0.0,0.0,0.0,0.0,0.0,0.0,0.0,0.0,0.0,0.0,0.0,0.0,0.0,0.0,0.0,0.0,False,False,False,False,True
1226,88.0,177.8,217.0,4.58,33.5,0.0,119.0,7.18,4.32,4.0,144.0,0.0,0.0,0.0,0.0,0.0,0.0,0.0,0.0,0.0,0.0,0.0,0.0,0.0,0.0,0.0,0.0,0.0,0.0,0.0,0.0,0.0,0.0,0.0,0.0,0.0,0.0,0.0,0.0,0.0,0.0,0.0,0.0,0.0,0.0,0.0,3.6999999999999997,False,False,True,False,False
1227,175.0,187.96,216.0,4.54,35.0,14.0,124.0,7.08,4.59,4.0,128.0,0.0,0.0,0.0,0.0,0.0,0.0,0.0,0.0,10725.0,165801.0,1608.0,10725.0,165801.0,1608.0,0.0,0.0,0.0,0.0,0.0,0.0,0.0,0.0,0.0,0.0,0.0,0.0,0.0,0.0,3.0,63.0,15.0,0.0,3.0,15.0,0.0,8.3,False,False,False,False,True
1228,28.0,187.96,242.0,4.72,35.5,25.0,115.0,7.15,4.35,3.0,94.0,0.0,0.0,0.0,0.0,0.0,6.0,84.0,48.0,6076.0,79745.0,843.0,6082.0,79829.0,891.0,0.0,0.0,0.0,0.0,0.0,0.0,0.0,0.0,0.0,0.0,1.0,2.0,-2.0,1.0,3.0,30.0,11.5,0.0,3.0,11.5,0.0,1.7,False,False,False,True,False
1229,19.0,182.88,247.0,4.53,41.0,23.0,131.0,7.19,100.0,2.0,62.0,0.0,0.0,0.0,0.0,0.0,60553.0,325486.0,2916.0,1437.0,15319.0,206.0,61990.0,340805.0,3122.0,0.0,0.0,0.0,0.0,0.0,0.0,0.0,0.0,0.0,0.0,24.0,149.0,4.9,1.0,1.0,18.0,9.0,0.0,24.0,5.3,0.0,1.8,False,False,True,False,False
1230,124.0,175.26,209.0,100.0,0.0,23.0,0.0,100.0,100.0,2.0,55.0,0.0,0.0,0.0,0.0,0.0,47433.0,283928.0,2232.0,5020.0,48633.0,456.0,52453.0,332561.0,2688.0,0.0,0.0,0.0,0.0,0.0,0.0,0.0,0.0,0.0,0.0,17.0,88.0,6.5,1.0,2.0,14.0,9.0,0.0,17.0,6.4,0.0,6.8,False,False,True,False,False
1231,165.0,177.8,200.0,4.39,35.5,0.0,123.0,7.13,4.2,3.0,92.0,51.0,51.0,408.0,0.0,0.0,664.0,2691.0,47.0,10078.0,131774.0,865.0,10742.0,134465.0,912.0,1821.72,1.0,1.0,100.0,8.0,8.0,8.0,0.0,0.0,167.2,2.0,5.0,2.0,0.0,3.0,43.0,11.5,0.0,3.0,11.5,35.72,7.9,False,False,False,False,True
1232,186.0,198.12,231.0,4.89,27.5,0.0,110.0,7.5,4.75,4.0,122.0,17867.0,28083.0,216842.0,1657.0,511.0,2770.0,-5018.0,80.0,0.0,255.0,0.0,2770.0,-4763.0,80.0,0.0,16.0,30.0,67.5,210.0,7.9,8.0,1.0,0.0,134.2,3.0,-7.0,-1.3,0.0,0.0,5.0,0.0,0.0,3.0,-1.3,0.0,0.0,False,True,False,False,False
1233,149.0,190.5,212.0,100.0,0.0,0.0,0.0,100.0,100.0,3.0,81.0,0.0,0.0,0.0,0.0,0.0,467.0,2880.0,0.0,13084.0,170869.0,1485.0,13551.0,173749.0,1485.0,0.0,0.0,0.0,0.0,0.0,0.0,0.0,0.0,0.0,0.0,1.0,5.0,5.0,0.0,4.0,63.0,11.3,0.0,4.0,11.3,0.0,1.8,False,False,False,False,True
1234,76.0,170.18,207.0,4.6,39.5,15.0,123.0,100.0,100.0,1.0,32.0,64.0,64.0,704.0,64.0,0.0,21104.0,113827.0,1371.0,3133.0,27455.0,41.0,24237.0,141282.0,1412.0,0.0,1.0,1.0,100.0,11.0,11.0,31.0,1.0,0.0,522.4,11.0,53.0,4.8,1.0,2.0,22.0,7.8,0.0,13.0,5.8,0.0,10.75,False,False,True,False,False
1235,4.0,177.8,203.0,4.41,37.0,20.0,125.0,100.0,100.0,3.0,93.0,39.0,39.0,546.0,0.0,0.0,27273.0,170017.0,1400.0,2254.0,17671.0,301.0,29527.0,187688.0,1701.0,0.0,1.0,1.0,100.0,14.0,14.0,14.0,0.0,0.0,217.6,15.0,82.0,6.5,0.0,2.0,10.0,5.0,0.0,16.0,6.8,0.0,8.0,False,False,True,False,False
1236,52.0,187.96,219.0,5.01,30.0,0.0,111.0,7.27,4.51,5.0,167.0,40930.0,62715.0,543327.0,5117.0,946.0,8528.0,6967.0,291.0,0.0,0.0,0.0,8528.0,6967.0,291.0,0.0,14.0,22.0,69.2,185.0,8.9,10.1,2.0,0.0,172.6,3.0,4.0,1.3,0.0,0.0,0.0,0.0,0.0,3.0,1.3,0.0,0.0,False,True,False,False,False
1237,78.0,193.04,223.0,4.6,36.0,22.0,127.0,7.33,4.55,4.0,142.0,0.0,0.0,0.0,0.0,0.0,0.0,0.0,0.0,10884.0,175568.0,1506.0,10884.0,175568.0,1506.0,0.0,0.0,0.0,0.0,0.0,0.0,0.0,0.0,0.0,0.0,0.0,0.0,0.0,0.0,6.0,71.0,13.6,1.0,6.0,13.6,0.0,0.8,False,False,False,False,True
1238,87.0,182.88,228.0,4.39,35.0,16.0,118.0,100.0,100.0,3.0,66.0,0.0,0.0,0.0,0.0,0.0,1636.0,21268.0,235.0,2575.0,50031.0,547.0,4211.0,71299.0,782.0,0.0,0.0,0.0,0.0,0.0,0.0,0.0,0.0,0.0,0.0,3.0,31.0,10.3,1.0,3.0,50.0,19.1,1.0,3.0,14.899999999999999,0.0,11.5,False,False,False,False,True
1239,133.0,175.26,178.0,100.0,0.0,15.0,0.0,100.0,100.0,2.0,46.0,0.0,0.0,0.0,0.0,0.0,923.0,5359.0,76.0,6265.0,112959.0,1005.0,7188.0,118318.0,1081.0,0.0,0.0,0.0,0.0,0.0,0.0,0.0,0.0,0.0,0.0,1.0,6.0,3.0,0.0,4.0,66.0,20.0,1.0,4.0,18.0,0.0,5.5,False,False,False,False,True
1240,129.0,198.12,236.0,4.68,35.5,0.0,123.0,7.06,4.46,1.0,6.0,42335.0,66229.0,549101.0,5281.0,1310.0,11319.0,28381.0,614.0,0.0,0.0,0.0,11319.0,28381.0,614.0,0.0,19.0,30.0,63.2,250.0,8.7,9.5,2.0,0.0,163.9,5.0,9.0,2.4,0.0,0.0,0.0,0.0,0.0,5.0,2.4,0.0,24.729999999999997,False,True,False,False,False
1241,30.0,193.04,216.0,100.0,0.0,0.0,0.0,100.0,100.0,2.0,33.0,0.0,0.0,0.0,0.0,0.0,0.0,0.0,0.0,8798.0,157768.0,1751.0,8798.0,157768.0,1751.0,0.0,0.0,0.0,0.0,0.0,0.0,0.0,0.0,0.0,0.0,0.0,0.0,0.0,0.0,3.0,53.0,13.3,1.0,3.0,13.3,0.0,11.4,False,False,False,False,True
1242,17.0,185.42,189.0,4.43,38.5,0.0,122.0,7.07,4.21,5.0,168.0,41.0,77.0,164.0,0.0,0.0,1584.0,20300.0,146.0,5451.0,93336.0,855.0,7035.0,113636.0,1001.0,391.9599999999999,1.0,1.0,100.0,4.0,4.0,4.0,0.0,0.0,133.6,1.5,7.0,5.0,0.0,3.0,46.0,14.7,0.0,5.0,9.6,9.559999999999999,2.8,False,False,False,False,True
1243,124.0,182.88,196.0,4.6,32.5,17.0,114.0,100.0,100.0,7.0,220.0,0.0,0.0,0.0,0.0,0.0,199.0,-392.0,0.0,12639.0,140592.0,1153.0,12838.0,140200.0,1153.0,0.0,0.0,0.0,0.0,0.0,0.0,0.0,0.0,0.0,0.0,1.0,-3.0,-3.0,0.0,4.0,39.0,9.5,0.0,4.0,9.5,0.0,2.2,False,False,False,False,True
1244,131.0,193.04,210.0,4.61,36.5,9.0,124.0,7.01,4.12,6.0,207.0,0.0,0.0,0.0,0.0,0.0,0.0,0.0,0.0,10730.0,151897.0,1258.0,10730.0,151897.0,1258.0,0.0,0.0,0.0,0.0,0.0,0.0,0.0,0.0,0.0,0.0,0.0,0.0,0.0,0.0,3.0,44.0,13.7,0.0,3.0,13.7,0.0,0.0,False,False,False,False,True
1245,137.0,193.04,245.0,4.66,33.5,21.0,116.0,7.25,4.28,4.0,136.0,0.0,0.0,0.0,0.0,0.0,0.0,0.0,0.0,7910.0,119913.0,742.0,7910.0,119913.0,742.0,0.0,0.0,0.0,0.0,0.0,0.0,0.0,0.0,0.0,0.0,0.0,0.0,0.0,0.0,3.0,37.0,12.5,0.0,3.0,12.5,0.0,0.0,False,False,False,True,False
1246,125.0,185.42,222.0,4.59,35.0,0.0,125.0,100.0,100.0,2.0,53.0,29617.0,44290.0,443385.0,3860.0,717.0,26956.0,140777.0,1920.0,261.0,2288.0,75.0,27217.0,143065.0,1995.0,5023.78,11.0,18.0,66.7,138.0,9.4,10.9,1.0,0.0,184.0,10.0,40.0,4.2,0.0,1.0,7.0,7.0,0.0,10.0,4.6,15.74,0.72,False,True,False,False,False
1247,3.0,180.34,188.0,4.27,42.0,0.0,131.0,100.0,100.0,1.0,12.0,0.0,0.0,0.0,0.0,0.0,51.0,3825.0,51.0,6583.0,118130.0,1659.0,6634.0,121955.0,1710.0,0.0,0.0,0.0,0.0,0.0,0.0,0.0,0.0,0.0,0.0,1.0,75.0,75.0,1.0,3.0,47.0,16.3,1.0,3.0,16.3,0.0,5.6,False,False,False,False,True
1248,76.0,185.42,202.0,4.43,37.5,0.0,126.0,100.0,100.0,1.0,22.0,0.0,0.0,0.0,0.0,0.0,441.0,3959.0,0.0,9102.0,137343.0,1274.0,9543.0,141302.0,1274.0,0.0,0.0,0.0,0.0,0.0,0.0,0.0,0.0,0.0,0.0,1.0,4.0,4.0,0.0,5.0,81.0,16.2,0.0,6.0,16.2,0.0,14.3,False,False,False,False,True
1249,43.0,185.42,200.0,100.0,0.0,0.0,0.0,100.0,100.0,2.0,57.0,58.0,58.0,-174.0,0.0,0.0,94.0,626.0,0.0,8698.0,107435.0,1102.0,8792.0,108061.0,1102.0,0.0,1.0,1.0,100.0,-3.0,-3.0,-3.0,0.0,0.0,74.8,1.0,7.0,7.0,0.0,4.0,34.0,11.5,0.0,4.0,11.5,0.0,2.0,False,False,False,False,True
1250,163.0,190.5,215.0,4.72,29.0,0.0,119.0,100.0,100.0,7.0,217.0,6.0,58.0,294.0,6.0,0.0,717.0,2567.0,85.0,6353.0,95790.0,736.0,7070.0,98357.0,821.0,0.0,0.0,1.0,0.0,0.0,0.0,0.0,0.0,0.0,0.0,1.0,2.0,2.0,0.0,3.0,41.0,14.2,0.0,3.0,14.2,0.0,0.0,False,False,False,False,True
1251,3.0,185.42,193.0,4.45,35.0,0.0,120.0,100.0,4.53,1.0,15.0,0.0,0.0,0.0,0.0,0.0,0.0,0.0,0.0,9836.0,161222.0,1716.0,9836.0,161222.0,1716.0,0.0,0.0,0.0,0.0,0.0,0.0,0.0,0.0,0.0,0.0,0.0,0.0,0.0,0.0,4.0,66.0,15.5,0.0,4.0,15.5,0.0,7.8,False,False,False,False,True
1252,165.0,198.12,222.0,100.0,0.0,17.0,0.0,100.0,100.0,5.0,165.0,0.0,0.0,0.0,0.0,0.0,0.0,-665.0,0.0,11442.0,154962.0,1012.0,11442.0,154297.0,1012.0,0.0,0.0,0.0,0.0,0.0,0.0,0.0,0.0,0.0,0.0,0.0,-7.0,0.0,0.0,4.0,51.0,13.1,0.0,4.0,13.1,0.0,1.85,False,False,False,False,True
1253,95.0,185.42,206.0,100.0,0.0,0.0,0.0,100.0,100.0,5.0,161.0,0.0,66.0,0.0,0.0,0.0,0.0,0.0,0.0,11247.0,173417.0,1864.0,11247.0,173417.0,1864.0,0.0,0.0,1.0,0.0,0.0,0.0,0.0,0.0,0.0,0.0,0.0,0.0,0.0,0.0,5.0,73.0,14.9,1.0,5.0,14.9,0.0,4.0,False,False,False,False,True
1254,32.0,185.42,227.0,4.58,0.0,17.0,0.0,100.0,100.0,2.0,42.0,0.0,0.0,0.0,0.0,0.0,3260.0,20818.0,528.0,11141.0,149125.0,831.0,14401.0,169943.0,1359.0,0.0,0.0,0.0,0.0,0.0,0.0,0.0,0.0,0.0,0.0,2.0,15.0,5.0,0.0,5.0,65.0,12.0,0.0,8.0,11.7,0.0,6.8999999999999995,False,False,False,False,True
1255,184.0,193.04,253.0,4.71,34.0,21.0,125.0,7.07,4.19,3.0,101.0,0.0,0.0,0.0,0.0,0.0,635.0,1745.0,0.0,4244.0,55531.0,467.0,4879.0,57276.0,467.0,0.0,0.0,0.0,0.0,0.0,0.0,0.0,0.0,0.0,0.0,2.0,6.0,3.0,0.0,2.0,26.0,13.3,0.0,2.0,9.0,0.0,1.0,False,False,False,True,False
1256,176.0,180.34,212.0,4.49,31.0,23.0,121.0,6.95,4.28,4.0,112.0,0.0,0.0,0.0,0.0,0.0,28636.0,150945.0,1460.0,2866.0,18895.0,49.0,31502.0,169840.0,1509.0,0.0,0.0,0.0,0.0,0.0,0.0,0.0,0.0,0.0,0.0,19.0,90.0,4.5,1.0,2.0,13.0,6.3,0.0,20.0,4.9,0.0,4.3,False,False,True,False,False
1257,121.0,198.12,262.0,4.7,37.0,0.0,123.0,7.44,4.41,2.0,43.0,0.0,83.0,0.0,0.0,0.0,0.0,0.0,0.0,3599.0,40122.0,310.0,3599.0,40122.0,310.0,0.0,0.0,1.0,0.0,0.0,0.0,0.0,0.0,0.0,0.0,0.0,0.0,0.0,0.0,2.0,19.0,11.1,0.0,2.0,11.1,0.0,1.9500000000000002,False,False,False,True,False
1258,125.0,187.96,198.0,4.5,34.5,11.0,124.0,100.0,100.0,1.0,17.0,83.0,152.0,166.0,83.0,0.0,457.0,970.0,50.0,10984.0,210502.0,1991.0,11441.0,211472.0,2041.0,0.0,1.0,1.0,100.0,2.0,2.0,22.0,1.0,0.0,446.8,1.0,4.0,4.0,0.0,4.0,53.0,18.2,1.0,4.0,18.2,0.0,13.0,False,False,False,False,True
1259,181.0,193.04,224.0,4.74,35.5,0.0,118.0,7.21,4.52,1.0,26.0,47284.0,77089.0,588368.0,3892.0,2128.0,11663.0,26928.0,746.0,0.0,0.0,0.0,11663.0,26928.0,746.0,0.0,18.0,30.0,61.7,236.0,7.0,5.9,1.0,0.0,121.2,4.0,8.0,2.0,0.0,0.0,0.0,0.0,0.0,4.0,2.0,0.0,0.0,False,True,False,False,False
1260,131.0,198.12,224.0,100.0,0.0,0.0,0.0,100.0,100.0,6.0,189.0,22718.0,36504.0,275246.0,2268.0,467.0,4860.0,-12610.0,88.0,0.0,0.0,0.0,4860.0,-12610.0,88.0,0.0,18.0,32.0,65.7,251.0,7.9,7.4,1.0,0.0,137.6,4.0,-6.0,-4.3,0.0,0.0,0.0,0.0,0.0,4.0,-4.3,0.0,7.76,False,True,False,False,False
1261,58.0,190.5,215.0,4.58,36.0,0.0,121.0,7.13,4.52,7.0,224.0,41645.0,67705.0,541093.0,5122.0,1454.0,16379.0,50593.0,623.0,0.0,0.0,0.0,16379.0,50593.0,623.0,0.0,22.0,37.0,60.7,275.0,7.6,8.1,3.0,1.0,145.1,8.0,21.0,2.8,0.0,0.0,0.0,0.0,0.0,8.0,2.8,0.0,0.0,False,True,False,False,False
1262,84.0,172.72,208.0,4.44,29.5,0.0,116.0,100.0,100.0,4.0,124.0,0.0,0.0,0.0,0.0,0.0,15612.0,107646.0,809.0,1488.0,12939.0,51.0,17100.0,120585.0,860.0,0.0,0.0,0.0,0.0,0.0,0.0,0.0,0.0,0.0,0.0,8.0,60.0,4.3,0.0,1.0,7.0,4.0,0.0,10.0,4.6,0.0,0.0,False,False,True,False,False
1263,14.0,190.5,207.0,4.38,38.5,16.0,131.0,6.66,4.43,2.0,59.0,0.0,0.0,0.0,0.0,0.0,95.0,-570.0,0.0,12307.0,186325.0,1371.0,12402.0,185755.0,1371.0,0.0,0.0,0.0,0.0,0.0,0.0,0.0,0.0,0.0,0.0,1.0,-6.0,-6.0,0.0,5.0,80.0,15.0,0.0,5.0,15.0,0.0,5.7,False,False,False,False,True
1264,173.0,177.8,176.0,4.38,37.0,9.0,124.0,100.0,100.0,5.0,173.0,0.0,0.0,0.0,0.0,0.0,143.0,862.0,0.0,9882.0,171720.0,1232.0,10025.0,172582.0,1232.0,0.0,0.0,0.0,0.0,0.0,0.0,0.0,0.0,0.0,0.0,1.0,6.0,6.0,0.0,4.0,65.0,16.4,0.0,4.0,16.4,0.0,6.1000000000000005,False,False,False,False,True
1265,45.0,193.04,229.0,4.89,29.0,0.0,112.0,7.51,4.64,4.0,125.0,35645.0,60624.0,459933.0,3879.0,1553.0,6229.0,-7269.0,203.0,0.0,0.0,0.0,6229.0,-7269.0,203.0,0.0,17.0,29.0,58.3,208.0,7.0,6.8,2.0,1.0,128.0,3.0,-1.0,-0.3,0.0,0.0,0.0,0.0,0.0,3.0,-0.3,0.0,0.0,False,True,False,False,False
1266,179.0,175.26,223.0,4.65,33.0,19.0,0.0,100.0,4.37,3.0,86.0,0.0,0.0,0.0,0.0,0.0,44396.0,261464.0,2487.0,4160.0,39906.0,276.0,48556.0,301370.0,2763.0,0.0,0.0,0.0,0.0,0.0,0.0,0.0,0.0,0.0,0.0,18.0,106.0,5.3,1.0,2.0,20.0,8.0,0.0,19.0,5.6,0.0,6.050000000000001,False,False,True,False,False
1267,99.0,195.57999999999998,258.0,4.49,0.0,0.0,0.0,100.0,100.0,4.0,118.0,0.0,0.0,0.0,0.0,0.0,0.0,0.0,0.0,6908.0,83811.0,1650.0,6908.0,83811.0,1650.0,0.0,0.0,0.0,0.0,0.0,0.0,0.0,0.0,0.0,0.0,0.0,0.0,0.0,0.0,4.0,36.0,10.8,1.0,4.0,10.8,0.0,5.5,False,False,False,True,False
1268,88.0,180.34,203.0,4.48,37.5,18.0,123.0,7.0,4.35,5.0,176.0,0.0,0.0,0.0,0.0,0.0,946.0,3732.0,90.0,9612.0,142291.0,1380.0,10558.0,146023.0,1470.0,0.0,0.0,0.0,0.0,0.0,0.0,0.0,0.0,0.0,0.0,1.0,3.0,3.0,0.0,3.0,54.0,14.7,0.0,4.0,14.5,0.0,0.0,False,False,False,False,True
1269,157.0,200.66,252.0,4.77,32.5,18.0,109.0,7.15,4.46,4.0,133.0,48.0,48.0,384.0,48.0,0.0,0.0,0.0,0.0,5659.0,75030.0,821.0,5659.0,75030.0,821.0,0.0,1.0,1.0,100.0,8.0,8.0,28.0,1.0,0.0,497.2,0.0,0.0,0.0,0.0,3.0,31.0,12.3,0.0,3.0,12.3,0.0,2.6,False,False,False,True,False
1270,188.0,193.04,225.0,4.48,36.0,15.0,132.0,7.28,4.38,6.0,212.0,0.0,0.0,0.0,0.0,0.0,0.0,0.0,0.0,10680.0,139247.0,817.0,10680.0,139247.0,817.0,0.0,0.0,0.0,0.0,0.0,0.0,0.0,0.0,0.0,0.0,0.0,0.0,0.0,0.0,5.0,55.0,12.4,0.0,5.0,12.4,0.0,0.0,False,False,False,False,True
1271,91.0,187.96,212.0,4.48,44.5,0.0,139.0,100.0,100.0,6.0,187.0,0.0,0.0,0.0,0.0,0.0,690.0,6054.0,0.0,7163.0,85871.0,859.0,7853.0,91925.0,859.0,0.0,0.0,0.0,0.0,0.0,0.0,0.0,0.0,0.0,0.0,1.0,7.0,7.0,0.0,3.0,38.0,10.0,0.0,3.0,10.0,0.0,9.45,False,False,False,False,True
1272,43.0,180.34,216.0,4.62,35.0,22.0,118.0,7.13,4.31,4.0,120.0,0.0,0.0,0.0,0.0,0.0,0.0,0.0,0.0,0.0,0.0,0.0,0.0,0.0,0.0,0.0,0.0,0.0,0.0,0.0,0.0,0.0,0.0,0.0,0.0,0.0,0.0,0.0,0.0,0.0,0.0,0.0,0.0,0.0,0.0,0.0,4.550000000000001,False,False,True,False,False
1273,104.0,175.26,186.0,4.63,36.0,10.0,122.0,7.12,4.31,7.0,246.0,3283.0,6651.0,80126.0,627.0,300.0,38184.0,271605.0,2630.0,1720.0,39461.0,254.0,39904.0,311066.0,2884.0,7590.179999999999,2.0,3.0,50.0,36.0,7.2,11.4,0.0,0.0,162.8,14.0,104.0,7.1,1.0,2.0,34.0,22.5,0.0,15.0,8.1,19.9,1.0,False,False,False,False,True
1274,178.0,193.04,223.0,4.52,36.5,13.0,121.0,6.96,4.14,2.0,34.0,0.0,0.0,0.0,0.0,0.0,13.0,0.0,0.0,17.0,272.0,0.0,30.0,272.0,0.0,0.0,0.0,0.0,0.0,0.0,0.0,0.0,0.0,0.0,0.0,1.0,0.0,0.0,0.0,1.0,16.0,16.0,0.0,1.0,16.0,0.0,0.0,False,False,False,False,True
1275,142.0,180.34,201.0,100.0,34.5,20.0,0.0,7.27,4.4,6.0,201.0,19.0,222.0,38.0,0.0,0.0,399.0,2579.0,0.0,16369.0,220535.0,2125.0,16768.0,223114.0,2125.0,2601.0,0.0,1.0,0.0,0.0,0.0,0.0,0.0,0.0,0.0,1.0,4.0,4.0,0.0,6.0,72.0,13.9,1.0,6.0,13.9,30.599999999999998,1.7499999999999998,False,False,False,False,True
1276,160.0,180.34,206.0,4.47,42.0,17.0,138.0,7.31,4.46,1.0,21.0,0.0,0.0,0.0,0.0,0.0,2216.0,20216.0,129.0,10865.0,161533.0,1705.0,13081.0,181749.0,1834.0,0.0,0.0,0.0,0.0,0.0,0.0,0.0,0.0,0.0,0.0,1.0,9.0,5.0,0.0,4.0,55.0,13.3,1.0,5.0,12.8,0.0,6.65,False,False,False,False,True
1277,183.0,182.88,224.0,4.47,38.0,21.0,123.0,100.0,100.0,5.0,151.0,0.0,0.0,0.0,0.0,0.0,2411.0,13372.0,94.0,7621.0,90015.0,872.0,10032.0,103387.0,966.0,0.0,0.0,0.0,0.0,0.0,0.0,0.0,0.0,0.0,0.0,1.0,9.0,4.5,0.0,2.0,32.0,10.2,0.0,3.0,9.5,0.0,9.3,False,False,False,False,True
1278,66.0,193.04,235.0,4.81,28.5,0.0,108.0,7.26,4.48,7.0,244.0,0.0,0.0,0.0,0.0,0.0,0.0,0.0,0.0,0.0,0.0,0.0,0.0,0.0,0.0,0.0,0.0,0.0,0.0,0.0,0.0,0.0,0.0,0.0,0.0,0.0,0.0,0.0,0.0,0.0,0.0,0.0,0.0,0.0,0.0,0.0,0.0,False,True,False,False,False
1279,76.0,195.57999999999998,248.0,4.66,36.5,0.0,123.0,7.51,4.62,7.0,251.0,0.0,0.0,0.0,0.0,0.0,403.0,2697.0,95.0,3166.0,42056.0,143.0,3569.0,44753.0,238.0,0.0,0.0,0.0,0.0,0.0,0.0,0.0,0.0,0.0,0.0,1.0,9.0,9.0,0.0,2.0,24.0,11.0,0.0,2.0,10.2,0.0,0.0,False,False,False,True,False
1280,43.0,182.88,197.0,4.46,36.5,16.0,124.0,7.05,4.26,6.0,214.0,0.0,0.0,0.0,0.0,0.0,173.0,1151.0,0.0,4242.0,64690.0,801.0,4415.0,65841.0,801.0,0.0,0.0,0.0,0.0,0.0,0.0,0.0,0.0,0.0,0.0,1.0,8.0,8.0,0.0,2.0,22.0,12.0,0.0,2.0,12.0,0.0,2.4,False,False,False,False,True
1281,52.0,172.72,212.0,4.48,35.5,0.0,121.0,100.0,100.0,2.0,35.0,0.0,98.0,0.0,0.0,0.0,29488.0,197483.0,1579.0,4845.0,49603.0,342.0,34333.0,247086.0,1921.0,450.79999999999995,0.0,1.0,0.0,0.0,0.0,0.0,0.0,0.0,0.0,9.0,70.0,6.2,0.0,3.0,21.0,8.3,0.0,11.0,6.7,4.6,12.799999999999999,False,False,True,False,False
1282,3.0,182.88,217.0,100.0,0.0,0.0,0.0,100.0,100.0,1.0,5.0,29150.0,41628.0,469933.0,5446.0,609.0,6784.0,25713.0,716.0,0.0,0.0,0.0,6784.0,25713.0,716.0,0.0,12.0,21.0,73.3,227.0,11.8,14.7,3.0,0.0,217.5,4.0,12.0,3.7,0.0,0.0,0.0,0.0,0.0,4.0,3.7,0.0,16.42,False,True,False,False,False
1283,197.0,177.8,226.0,4.39,36.0,17.0,123.0,7.01,4.24,2.0,41.0,0.0,0.0,0.0,0.0,0.0,61478.0,403707.0,3194.0,2818.0,28896.0,383.0,64296.0,432603.0,3577.0,0.0,0.0,0.0,0.0,0.0,0.0,0.0,0.0,0.0,0.0,22.0,135.0,6.3,1.0,1.0,15.0,9.7,0.0,23.0,6.5,0.0,13.4,False,False,True,False,False
1284,36.0,195.57999999999998,255.0,4.8,34.5,18.0,114.0,6.78,4.27,3.0,105.0,0.0,0.0,0.0,0.0,0.0,0.0,0.0,0.0,0.0,0.0,0.0,0.0,0.0,0.0,0.0,0.0,0.0,0.0,0.0,0.0,0.0,0.0,0.0,0.0,0.0,0.0,0.0,0.0,0.0,0.0,0.0,0.0,0.0,0.0,0.0,2.3,False,False,False,True,False
1285,182.0,177.8,214.0,4.51,32.0,0.0,117.0,100.0,100.0,3.0,76.0,0.0,0.0,0.0,0.0,0.0,26452.0,165347.0,1418.0,3051.0,31664.0,181.0,29503.0,197011.0,1599.0,0.0,0.0,0.0,0.0,0.0,0.0,0.0,0.0,0.0,0.0,14.0,74.0,4.9,1.0,2.0,14.0,8.0,0.0,15.0,5.5,0.0,2.3000000000000003,False,False,True,False,False
1286,155.0,182.88,185.0,4.35,36.5,0.0,125.0,7.28,4.36,6.0,200.0,0.0,0.0,0.0,0.0,0.0,321.0,839.0,0.0,10015.0,141776.0,1290.0,10336.0,142615.0,1290.0,0.0,0.0,0.0,0.0,0.0,0.0,0.0,0.0,0.0,0.0,1.0,1.0,1.0,0.0,5.0,78.0,14.0,0.0,5.0,13.8,0.0,6.7,False,False,False,False,True
1287,52.0,195.57999999999998,244.0,4.78,34.5,21.0,120.0,7.18,4.46,6.0,190.0,0.0,0.0,0.0,0.0,0.0,0.0,0.0,0.0,2324.0,24788.0,75.0,2324.0,24788.0,75.0,0.0,0.0,0.0,0.0,0.0,0.0,0.0,0.0,0.0,0.0,0.0,0.0,0.0,0.0,1.0,8.0,7.0,0.0,1.0,7.0,0.0,2.15,False,False,False,True,False
1288,82.0,172.72,155.0,4.42,33.0,0.0,117.0,6.89,4.14,2.0,57.0,0.0,0.0,0.0,0.0,0.0,0.0,0.0,0.0,0.0,0.0,0.0,0.0,0.0,0.0,0.0,0.0,0.0,0.0,0.0,0.0,0.0,0.0,0.0,0.0,0.0,0.0,0.0,0.0,0.0,0.0,0.0,0.0,0.0,0.0,0.0,0.0,False,False,False,False,True
1289,95.0,182.88,190.0,4.39,36.0,0.0,123.0,100.0,100.0,1.0,27.0,0.0,0.0,0.0,0.0,0.0,0.0,0.0,0.0,7688.0,126379.0,1023.0,7688.0,126379.0,1023.0,0.0,0.0,0.0,0.0,0.0,0.0,0.0,0.0,0.0,0.0,0.0,0.0,0.0,0.0,5.0,65.0,13.9,0.0,5.0,13.9,0.0,5.1,False,False,False,False,True
1290,121.0,182.88,211.0,4.65,32.5,0.0,115.0,6.99,4.19,4.0,133.0,37529.0,58398.0,457175.0,3999.0,1228.0,19223.0,81217.0,738.0,0.0,0.0,0.0,19223.0,81217.0,738.0,0.0,17.0,30.0,63.2,201.0,8.3,8.8,2.0,0.0,146.2,8.0,37.0,4.1,0.0,0.0,0.0,0.0,0.0,8.0,4.1,0.0,-6.0,False,True,False,False,False
1291,5.0,177.8,218.0,4.62,34.5,17.0,118.0,7.51,4.48,6.0,196.0,0.0,0.0,0.0,0.0,0.0,12360.0,67788.0,579.0,567.0,5755.0,85.0,12927.0,73543.0,664.0,0.0,0.0,0.0,0.0,0.0,0.0,0.0,0.0,0.0,0.0,7.0,30.0,4.4,0.0,1.0,9.0,6.0,0.0,8.0,4.7,0.0,0.75,False,False,True,False,False
1292,110.0,182.88,189.0,4.46,35.0,18.0,128.0,6.87,4.35,3.0,82.0,51.0,51.0,918.0,0.0,0.0,48.0,96.0,0.0,5534.0,100026.0,1014.0,5582.0,100122.0,1014.0,0.0,1.0,1.0,100.0,18.0,18.0,18.0,0.0,0.0,251.2,1.0,2.0,2.0,0.0,3.0,51.0,15.0,0.0,3.0,15.0,0.0,2.4,False,False,False,False,True
1293,178.0,180.34,197.0,4.51,38.5,20.0,127.0,6.88,4.17,4.0,112.0,0.0,0.0,0.0,0.0,0.0,570.0,4333.0,44.0,9552.0,119793.0,652.0,10122.0,124126.0,696.0,0.0,0.0,0.0,0.0,0.0,0.0,0.0,0.0,0.0,0.0,1.0,8.0,2.7,0.0,5.0,55.0,10.8,0.0,5.0,10.8,0.0,6.1,False,False,False,False,True
1294,110.0,170.18,201.0,4.5,34.0,16.0,119.0,6.81,3.98,4.0,107.0,0.0,0.0,0.0,0.0,0.0,24839.0,162055.0,698.0,4372.0,31721.0,293.0,29211.0,193776.0,991.0,0.0,0.0,0.0,0.0,0.0,0.0,0.0,0.0,0.0,0.0,10.0,68.0,6.2,0.0,2.0,11.0,9.0,0.0,13.0,6.2,0.0,11.149999999999999,False,False,True,False,False
1295,76.0,182.88,201.0,4.34,41.0,0.0,132.0,6.96,3.99,1.0,5.0,0.0,0.0,0.0,0.0,0.0,33.0,165.0,0.0,4990.0,94183.0,1131.0,5023.0,94348.0,1131.0,0.0,0.0,0.0,0.0,0.0,0.0,0.0,0.0,0.0,0.0,1.0,5.0,5.0,0.0,2.0,30.0,18.1,1.0,2.0,18.1,0.0,11.6,False,False,False,False,True
1296,91.0,193.04,215.0,4.43,37.5,14.0,125.0,6.78,4.29,3.0,89.0,0.0,0.0,0.0,0.0,0.0,0.0,0.0,0.0,5313.0,92728.0,759.0,5313.0,92728.0,759.0,0.0,0.0,0.0,0.0,0.0,0.0,0.0,0.0,0.0,0.0,0.0,0.0,0.0,0.0,3.0,51.0,16.0,0.0,3.0,16.0,0.0,3.8,False,False,False,False,True
1297,6.0,182.88,201.0,4.56,34.5,19.0,117.0,7.05,4.25,6.0,187.0,0.0,0.0,0.0,0.0,0.0,3.0,63.0,3.0,3696.0,73054.0,572.0,3699.0,73117.0,575.0,0.0,0.0,0.0,0.0,0.0,0.0,0.0,0.0,0.0,0.0,1.0,21.0,21.0,1.0,2.0,29.0,17.7,0.0,2.0,17.7,0.0,1.9,False,False,False,False,True
1298,115.0,170.18,174.0,4.47,35.5,0.0,122.0,6.66,3.98,4.0,129.0,0.0,0.0,0.0,0.0,0.0,530.0,2047.0,0.0,12531.0,132062.0,1542.0,13061.0,134109.0,1542.0,0.0,0.0,0.0,0.0,0.0,0.0,0.0,0.0,0.0,0.0,1.0,5.0,5.0,0.0,4.0,33.0,9.5,0.0,4.0,8.1,0.0,7.1,False,False,False,False,True
1299,165.0,185.42,220.0,4.84,36.5,0.0,114.0,7.15,4.44,6.0,218.0,53970.0,85471.0,646874.0,5147.0,1554.0,30370.0,106505.0,1680.0,666.0,9754.0,0.0,31036.0,116259.0,1680.0,15912.44,22.0,36.0,64.7,263.0,7.2,8.0,2.0,0.0,147.5,11.0,35.0,4.0,0.0,1.0,23.0,12.0,0.0,11.0,4.3,25.040000000000003,0.1,False,True,False,False,False
1300,191.0,172.72,190.0,4.38,35.0,0.0,124.0,6.93,4.22,2.0,56.0,0.0,0.0,0.0,0.0,0.0,465.0,1998.0,0.0,6514.0,129190.0,693.0,6979.0,131188.0,693.0,0.0,0.0,0.0,0.0,0.0,0.0,0.0,0.0,0.0,0.0,1.0,7.0,3.5,0.0,2.0,51.0,20.0,0.0,2.0,16.7,0.0,2.7,False,False,False,False,True
1301,30.0,177.8,215.0,4.45,33.5,18.0,128.0,100.0,100.0,1.0,25.0,46.0,46.0,1058.0,0.0,0.0,38702.0,294304.0,4256.0,4138.0,45399.0,307.0,42840.0,339703.0,4563.0,1031.32,1.0,1.0,100.0,23.0,23.0,23.0,0.0,0.0,293.2,11.0,68.0,6.1,1.0,1.0,16.0,9.0,0.0,12.0,7.1,22.419999999999998,0.0,False,False,True,False,False
1302,91.0,180.34,211.0,4.5,40.5,20.0,127.0,6.83,4.12,6.0,202.0,0.0,0.0,0.0,0.0,0.0,15300.0,79712.0,703.0,2848.0,27458.0,157.0,18148.0,107170.0,860.0,0.0,0.0,0.0,0.0,0.0,0.0,0.0,0.0,0.0,0.0,8.0,27.0,4.3,0.0,1.0,14.0,8.3,0.0,9.0,5.0,0.0,1.9,False,False,True,False,False
1303,123.0,195.57999999999998,251.0,4.79,36.5,22.0,118.0,7.14,4.36,5.0,145.0,0.0,0.0,0.0,0.0,0.0,0.0,0.0,0.0,1808.0,20199.0,171.0,1808.0,20199.0,171.0,0.0,0.0,0.0,0.0,0.0,0.0,0.0,0.0,0.0,0.0,0.0,0.0,0.0,0.0,1.0,16.0,11.0,0.0,1.0,11.0,0.0,0.9500000000000001,False,False,False,True,False
1304,157.0,190.5,222.0,4.44,34.5,16.0,120.0,6.78,4.26,5.0,179.0,0.0,0.0,0.0,0.0,0.0,16.0,-16.0,0.0,1787.0,34898.0,286.0,1803.0,34882.0,286.0,0.0,0.0,0.0,0.0,0.0,0.0,0.0,0.0,0.0,0.0,1.0,-1.0,-1.0,0.0,3.0,55.0,18.3,0.0,3.0,18.3,0.0,0.0,False,False,False,False,True
1305,176.0,172.72,189.0,4.55,0.0,0.0,0.0,100.0,100.0,6.0,211.0,0.0,0.0,0.0,0.0,0.0,8401.0,35997.0,120.0,4893.0,56218.0,349.0,13294.0,92215.0,469.0,0.0,0.0,0.0,0.0,0.0,0.0,0.0,0.0,0.0,0.0,4.0,19.0,4.0,0.0,3.0,36.0,9.0,0.0,7.0,6.5,0.0,5.0,False,False,True,False,False
1306,123.0,187.96,227.0,4.45,0.0,0.0,0.0,100.0,100.0,1.0,11.0,16807.0,24307.0,225258.0,2894.0,183.0,11710.0,54770.0,1038.0,64.0,-640.0,0.0,11774.0,54130.0,1038.0,-1.2800000000000011,7.0,8.0,68.0,121.0,8.4,10.4,2.0,0.0,181.7,5.0,26.0,4.2,0.0,1.0,-10.0,-10.0,0.0,5.0,4.2,-0.020000000000000018,7.770000000000001,False,True,False,False,False
1307,82.0,185.42,208.0,4.43,35.0,0.0,0.0,7.09,4.26,4.0,109.0,0.0,0.0,0.0,0.0,0.0,0.0,0.0,0.0,8499.0,129382.0,1127.0,8499.0,129382.0,1127.0,0.0,0.0,0.0,0.0,0.0,0.0,0.0,0.0,0.0,0.0,0.0,0.0,0.0,0.0,3.0,45.0,13.0,0.0,3.0,13.0,0.0,1.9,False,False,False,False,True
1308,132.0,195.57999999999998,251.0,100.0,0.0,26.0,0.0,100.0,100.0,2.0,55.0,0.0,0.0,0.0,0.0,0.0,0.0,0.0,0.0,4301.0,55672.0,895.0,4301.0,55672.0,895.0,0.0,0.0,0.0,0.0,0.0,0.0,0.0,0.0,0.0,0.0,0.0,0.0,0.0,0.0,2.0,32.0,14.4,0.0,2.0,14.4,0.0,5.7,False,False,False,True,False
1309,84.0,177.8,204.0,4.49,38.0,22.0,122.0,6.71,4.12,7.0,233.0,91.0,91.0,273.0,0.0,0.0,5525.0,35306.0,426.0,875.0,4518.0,138.0,6400.0,39824.0,564.0,0.0,1.0,1.0,100.0,3.0,3.0,3.0,0.0,0.0,125.2,3.0,13.0,3.0,0.0,1.0,5.0,4.0,0.0,3.0,3.0,0.0,0.25,False,False,True,False,False
1310,87.0,0.0,201.0,4.42,0.0,21.0,0.0,100.0,100.0,5.0,150.0,0.0,0.0,0.0,0.0,0.0,0.0,0.0,0.0,0.0,0.0,0.0,0.0,0.0,0.0,0.0,0.0,0.0,0.0,0.0,0.0,0.0,0.0,0.0,0.0,0.0,0.0,0.0,0.0,0.0,0.0,0.0,0.0,0.0,0.0,0.0,5.550000000000001,False,False,True,False,False
1311,38.0,190.5,240.0,4.55,35.0,15.0,115.0,6.83,4.37,5.0,162.0,13.0,13.0,143.0,0.0,0.0,24.0,37.0,0.0,5155.0,47882.0,449.0,5179.0,47919.0,449.0,33.02,1.0,1.0,100.0,11.0,11.0,11.0,0.0,0.0,192.4,1.0,2.0,2.0,0.0,2.0,28.0,9.0,0.0,2.0,8.5,2.54,1.0,False,False,False,True,False
1312,184.0,172.72,210.0,4.46,33.0,22.0,115.0,6.96,4.31,6.0,217.0,0.0,67.0,0.0,0.0,0.0,21976.0,116458.0,715.0,1583.0,8317.0,20.0,23559.0,124775.0,735.0,0.0,0.0,1.0,0.0,0.0,0.0,0.0,0.0,0.0,0.0,10.0,46.0,4.3,0.0,1.0,6.0,4.0,0.0,10.0,4.4,0.0,7.950000000000001,False,False,True,False,False
1313,97.0,177.8,214.0,4.51,36.0,22.0,122.0,7.13,4.35,7.0,256.0,0.0,0.0,0.0,0.0,0.0,28133.0,167028.0,1106.0,3262.0,32869.0,361.0,31395.0,199897.0,1467.0,0.0,0.0,0.0,0.0,0.0,0.0,0.0,0.0,0.0,0.0,9.0,42.0,5.3,0.0,2.0,11.0,6.3,0.0,10.0,5.5,0.0,3.45,False,False,True,False,False
1314,126.0,182.88,210.0,4.48,36.0,20.0,120.0,7.24,4.26,4.0,126.0,0.0,0.0,0.0,0.0,0.0,30628.0,193641.0,1961.0,3037.0,30867.0,255.0,33665.0,224508.0,2216.0,0.0,0.0,0.0,0.0,0.0,0.0,0.0,0.0,0.0,0.0,18.0,80.0,6.0,1.0,2.0,18.0,7.5,0.0,20.0,7.3,0.0,7.85,False,False,True,False,False
1315,130.0,177.8,206.0,4.57,31.0,13.0,115.0,7.38,4.38,7.0,257.0,0.0,0.0,0.0,0.0,0.0,30234.0,174437.0,1630.0,2429.0,16041.0,78.0,32663.0,190478.0,1708.0,0.0,0.0,0.0,0.0,0.0,0.0,0.0,0.0,0.0,0.0,20.0,103.0,5.4,0.0,2.0,9.0,6.0,0.0,22.0,5.4,0.0,5.95,False,False,True,False,False
1316,3.0,187.96,217.0,4.72,32.0,0.0,116.0,7.04,4.39,1.0,15.0,10230.0,14543.0,159788.0,1458.0,288.0,1868.0,2389.0,69.0,83.0,-139.0,0.0,1951.0,2250.0,69.0,3219.2400000000002,3.0,5.0,55.6,58.0,8.6,8.5,0.0,0.0,135.4,1.0,1.0,1.0,0.0,1.0,-1.0,-1.0,0.0,1.0,1.0,39.0,13.650000000000002,False,True,False,False,False
1317,89.0,187.96,247.0,4.64,31.0,17.0,116.0,100.0,100.0,5.0,147.0,8.0,8.0,120.0,0.0,0.0,65.0,8.0,0.0,4902.0,56227.0,512.0,4967.0,56235.0,512.0,210.4,1.0,1.0,100.0,15.0,15.0,15.0,0.0,0.0,226.0,1.0,0.0,0.0,0.0,3.0,41.0,8.7,0.0,3.0,8.7,26.3,7.6,False,False,False,True,False
1318,113.0,190.5,224.0,100.0,0.0,0.0,0.0,100.0,100.0,1.0,3.0,0.0,0.0,0.0,0.0,0.0,0.0,0.0,0.0,0.0,0.0,0.0,0.0,0.0,0.0,0.0,0.0,0.0,0.0,0.0,0.0,0.0,0.0,0.0,0.0,0.0,0.0,0.0,0.0,0.0,0.0,0.0,0.0,0.0,0.0,0.0,6.1,False,True,False,False,False
1319,30.0,195.57999999999998,213.0,100.0,0.0,0.0,0.0,100.0,100.0,1.0,1.0,35847.0,54168.0,463057.0,4554.0,848.0,10087.0,40540.0,665.0,131.0,-640.0,0.0,10218.0,39900.0,665.0,3450.44,16.0,24.0,66.7,206.0,8.4,9.1,2.0,0.0,161.0,4.0,13.0,4.7,0.0,1.0,-12.0,-12.0,0.0,4.0,4.7,22.000000000000004,7.5,False,True,False,False,False
1320,52.0,193.04,247.0,100.0,0.0,0.0,0.0,100.0,100.0,3.0,97.0,0.0,0.0,0.0,0.0,0.0,0.0,0.0,0.0,3970.0,41927.0,234.0,3970.0,41927.0,234.0,0.0,0.0,0.0,0.0,0.0,0.0,0.0,0.0,0.0,0.0,0.0,0.0,0.0,0.0,2.0,23.0,10.0,0.0,2.0,10.0,0.0,1.05,False,False,False,True,False
1321,76.0,187.96,217.0,4.36,34.0,0.0,124.0,7.38,4.38,6.0,205.0,0.0,0.0,0.0,0.0,0.0,0.0,0.0,0.0,1481.0,25754.0,183.0,1481.0,25754.0,183.0,0.0,0.0,0.0,0.0,0.0,0.0,0.0,0.0,0.0,0.0,0.0,0.0,0.0,0.0,2.0,42.0,21.0,0.0,2.0,21.0,0.0,0.0,False,False,False,False,True
1322,157.0,190.5,217.0,4.82,32.0,0.0,110.0,6.95,4.4,3.0,67.0,9871.0,15547.0,118131.0,632.0,239.0,2399.0,3889.0,37.0,48.0,384.0,48.0,2447.0,4273.0,85.0,1689.6000000000001,21.0,30.0,60.9,245.0,6.6,6.8,1.0,0.0,120.0,5.0,3.0,0.6,0.0,1.0,8.0,8.0,1.0,5.0,1.8,35.2,13.139999999999999,False,True,False,False,False
1323,12.0,0.0,0.0,4.54,31.0,14.0,114.0,100.0,4.19,7.0,258.0,0.0,0.0,0.0,0.0,0.0,1075.0,3927.0,0.0,3521.0,46787.0,316.0,4596.0,50714.0,316.0,0.0,0.0,0.0,0.0,0.0,0.0,0.0,0.0,0.0,0.0,1.0,4.0,3.8,0.0,2.0,27.0,8.0,0.0,2.0,8.0,0.0,1.1500000000000001,False,False,False,False,True
1324,79.0,177.8,201.0,4.38,37.5,17.0,128.0,6.94,4.19,6.0,194.0,0.0,0.0,0.0,0.0,0.0,25901.0,158852.0,1837.0,2443.0,30694.0,241.0,28344.0,189546.0,2078.0,0.0,0.0,0.0,0.0,0.0,0.0,0.0,0.0,0.0,0.0,12.0,74.0,5.2,1.0,2.0,14.0,11.5,0.0,14.0,5.6,0.0,17.15,False,False,True,False,False
1325,96.0,0.0,0.0,4.35,36.0,17.0,121.0,6.63,4.07,2.0,34.0,13.0,13.0,26.0,0.0,0.0,654.0,1588.0,0.0,8262.0,102202.0,679.0,8916.0,103790.0,679.0,288.34,1.0,1.0,100.0,2.0,2.0,2.0,0.0,0.0,116.8,1.0,2.0,1.0,0.0,4.0,50.0,11.7,0.0,4.0,11.3,22.18,9.700000000000001,False,False,False,False,True
1326,137.0,170.18,180.0,4.28,42.5,0.0,0.0,6.65,4.06,2.0,49.0,0.0,58.0,0.0,0.0,0.0,1999.0,22622.0,227.0,11808.0,131564.0,1066.0,13807.0,154186.0,1293.0,1270.1999999999998,0.0,1.0,0.0,0.0,0.0,0.0,0.0,0.0,0.0,2.0,10.0,4.0,0.0,9.0,101.0,10.6,1.0,11.0,10.3,21.9,7.4,False,False,False,False,True
1327,110.0,177.8,190.0,4.59,34.0,12.0,121.0,7.38,4.38,6.0,221.0,70.0,70.0,3010.0,0.0,0.0,1494.0,11761.0,87.0,9450.0,118160.0,686.0,10944.0,129921.0,773.0,0.0,1.0,1.0,100.0,43.0,43.0,43.0,0.0,0.0,461.2,1.0,6.0,4.5,0.0,3.0,46.0,11.0,0.0,4.0,10.6,0.0,2.15,False,False,False,False,True
1328,25.0,182.88,187.0,4.44,35.5,18.0,125.0,6.81,4.27,7.0,242.0,0.0,0.0,0.0,0.0,0.0,0.0,0.0,0.0,6793.0,103658.0,957.0,6793.0,103658.0,957.0,0.0,0.0,0.0,0.0,0.0,0.0,0.0,0.0,0.0,0.0,0.0,0.0,0.0,0.0,4.0,54.0,12.7,0.0,4.0,12.7,0.0,0.0,False,False,False,False,True
1329,43.0,195.57999999999998,245.0,4.44,33.5,22.0,129.0,7.12,4.3,1.0,4.0,0.0,0.0,0.0,0.0,0.0,0.0,0.0,0.0,3963.0,55000.0,568.0,3963.0,55000.0,568.0,0.0,0.0,0.0,0.0,0.0,0.0,0.0,0.0,0.0,0.0,0.0,0.0,0.0,0.0,4.0,44.0,12.0,0.0,4.0,12.0,0.0,7.35,False,False,False,True,False
1330,30.0,182.88,204.0,4.53,36.5,16.0,128.0,7.03,4.21,5.0,181.0,0.0,0.0,0.0,0.0,0.0,0.0,0.0,0.0,2984.0,34178.0,201.0,2984.0,34178.0,201.0,0.0,0.0,0.0,0.0,0.0,0.0,0.0,0.0,0.0,0.0,0.0,0.0,0.0,0.0,2.0,13.0,7.5,0.0,2.0,7.5,0.0,0.0,False,False,False,False,True
1331,30.0,175.26,212.0,4.52,33.0,19.0,121.0,7.07,4.31,3.0,85.0,19.0,239.0,152.0,0.0,0.0,558.0,2784.0,46.0,8864.0,96690.0,787.0,9422.0,99474.0,833.0,292.5,0.0,1.0,0.0,0.0,0.0,0.0,0.0,0.0,0.0,1.0,4.0,4.0,0.0,3.0,16.0,7.0,0.0,3.0,6.8,3.9000000000000004,3.8,False,False,False,False,True
1332,99.0,0.0,0.0,4.62,30.0,0.0,0.0,6.96,100.0,6.0,198.0,0.0,0.0,0.0,0.0,0.0,0.0,0.0,0.0,0.0,0.0,0.0,0.0,0.0,0.0,0.0,0.0,0.0,0.0,0.0,0.0,0.0,0.0,0.0,0.0,0.0,0.0,0.0,0.0,0.0,0.0,0.0,0.0,0.0,0.0,0.0,1.9000000000000001,False,False,True,False,False
1333,11.0,182.88,186.0,4.27,32.0,0.0,123.0,7.13,4.25,3.0,91.0,0.0,0.0,0.0,0.0,0.0,2623.0,20753.0,509.0,4663.0,61196.0,261.0,7286.0,81949.0,770.0,0.0,0.0,0.0,0.0,0.0,0.0,0.0,0.0,0.0,0.0,2.0,12.0,4.5,0.0,3.0,40.0,13.0,0.0,5.0,10.7,0.0,6.3,False,False,False,False,True
1334,123.0,182.88,215.0,4.57,37.0,0.0,125.0,6.83,4.28,3.0,88.0,95.0,95.0,3990.0,0.0,0.0,26847.0,160128.0,1442.0,2931.0,34499.0,147.0,29778.0,194627.0,1589.0,1271.1,1.0,1.0,100.0,42.0,42.0,42.0,0.0,0.0,452.8,9.0,63.0,6.2,0.0,2.0,13.0,10.0,0.0,11.0,6.9,13.379999999999999,6.0,False,False,True,False,False
1335,66.0,182.88,181.0,4.43,37.0,0.0,124.0,7.0,4.2,5.0,157.0,0.0,33.0,0.0,0.0,0.0,1750.0,16015.0,168.0,5402.0,77540.0,459.0,7152.0,93555.0,627.0,630.3000000000001,0.0,1.0,0.0,0.0,0.0,0.0,0.0,0.0,0.0,1.0,6.0,6.0,0.0,2.0,28.0,10.0,0.0,3.0,11.0,19.1,4.15,False,False,False,False,True
1336,60.0,177.8,180.0,4.48,33.0,0.0,122.0,6.76,4.14,6.0,203.0,75.0,75.0,2325.0,0.0,0.0,1746.0,20311.0,224.0,9039.0,136053.0,1327.0,10785.0,156364.0,1551.0,2800.5000000000005,1.0,1.0,100.0,31.0,31.0,31.0,0.0,0.0,360.4,1.0,13.0,6.5,0.0,5.0,72.0,13.3,1.0,6.0,13.3,37.34,0.0,False,False,False,False,True
1337,125.0,180.34,231.0,4.64,31.5,15.0,112.0,7.09,4.15,4.0,120.0,0.0,0.0,0.0,0.0,0.0,4787.0,37279.0,494.0,749.0,7539.0,0.0,5536.0,44818.0,494.0,0.0,0.0,0.0,0.0,0.0,0.0,0.0,0.0,0.0,0.0,6.0,41.0,6.8,1.0,1.0,14.0,9.6,0.0,6.0,6.8,0.0,6.199999999999999,False,False,True,False,False
1338,43.0,180.34,193.0,4.39,39.5,9.0,136.0,6.88,4.25,1.0,20.0,160.0,348.0,3156.0,145.0,0.0,3664.0,30627.0,37.0,4140.0,52138.0,348.0,7804.0,82765.0,385.0,2593.9,0.0,1.0,0.0,0.0,0.0,0.0,0.0,0.0,0.0,2.0,17.0,7.3,0.0,2.0,21.0,9.0,0.0,3.0,9.0,8.4,4.949999999999999,False,False,False,False,True
1339,43.0,195.57999999999998,236.0,5.1,31.5,0.0,113.0,7.08,4.6,2.0,64.0,18847.0,27740.0,240704.0,2238.0,446.0,4875.0,2276.0,359.0,47.0,188.0,0.0,4922.0,2464.0,359.0,881.7199999999999,21.0,29.0,71.4,257.0,8.1,9.0,2.0,0.0,161.6,4.0,4.0,1.1,0.0,1.0,4.0,4.0,0.0,4.0,1.1,18.759999999999998,0.0,False,True,False,False,False
1340,121.0,190.5,241.0,4.6,36.5,20.0,122.0,100.0,100.0,3.0,83.0,0.0,0.0,0.0,0.0,0.0,25.0,100.0,0.0,1385.0,16199.0,312.0,1410.0,16299.0,312.0,0.0,0.0,0.0,0.0,0.0,0.0,0.0,0.0,0.0,0.0,1.0,4.0,4.0,0.0,1.0,16.0,9.0,0.0,1.0,9.0,0.0,2.2,False,False,False,True,False
1341,126.0,180.34,194.0,4.48,33.0,11.0,112.0,6.97,4.25,4.0,131.0,125.0,125.0,1434.0,0.0,0.0,128.0,493.0,67.0,11130.0,192489.0,1659.0,11258.0,192982.0,1726.0,2127.92,1.0,1.0,100.0,24.0,24.0,24.0,0.0,0.0,301.6,1.0,6.0,6.0,1.0,5.0,92.0,16.6,1.0,5.0,16.4,31.759999999999998,1.0,False,False,False,False,True
1342,110.0,175.26,212.0,4.55,36.0,22.0,123.0,6.97,4.09,2.0,35.0,0.0,0.0,0.0,0.0,0.0,15867.0,92223.0,1006.0,2222.0,23271.0,156.0,18089.0,115494.0,1162.0,0.0,0.0,0.0,0.0,0.0,0.0,0.0,0.0,0.0,0.0,11.0,57.0,5.2,0.0,2.0,24.0,8.7,0.0,12.0,6.4,0.0,10.1,False,False,True,False,False
1343,11.0,190.5,211.0,4.49,37.0,12.0,124.0,7.2,4.43,6.0,219.0,0.0,0.0,0.0,0.0,0.0,0.0,0.0,0.0,6023.0,101455.0,923.0,6023.0,101455.0,923.0,0.0,0.0,0.0,0.0,0.0,0.0,0.0,0.0,0.0,0.0,0.0,0.0,0.0,0.0,3.0,52.0,18.5,0.0,3.0,18.5,0.0,0.0,False,False,False,False,True
1344,12.0,187.96,214.0,100.0,0.0,0.0,0.0,100.0,100.0,1.0,2.0,24103.0,36764.0,307651.0,1930.0,839.0,10081.0,30350.0,526.0,78.0,1398.0,0.0,10159.0,31748.0,526.0,2561.22,19.0,29.0,63.6,232.0,7.6,8.7,1.0,0.0,143.9,8.0,19.0,2.7,0.0,1.0,19.0,19.0,0.0,8.0,2.9,26.599999999999998,7.239999999999999,False,True,False,False,False
1345,12.0,180.34,224.0,4.6,33.0,0.0,120.0,100.0,100.0,5.0,151.0,0.0,0.0,0.0,0.0,0.0,16244.0,109515.0,1515.0,1769.0,14929.0,39.0,18013.0,124444.0,1554.0,0.0,0.0,0.0,0.0,0.0,0.0,0.0,0.0,0.0,0.0,15.0,77.0,6.1,1.0,2.0,12.0,6.3,0.0,16.0,7.0,0.0,6.15,False,False,True,False,False
1346,87.0,172.72,170.0,4.32,39.0,0.0,135.0,6.65,4.07,4.0,138.0,0.0,0.0,0.0,0.0,0.0,0.0,0.0,0.0,0.0,0.0,0.0,0.0,0.0,0.0,0.0,0.0,0.0,0.0,0.0,0.0,0.0,0.0,0.0,0.0,0.0,0.0,0.0,0.0,0.0,0.0,0.0,0.0,0.0,0.0,0.0,0.0,False,False,False,False,True
1347,99.0,172.72,197.0,4.45,33.5,0.0,121.0,100.0,100.0,6.0,196.0,0.0,0.0,0.0,0.0,0.0,25903.0,130822.0,1114.0,5356.0,46627.0,357.0,31259.0,177449.0,1471.0,0.0,0.0,0.0,0.0,0.0,0.0,0.0,0.0,0.0,0.0,10.0,41.0,4.5,0.0,2.0,22.0,7.0,0.0,11.0,5.2,0.0,0.0,False,False,True,False,False
1348,137.0,185.42,212.0,4.65,33.0,0.0,118.0,7.14,4.57,3.0,99.0,0.0,0.0,0.0,0.0,0.0,324.0,1737.0,85.0,9261.0,117170.0,663.0,9585.0,118907.0,748.0,0.0,0.0,0.0,0.0,0.0,0.0,0.0,0.0,0.0,0.0,1.0,6.0,6.0,0.0,8.0,101.0,13.6,0.0,8.0,13.6,0.0,2.3,False,False,False,False,True
1349,145.0,195.57999999999998,253.0,4.63,34.5,22.0,125.0,7.05,4.47,4.0,112.0,0.0,0.0,0.0,0.0,0.0,70.0,-132.0,0.0,2316.0,24099.0,210.0,2386.0,23967.0,210.0,0.0,0.0,0.0,0.0,0.0,0.0,0.0,0.0,0.0,0.0,1.0,2.0,2.0,0.0,1.0,19.0,10.6,0.0,2.0,10.0,0.0,3.8,False,False,False,True,False
1350,8.0,187.96,225.0,4.55,33.0,0.0,122.0,7.28,100.0,1.0,18.0,0.0,200.0,0.0,0.0,35.0,1390.0,8244.0,42.0,5049.0,85634.0,614.0,6439.0,93878.0,656.0,2834.6,0.0,1.0,0.0,0.0,0.0,0.0,0.0,0.0,0.0,2.0,5.0,3.8,0.0,3.0,52.0,15.0,0.0,4.0,12.8,18.7,6.85,False,False,False,False,True
1351,142.0,193.04,241.0,4.62,0.0,20.0,0.0,100.0,100.0,6.0,198.0,0.0,0.0,0.0,0.0,0.0,0.0,0.0,0.0,4768.0,64837.0,826.0,4768.0,64837.0,826.0,0.0,0.0,0.0,0.0,0.0,0.0,0.0,0.0,0.0,0.0,0.0,0.0,0.0,0.0,2.0,30.0,13.0,0.0,2.0,13.0,0.0,2.4,False,False,False,True,False
1352,110.0,180.34,204.0,4.38,31.0,0.0,121.0,100.0,100.0,5.0,169.0,0.0,0.0,0.0,0.0,0.0,0.0,0.0,0.0,0.0,0.0,0.0,0.0,0.0,0.0,0.0,0.0,0.0,0.0,0.0,0.0,0.0,0.0,0.0,0.0,0.0,0.0,0.0,0.0,0.0,0.0,0.0,0.0,0.0,0.0,0.0,0.0,False,False,True,False,False
1353,96.0,177.8,222.0,4.59,29.5,25.0,118.0,100.0,100.0,5.0,154.0,0.0,0.0,0.0,0.0,0.0,11607.0,58941.0,946.0,1317.0,10116.0,0.0,12924.0,69057.0,946.0,0.0,0.0,0.0,0.0,0.0,0.0,0.0,0.0,0.0,0.0,8.0,42.0,4.2,1.0,2.0,15.0,6.0,0.0,9.0,4.8,0.0,0.55,False,False,True,False,False
1354,52.0,180.34,199.0,4.42,33.0,0.0,124.0,100.0,100.0,2.0,63.0,0.0,0.0,0.0,0.0,0.0,10865.0,73365.0,604.0,3052.0,30658.0,191.0,13917.0,104023.0,795.0,0.0,0.0,0.0,0.0,0.0,0.0,0.0,0.0,0.0,0.0,6.0,37.0,5.6,0.0,2.0,12.0,7.0,0.0,6.0,7.0,0.0,5.3,False,False,True,False,False
1355,96.0,187.96,212.0,100.0,0.0,0.0,0.0,100.0,100.0,3.0,94.0,22716.0,34364.0,295190.0,1799.0,749.0,13026.0,47796.0,791.0,42.0,798.0,0.0,13068.0,48594.0,791.0,1018.08,16.0,24.0,62.5,186.0,8.0,8.3,1.0,0.0,145.5,9.0,20.0,3.5,0.0,1.0,19.0,19.0,0.0,9.0,3.5,24.240000000000002,0.0,False,True,False,False,False
1356,76.0,182.88,211.0,4.48,30.0,0.0,117.0,100.0,100.0,3.0,93.0,0.0,0.0,0.0,0.0,0.0,13384.0,62332.0,613.0,1158.0,8292.0,0.0,14542.0,70624.0,613.0,0.0,0.0,0.0,0.0,0.0,0.0,0.0,0.0,0.0,0.0,6.0,25.0,3.8,0.0,1.0,9.0,7.0,0.0,7.0,4.5,0.0,1.7,False,False,True,False,False
1357,132.0,180.34,178.0,4.43,36.0,0.0,121.0,7.28,100.0,1.0,16.0,139.0,139.0,2967.0,0.0,0.0,389.0,544.0,81.0,7177.0,102115.0,937.0,7566.0,102659.0,1018.0,3240.98,1.0,1.0,100.0,21.0,21.0,21.0,0.0,0.0,276.4,1.0,2.0,2.0,0.0,3.0,44.0,13.0,0.0,3.0,13.0,25.34,12.850000000000001,False,False,False,False,True
1358,107.0,187.96,201.0,100.0,0.0,0.0,0.0,100.0,100.0,4.0,132.0,0.0,0.0,0.0,0.0,0.0,158.0,249.0,0.0,10401.0,142909.0,931.0,10559.0,143158.0,931.0,0.0,0.0,0.0,0.0,0.0,0.0,0.0,0.0,0.0,0.0,1.0,4.0,4.0,0.0,5.0,47.0,13.0,0.0,5.0,13.0,0.0,7.4,False,False,False,False,True
1359,176.0,193.04,243.0,4.69,34.0,16.0,122.0,7.05,4.37,3.0,80.0,0.0,0.0,0.0,0.0,0.0,0.0,0.0,0.0,3096.0,46184.0,318.0,3096.0,46184.0,318.0,0.0,0.0,0.0,0.0,0.0,0.0,0.0,0.0,0.0,0.0,0.0,0.0,0.0,0.0,3.0,37.0,14.0,0.0,3.0,14.0,0.0,6.9,False,False,False,True,False
1360,14.0,180.34,206.0,4.43,30.0,0.0,0.0,100.0,100.0,6.0,203.0,19.0,90.0,-76.0,0.0,71.0,16639.0,84293.0,632.0,6812.0,82391.0,566.0,23451.0,166684.0,1198.0,1057.76,0.0,1.0,0.0,0.0,0.0,-45.0,0.0,1.0,-200.0,5.0,20.0,5.0,0.0,2.0,27.0,9.0,0.0,7.0,6.0,12.8,0.8,False,False,True,False,False
1361,167.0,187.96,209.0,100.0,36.5,0.0,126.0,100.0,4.38,4.0,125.0,0.0,0.0,0.0,0.0,0.0,488.0,5881.0,85.0,5484.0,77564.0,548.0,5972.0,83445.0,633.0,0.0,0.0,0.0,0.0,0.0,0.0,0.0,0.0,0.0,0.0,2.0,16.0,16.0,0.0,4.0,54.0,12.6,0.0,4.0,12.7,0.0,0.0,False,False,False,False,True
1362,197.0,195.57999999999998,250.0,4.81,31.5,15.0,118.0,7.03,4.48,4.0,129.0,0.0,0.0,0.0,0.0,0.0,0.0,0.0,0.0,6304.0,74634.0,592.0,6304.0,74634.0,592.0,0.0,0.0,0.0,0.0,0.0,0.0,0.0,0.0,0.0,0.0,0.0,0.0,0.0,0.0,3.0,28.0,11.0,0.0,3.0,11.0,0.0,2.7,False,False,False,True,False
1363,28.0,180.34,210.0,4.46,31.0,0.0,118.0,100.0,100.0,5.0,156.0,0.0,0.0,0.0,0.0,0.0,13121.0,74090.0,1026.0,1289.0,11647.0,81.0,14410.0,85737.0,1107.0,0.0,0.0,0.0,0.0,0.0,0.0,0.0,0.0,0.0,0.0,9.0,38.5,4.3,1.0,2.0,11.0,5.5,0.0,9.0,4.9,0.0,5.1,False,False,True,False,False
1364,142.0,182.88,186.0,4.33,34.0,0.0,126.0,100.0,100.0,3.0,105.0,0.0,0.0,0.0,0.0,0.0,166.0,1270.0,44.0,3083.0,44883.0,474.0,3249.0,46153.0,518.0,0.0,0.0,0.0,0.0,0.0,0.0,0.0,0.0,0.0,0.0,2.0,13.0,6.5,0.0,5.0,73.0,12.3,1.0,5.0,12.3,0.0,0.0,False,False,False,False,True
1365,67.0,180.34,217.0,4.39,40.0,0.0,126.0,100.0,100.0,2.0,36.0,0.0,0.0,0.0,0.0,0.0,25445.0,144529.0,1753.0,2866.0,25458.0,188.0,28311.0,169987.0,1941.0,0.0,0.0,0.0,0.0,0.0,0.0,0.0,0.0,0.0,0.0,19.0,101.0,5.0,1.0,2.0,17.0,6.5,0.0,22.0,5.1,0.0,13.2,False,False,True,False,False
1366,149.0,177.8,221.0,100.0,38.5,21.0,126.0,100.0,100.0,6.0,183.0,0.0,0.0,0.0,0.0,0.0,43130.0,213038.0,2716.0,5007.0,39412.0,652.0,48137.0,252450.0,3368.0,0.0,0.0,0.0,0.0,0.0,0.0,0.0,0.0,0.0,0.0,7.0,35.0,4.5,0.0,1.0,12.0,7.5,0.0,7.0,5.0,0.0,0.5,False,False,True,False,False
1367,91.0,187.96,228.0,100.0,0.0,27.0,0.0,100.0,100.0,4.0,131.0,0.0,35.0,0.0,0.0,0.0,17257.0,85195.0,1087.0,1093.0,7466.0,0.0,18350.0,92661.0,1087.0,0.0,0.0,1.0,0.0,0.0,0.0,0.0,0.0,0.0,0.0,13.0,56.0,4.6,1.0,2.0,9.0,7.3,0.0,13.0,4.8,0.0,5.5,False,False,True,False,False
1368,92.0,180.34,233.0,4.72,32.5,0.0,0.0,100.0,100.0,6.0,208.0,70.0,164.0,2520.0,0.0,0.0,13063.0,53757.0,589.0,5213.0,37836.0,333.0,18276.0,91593.0,922.0,688.8,0.0,1.0,0.0,0.0,0.0,0.0,0.0,0.0,0.0,5.0,22.0,3.3,0.0,2.0,12.0,5.5,0.0,4.0,3.9,9.84,2.1,False,False,False,True,False
1369,110.0,185.42,218.0,100.0,0.0,0.0,0.0,100.0,100.0,5.0,144.0,27771.0,44170.0,410526.0,3714.0,800.0,15258.0,37469.0,527.0,145.0,1145.0,44.0,15403.0,38614.0,571.0,3922.6600000000003,17.0,29.0,62.8,295.0,9.0,10.2,2.0,0.0,164.8,11.0,6.0,0.6,0.0,1.0,3.0,3.0,0.0,11.0,0.6,24.360000000000003,0.0,False,True,False,False,False
1370,178.0,182.88,221.0,4.53,34.5,0.0,122.0,100.0,100.0,6.0,201.0,0.0,125.0,0.0,0.0,0.0,26074.0,148209.0,882.0,4937.0,36622.0,238.0,31011.0,184831.0,1120.0,562.5,0.0,1.0,0.0,0.0,0.0,0.0,0.0,0.0,0.0,11.0,64.0,5.7,0.0,2.0,17.0,6.4,0.0,14.0,5.9,4.5,0.35,False,False,True,False,False
1371,163.0,182.88,204.0,4.31,33.0,0.0,121.0,100.0,100.0,3.0,71.0,0.0,0.0,0.0,0.0,0.0,0.0,0.0,0.0,0.0,0.0,0.0,0.0,0.0,0.0,0.0,0.0,0.0,0.0,0.0,0.0,0.0,0.0,0.0,0.0,0.0,0.0,0.0,0.0,0.0,0.0,0.0,0.0,0.0,0.0,0.0,0.0,False,False,False,False,True
1372,67.0,200.66,252.0,100.0,0.0,0.0,0.0,100.0,100.0,4.0,128.0,0.0,0.0,0.0,0.0,0.0,0.0,0.0,0.0,6773.0,87707.0,992.0,6773.0,87707.0,992.0,0.0,0.0,0.0,0.0,0.0,0.0,0.0,0.0,0.0,0.0,0.0,0.0,0.0,0.0,3.0,44.0,12.7,0.0,3.0,12.7,0.0,0.0,False,False,False,True,False
1373,31.0,195.57999999999998,245.0,100.0,36.0,0.0,0.0,100.0,4.57,4.0,139.0,0.0,0.0,0.0,0.0,0.0,243.0,810.0,0.0,5828.0,85543.0,1350.0,6071.0,86353.0,1350.0,0.0,0.0,0.0,0.0,0.0,0.0,0.0,0.0,0.0,0.0,3.0,10.0,3.3,0.0,3.0,31.0,13.0,1.0,3.0,13.0,0.0,2.45,False,False,False,True,False
1374,178.0,193.04,219.0,100.0,0.0,0.0,0.0,100.0,100.0,1.0,8.0,0.0,0.0,0.0,0.0,0.0,2.0,4.0,0.0,6217.0,81436.0,670.0,6219.0,81440.0,670.0,0.0,0.0,0.0,0.0,0.0,0.0,0.0,0.0,0.0,0.0,1.0,2.0,2.0,0.0,8.0,85.0,13.0,1.0,8.0,13.0,0.0,6.1,False,False,False,False,True
1375,33.0,193.04,246.0,100.0,33.0,18.0,117.0,100.0,100.0,2.0,55.0,0.0,0.0,0.0,0.0,0.0,176.0,2694.0,36.0,6888.0,87273.0,363.0,7064.0,89967.0,399.0,0.0,0.0,0.0,0.0,0.0,0.0,0.0,0.0,0.0,0.0,2.0,3.0,1.5,0.0,4.0,59.0,11.2,0.0,4.0,11.2,0.0,3.4,False,False,False,True,False
1376,141.0,180.34,189.0,4.34,38.0,0.0,121.0,6.98,100.0,7.0,229.0,0.0,0.0,0.0,0.0,0.0,1135.0,6910.0,22.0,7383.0,90901.0,364.0,8518.0,97811.0,386.0,0.0,0.0,0.0,0.0,0.0,0.0,0.0,0.0,0.0,0.0,1.0,5.0,5.0,0.0,4.0,32.0,11.6,0.0,4.0,10.5,0.0,0.0,False,False,False,False,True
1377,3.0,180.34,187.0,100.0,0.0,0.0,0.0,100.0,100.0,2.0,44.0,0.0,0.0,0.0,0.0,0.0,42.0,336.0,0.0,4756.0,61664.0,481.0,4798.0,62000.0,481.0,0.0,0.0,0.0,0.0,0.0,0.0,0.0,0.0,0.0,0.0,1.0,8.0,8.0,0.0,5.0,48.5,11.5,0.0,5.0,11.5,0.0,0.0,False,False,False,False,True
1378,184.0,193.04,249.0,100.0,0.0,0.0,0.0,100.0,100.0,5.0,177.0,0.0,0.0,0.0,0.0,0.0,1325.0,6222.0,212.0,1975.0,27355.0,257.0,3300.0,33577.0,469.0,0.0,0.0,0.0,0.0,0.0,0.0,0.0,0.0,0.0,0.0,1.0,5.0,3.0,0.0,2.0,22.0,11.0,0.0,2.0,7.0,0.0,2.45,False,False,False,True,False
1379,193.0,177.8,195.0,4.41,34.5,0.0,125.0,7.13,4.32,2.0,54.0,0.0,0.0,0.0,0.0,0.0,87.0,400.0,40.0,7394.0,105754.0,683.0,7481.0,106154.0,723.0,0.0,0.0,0.0,0.0,0.0,0.0,0.0,0.0,0.0,0.0,1.0,2.0,2.0,0.0,6.0,81.0,13.9,0.0,6.0,13.9,0.0,1.9000000000000001,False,False,False,False,True
1380,92.0,180.34,186.0,4.5,38.0,0.0,128.0,7.03,4.28,6.0,191.0,0.0,0.0,0.0,0.0,0.0,1014.0,10720.0,74.0,3705.0,59659.0,425.0,4719.0,70379.0,499.0,0.0,0.0,0.0,0.0,0.0,0.0,0.0,0.0,0.0,0.0,2.0,11.0,6.0,0.0,3.0,22.0,14.0,0.0,4.0,14.0,0.0,1.8,False,False,False,False,True
1381,84.0,190.5,238.0,4.52,35.5,0.0,0.0,100.0,100.0,4.0,143.0,0.0,0.0,0.0,0.0,0.0,217.0,5001.0,142.0,3709.0,34487.0,388.0,3926.0,39488.0,530.0,0.0,0.0,0.0,0.0,0.0,0.0,0.0,0.0,0.0,0.0,1.0,21.0,21.0,1.0,2.0,23.0,7.7,0.0,2.0,7.7,0.0,4.1,False,False,False,True,False
1382,123.0,182.88,187.0,4.39,32.0,0.0,124.0,100.0,100.0,1.0,11.0,0.0,0.0,0.0,0.0,0.0,97.0,208.0,0.0,6701.0,107589.0,1597.0,6798.0,107797.0,1597.0,0.0,0.0,0.0,0.0,0.0,0.0,0.0,0.0,0.0,0.0,1.0,1.0,1.0,0.0,3.0,60.0,14.7,1.0,3.0,14.7,0.0,10.1,False,False,False,False,True
1383,186.0,195.57999999999998,247.0,100.0,0.0,0.0,0.0,100.0,100.0,4.0,106.0,0.0,0.0,0.0,0.0,0.0,0.0,0.0,0.0,3657.0,40612.0,389.0,3657.0,40612.0,389.0,0.0,0.0,0.0,0.0,0.0,0.0,0.0,0.0,0.0,0.0,0.0,0.0,0.0,0.0,2.0,24.0,10.8,0.0,2.0,10.8,0.0,4.8,False,False,False,True,False
1384,141.0,177.8,216.0,4.37,33.0,0.0,118.0,100.0,100.0,7.0,251.0,247.0,360.0,6945.0,0.0,64.0,26675.0,124918.0,975.0,1716.0,9159.0,11.0,28391.0,134077.0,986.0,534.2399999999999,1.0,1.0,100.0,19.0,19.0,19.0,0.0,0.0,259.6,11.0,50.0,4.0,0.0,2.0,6.0,6.0,0.0,13.0,4.2,2.6999999999999997,12.05,False,False,True,False,False
1385,176.0,180.34,189.0,4.58,33.5,0.0,124.0,100.0,100.0,5.0,163.0,0.0,0.0,0.0,0.0,0.0,96.0,850.0,0.0,7056.0,77155.0,685.0,7152.0,78005.0,685.0,0.0,0.0,0.0,0.0,0.0,0.0,0.0,0.0,0.0,0.0,1.0,7.0,7.0,0.0,5.0,53.0,10.1,0.0,5.0,10.0,0.0,1.2,False,False,False,False,True
1386,52.0,190.5,195.0,4.47,33.0,0.0,125.0,100.0,100.0,2.0,52.0,0.0,0.0,0.0,0.0,0.0,0.0,0.0,0.0,2451.0,35666.0,443.0,2451.0,35666.0,443.0,0.0,0.0,0.0,0.0,0.0,0.0,0.0,0.0,0.0,0.0,0.0,0.0,0.0,0.0,2.0,41.0,13.0,0.0,2.0,13.0,0.0,7.2,False,False,False,False,True
1387,135.0,190.5,217.0,4.73,33.5,0.0,121.0,100.0,4.29,1.0,20.0,53459.0,86370.0,624412.0,3995.0,1879.0,23345.0,45241.0,923.0,123.0,-741.0,49.0,23468.0,44500.0,972.0,3434.1800000000003,18.0,29.0,63.4,193.0,6.9,6.8,1.0,0.0,132.4,9.0,15.0,1.3,0.0,1.0,-12.0,-12.0,0.0,9.0,1.3,27.96,11.08,False,True,False,False,False
1388,28.0,190.5,211.0,4.41,40.5,0.0,129.0,7.13,4.28,2.0,53.0,0.0,0.0,0.0,0.0,0.0,0.0,0.0,0.0,4479.0,82317.0,423.0,4479.0,82317.0,423.0,0.0,0.0,0.0,0.0,0.0,0.0,0.0,0.0,0.0,0.0,0.0,0.0,0.0,0.0,3.0,59.0,19.0,0.0,3.0,19.0,0.0,4.3,False,False,False,False,True
1389,43.0,177.8,218.0,4.59,34.5,21.0,119.0,100.0,100.0,4.0,107.0,0.0,0.0,0.0,0.0,0.0,14836.0,87762.0,864.0,1495.0,14117.0,211.0,16331.0,101879.0,1075.0,0.0,0.0,0.0,0.0,0.0,0.0,0.0,0.0,0.0,0.0,6.0,34.0,5.0,0.0,1.0,6.0,6.0,0.0,7.0,5.5,0.0,11.8,False,False,True,False,False
1390,67.0,185.42,212.0,4.84,27.0,0.0,0.0,7.21,4.45,7.0,262.0,43073.0,63646.0,546498.0,3862.0,1201.0,16405.0,49020.0,945.0,0.0,0.0,0.0,16405.0,49020.0,945.0,0.0,19.0,27.0,69.6,254.0,8.5,8.3,2.0,0.0,149.9,7.0,20.0,2.8,0.0,0.0,0.0,0.0,0.0,7.0,2.8,0.0,15.299999999999999,False,True,False,False,False
1391,130.0,198.12,258.0,100.0,0.0,22.0,0.0,100.0,100.0,5.0,170.0,0.0,0.0,0.0,0.0,0.0,0.0,0.0,0.0,1385.0,14842.0,233.0,1385.0,14842.0,233.0,0.0,0.0,0.0,0.0,0.0,0.0,0.0,0.0,0.0,0.0,0.0,0.0,0.0,0.0,1.0,8.0,6.0,0.0,1.0,6.0,0.0,1.5,False,False,False,True,False
1392,28.0,190.5,211.0,4.52,36.0,0.0,127.0,7.15,4.29,3.0,74.0,38973.0,63150.0,491879.0,4087.0,1426.0,25390.0,107349.0,997.0,75.0,299.0,81.0,25465.0,107648.0,1078.0,3146.2,16.0,26.0,60.7,194.0,8.1,8.7,2.0,0.0,156.8,10.0,47.0,3.8,0.0,1.0,3.0,3.0,1.0,10.0,3.8,37.459999999999994,5.6,False,True,False,False,False
1393,3.0,187.96,225.0,4.53,30.0,0.0,119.0,100.0,100.0,3.0,98.0,0.0,0.0,0.0,0.0,0.0,160.0,1138.0,0.0,1132.0,14861.0,110.0,1292.0,15999.0,110.0,0.0,0.0,0.0,0.0,0.0,0.0,0.0,0.0,0.0,0.0,1.0,2.0,2.0,0.0,3.0,33.0,11.6,0.0,4.0,11.2,0.0,0.0,False,False,True,False,False
1394,75.0,172.72,178.0,4.44,34.5,0.0,118.0,100.0,100.0,2.0,43.0,0.0,0.0,0.0,0.0,0.0,5783.0,23549.0,150.0,7380.0,81360.0,367.0,13163.0,104909.0,517.0,0.0,0.0,0.0,0.0,0.0,0.0,0.0,0.0,0.0,0.0,4.0,21.0,4.7,0.0,7.0,65.0,11.0,0.0,8.0,8.3,0.0,5.25,False,False,False,False,True
1395,123.0,195.57999999999998,250.0,100.0,0.0,19.0,0.0,100.0,100.0,3.0,101.0,0.0,0.0,0.0,0.0,0.0,0.0,0.0,0.0,2476.0,27235.0,568.0,2476.0,27235.0,568.0,0.0,0.0,0.0,0.0,0.0,0.0,0.0,0.0,0.0,0.0,0.0,0.0,0.0,0.0,2.0,24.0,10.0,0.0,2.0,10.0,0.0,0.0,False,False,False,True,False
1396,16.0,182.88,196.0,4.43,34.5,0.0,124.0,7.28,4.21,5.0,148.0,212.0,251.0,1048.0,40.0,39.0,3654.0,17913.0,268.0,8837.0,115563.0,731.0,12491.0,133476.0,999.0,2785.42,1.0,1.0,100.0,8.0,5.0,5.0,0.0,0.0,142.0,1.0,5.0,4.0,0.0,4.0,66.0,13.1,0.0,4.0,10.7,15.7,1.5,False,False,False,False,True
1397,166.0,182.88,217.0,100.0,30.0,0.0,114.0,100.0,100.0,4.0,123.0,0.0,0.0,0.0,0.0,0.0,19964.0,120428.0,1017.0,2441.0,18704.0,1.0,22405.0,139132.0,1018.0,0.0,0.0,0.0,0.0,0.0,0.0,0.0,0.0,0.0,0.0,15.0,95.0,5.7,1.0,2.0,17.0,7.0,0.0,16.0,5.8,0.0,1.0,False,False,True,False,False
1398,151.0,180.34,207.0,4.37,36.0,0.0,124.0,100.0,100.0,4.0,127.0,0.0,0.0,0.0,0.0,0.0,0.0,0.0,0.0,0.0,0.0,0.0,0.0,0.0,0.0,0.0,0.0,0.0,0.0,0.0,0.0,0.0,0.0,0.0,0.0,0.0,0.0,0.0,0.0,0.0,0.0,0.0,0.0,0.0,0.0,0.0,5.9,False,False,True,False,False
1399,72.0,187.96,217.0,4.91,31.0,0.0,112.0,7.0,4.28,7.0,247.0,31442.0,51443.0,394816.0,2434.0,995.0,22257.0,77309.0,1525.0,0.0,0.0,0.0,22257.0,77309.0,1525.0,0.0,11.0,21.0,61.9,149.0,7.2,7.6,1.0,0.0,128.2,8.0,22.0,2.9,0.0,0.0,0.0,0.0,0.0,8.0,2.9,0.0,0.6399999999999997,False,True,False,False,False
1400,14.0,187.96,181.0,4.28,36.5,0.0,130.0,100.0,100.0,2.0,50.0,81.0,81.0,486.0,81.0,0.0,265.0,5.0,0.0,6524.0,106233.0,855.0,6789.0,106238.0,855.0,0.0,1.0,1.0,100.0,6.0,6.0,26.0,1.0,0.0,480.4,1.0,3.0,3.0,0.0,3.0,50.0,13.3,0.0,3.0,12.0,0.0,2.4,False,False,False,False,True
1401,148.0,185.42,194.0,4.49,36.0,0.0,123.0,7.08,100.0,3.0,88.0,0.0,0.0,0.0,0.0,0.0,0.0,0.0,0.0,6583.0,115023.0,964.0,6583.0,115023.0,964.0,0.0,0.0,0.0,0.0,0.0,0.0,0.0,0.0,0.0,0.0,0.0,0.0,0.0,0.0,2.0,48.0,15.8,0.0,2.0,15.8,0.0,1.3,False,False,False,False,True
1402,107.0,198.12,246.0,4.76,27.0,17.0,120.0,7.06,4.41,5.0,149.0,0.0,0.0,0.0,0.0,0.0,55.0,518.0,17.0,3994.0,48573.0,707.0,4049.0,49091.0,724.0,0.0,0.0,0.0,0.0,0.0,0.0,0.0,0.0,0.0,0.0,1.0,2.0,2.0,0.0,3.0,47.0,11.2,0.0,2.0,11.2,0.0,0.0,False,False,False,True,False
1403,92.0,175.26,211.0,4.38,34.0,0.0,122.0,100.0,100.0,2.0,41.0,0.0,0.0,0.0,0.0,0.0,176.0,-367.0,0.0,619.0,6843.0,15.0,795.0,6476.0,15.0,0.0,0.0,0.0,0.0,0.0,0.0,0.0,0.0,0.0,0.0,1.0,-5.0,-5.0,0.0,2.0,9.0,6.3,0.0,2.0,4.5,0.0,0.0,False,False,True,False,False
1404,113.0,193.04,208.0,4.36,38.5,0.0,136.0,100.0,100.0,2.0,34.0,0.0,0.0,0.0,0.0,0.0,0.0,0.0,0.0,0.0,0.0,0.0,0.0,0.0,0.0,0.0,0.0,0.0,0.0,0.0,0.0,0.0,0.0,0.0,0.0,0.0,0.0,0.0,0.0,0.0,0.0,0.0,0.0,0.0,0.0,0.0,7.9,False,False,False,False,True
1405,6.0,182.88,214.0,4.48,38.0,0.0,125.0,100.0,100.0,3.0,91.0,0.0,0.0,0.0,0.0,0.0,7186.0,43012.0,609.0,1822.0,20763.0,63.0,9008.0,63775.0,672.0,0.0,0.0,0.0,0.0,0.0,0.0,0.0,0.0,0.0,0.0,13.0,71.0,6.2,1.0,3.0,38.0,12.7,0.0,16.0,6.8,0.0,8.3,False,False,True,False,False
1406,52.0,182.88,214.0,4.4,33.5,0.0,128.0,100.0,100.0,4.0,122.0,0.0,0.0,0.0,0.0,0.0,13160.0,70742.0,917.0,515.0,4146.0,0.0,13675.0,74888.0,917.0,0.0,0.0,0.0,0.0,0.0,0.0,0.0,0.0,0.0,0.0,8.0,51.0,4.6,1.0,1.0,10.0,7.0,0.0,8.0,4.9,0.0,0.2,False,False,True,False,False
1407,3.0,187.96,179.0,100.0,0.0,0.0,0.0,100.0,100.0,1.0,12.0,0.0,0.0,0.0,0.0,0.0,114.0,773.0,0.0,3336.0,64384.0,588.0,3450.0,65157.0,588.0,0.0,0.0,0.0,0.0,0.0,0.0,0.0,0.0,0.0,0.0,1.0,4.0,4.0,0.0,4.0,74.0,16.0,1.0,4.0,15.3,0.0,0.0,False,False,False,False,True
1408,121.0,175.26,194.0,4.65,32.0,0.0,116.0,100.0,100.0,5.0,164.0,0.0,0.0,0.0,0.0,0.0,12622.0,69064.0,876.0,2186.0,18399.0,107.0,14808.0,87463.0,983.0,0.0,0.0,0.0,0.0,0.0,0.0,0.0,0.0,0.0,0.0,17.0,76.0,5.1,1.0,2.0,20.0,7.0,0.0,18.0,5.8,0.0,3.4,False,False,True,False,False
1409,78.0,185.42,219.0,100.0,0.0,0.0,0.0,100.0,100.0,3.0,86.0,12422.0,19567.0,174084.0,1654.0,569.0,12285.0,81387.0,945.0,47.0,611.0,0.0,12332.0,81998.0,945.0,1546.3,13.0,19.0,70.4,162.0,6.9,9.2,1.0,0.0,160.4,3.0,49.0,6.7,0.0,1.0,13.0,13.0,0.0,3.0,6.7,32.9,1.44,False,True,False,False,False
1410,123.0,182.88,183.0,4.38,36.0,0.0,123.0,100.0,4.36,1.0,10.0,0.0,0.0,0.0,0.0,0.0,298.0,6123.0,38.0,4946.0,76571.0,793.0,5244.0,82694.0,831.0,0.0,0.0,0.0,0.0,0.0,0.0,0.0,0.0,0.0,0.0,1.0,13.0,13.0,0.0,4.0,70.0,12.0,1.0,4.0,12.0,0.0,8.1,False,False,False,False,True
1411,183.0,200.66,259.0,4.61,0.0,24.0,0.0,100.0,100.0,3.0,73.0,0.0,0.0,0.0,0.0,0.0,92.0,136.0,0.0,3149.0,38740.0,534.0,3241.0,38876.0,534.0,0.0,0.0,0.0,0.0,0.0,0.0,0.0,0.0,0.0,0.0,1.0,1.0,1.0,0.0,2.0,19.0,11.0,0.0,2.0,11.0,0.0,4.1,False,False,False,True,False
1412,125.0,185.42,204.0,4.55,34.5,0.0,125.0,100.0,100.0,6.0,202.0,0.0,0.0,0.0,0.0,0.0,0.0,0.0,0.0,0.0,0.0,0.0,0.0,0.0,0.0,0.0,0.0,0.0,0.0,0.0,0.0,0.0,0.0,0.0,0.0,0.0,0.0,0.0,0.0,0.0,0.0,0.0,0.0,0.0,0.0,0.0,0.0,False,False,False,False,True
1413,192.0,185.42,215.0,4.88,30.0,0.0,109.0,7.19,4.4,4.0,137.0,20373.0,29408.0,243400.0,2366.0,434.0,2106.0,-718.0,121.0,0.0,0.0,0.0,2106.0,-718.0,121.0,0.0,36.0,49.0,71.9,397.0,8.3,8.6,4.0,0.0,160.7,3.0,2.0,0.3,0.0,0.0,0.0,0.0,0.0,3.0,0.3,0.0,9.16,False,True,False,False,False
1414,135.0,177.8,216.0,100.0,0.0,0.0,0.0,100.0,100.0,5.0,143.0,0.0,0.0,0.0,0.0,0.0,10615.0,57127.0,773.0,1258.0,12240.0,127.0,11873.0,69367.0,900.0,0.0,0.0,0.0,0.0,0.0,0.0,0.0,0.0,0.0,0.0,10.0,56.0,4.7,0.0,2.0,20.0,9.3,0.0,12.0,5.2,0.0,3.45,False,False,True,False,False
1415,166.0,175.26,188.0,4.32,33.0,0.0,0.0,100.0,100.0,3.0,84.0,0.0,0.0,0.0,0.0,0.0,9475.0,61136.0,491.0,1870.0,17130.0,118.0,11345.0,78266.0,609.0,0.0,0.0,0.0,0.0,0.0,0.0,0.0,0.0,0.0,0.0,10.0,69.0,6.6,0.0,3.0,27.0,10.5,0.0,12.0,7.1,0.0,0.0,False,False,True,False,False
1416,178.0,180.34,173.0,4.49,34.0,0.0,122.0,100.0,100.0,1.0,23.0,0.0,0.0,0.0,0.0,0.0,508.0,3493.0,39.0,6676.0,105580.0,961.0,7184.0,109073.0,1000.0,0.0,0.0,0.0,0.0,0.0,0.0,0.0,0.0,0.0,0.0,1.0,5.0,5.0,0.0,6.0,105.0,15.8,1.0,7.0,14.6,0.0,8.9,False,False,False,False,True
1417,30.0,198.12,245.0,100.0,38.5,0.0,125.0,100.0,100.0,5.0,175.0,0.0,6.0,0.0,0.0,0.0,0.0,0.0,0.0,2336.0,23167.0,329.0,2336.0,23167.0,329.0,0.0,0.0,1.0,0.0,0.0,0.0,0.0,0.0,0.0,0.0,0.0,0.0,0.0,0.0,2.0,15.0,8.8,0.0,2.0,8.8,0.0,1.9,False,False,False,True,False
1418,91.0,182.88,191.0,4.54,38.5,14.0,120.0,6.98,4.15,7.0,253.0,4477.0,8783.0,61170.0,371.0,275.0,2110.0,2566.0,88.0,4574.0,69266.0,267.0,6684.0,71832.0,355.0,704.7,16.0,34.0,50.0,208.0,6.7,6.6,1.0,1.0,116.3,2.0,-2.0,-1.0,0.0,2.0,43.0,12.0,0.0,3.0,9.5,24.3,3.3,False,False,False,False,True
1419,52.0,180.34,192.0,4.67,33.5,0.0,118.0,100.0,4.2,4.0,128.0,16047.0,24953.0,221929.0,1561.0,662.0,4074.0,17423.0,293.0,0.0,0.0,39.0,4074.0,17423.0,332.0,0.0,13.0,19.0,66.7,209.0,8.6,8.4,1.0,0.0,144.5,3.0,13.0,5.0,0.0,0.0,0.0,0.0,1.0,3.0,5.0,0.0,0.0,False,True,False,False,False
1420,11.0,182.88,210.0,4.56,32.5,0.0,119.0,100.0,100.0,3.0,88.0,0.0,0.0,0.0,0.0,0.0,15801.0,76092.0,698.0,1934.0,13976.0,0.0,17735.0,90068.0,698.0,0.0,0.0,0.0,0.0,0.0,0.0,0.0,0.0,0.0,0.0,16.0,63.0,4.2,1.0,2.0,10.0,6.0,0.0,17.0,4.5,0.0,0.7,False,False,True,False,False
1421,76.0,180.34,195.0,4.5,29.0,0.0,118.0,100.0,4.25,6.0,187.0,0.0,0.0,0.0,0.0,0.0,24.0,984.0,0.0,3027.0,42665.0,357.0,3051.0,43649.0,357.0,0.0,0.0,0.0,0.0,0.0,0.0,0.0,0.0,0.0,0.0,1.0,41.0,41.0,0.0,5.0,48.0,10.8,0.0,5.0,13.8,0.0,1.3,False,False,False,False,True
1422,149.0,185.42,201.0,4.69,35.0,0.0,130.0,7.15,4.31,7.0,244.0,0.0,0.0,0.0,0.0,0.0,63.0,848.0,19.0,1585.0,21071.0,60.0,1648.0,21919.0,79.0,0.0,0.0,0.0,0.0,0.0,0.0,0.0,0.0,0.0,0.0,1.0,16.0,16.0,0.0,3.0,37.0,11.3,0.0,3.0,13.25,0.0,4.4,False,False,False,False,True
1423,62.0,177.8,209.0,4.43,40.0,0.0,127.0,100.0,100.0,5.0,163.0,0.0,25.0,0.0,0.0,0.0,22512.0,126655.0,496.0,1886.0,17319.0,60.0,24398.0,143974.0,556.0,575.0,0.0,1.0,0.0,0.0,0.0,0.0,0.0,0.0,0.0,6.0,40.0,4.9,0.0,1.0,15.0,7.0,0.0,8.0,5.2,23.0,3.4000000000000004,False,False,True,False,False
1424,176.0,182.88,214.0,4.53,37.0,0.0,122.0,100.0,100.0,2.0,52.0,0.0,0.0,0.0,0.0,0.0,20681.0,109989.0,1305.0,2410.0,16426.0,0.0,23091.0,126415.0,1305.0,0.0,0.0,0.0,0.0,0.0,0.0,0.0,0.0,0.0,0.0,13.0,78.0,4.9,1.0,2.0,9.0,5.0,0.0,15.0,5.2,0.0,4.75,False,False,True,False,False
1425,160.0,172.72,165.0,4.36,0.0,0.0,0.0,100.0,4.38,4.0,125.0,0.0,0.0,0.0,0.0,0.0,1149.0,6054.0,62.0,4340.0,54126.0,375.0,5489.0,60180.0,437.0,0.0,0.0,0.0,0.0,0.0,0.0,0.0,0.0,0.0,0.0,1.0,3.0,2.3,0.0,2.0,23.0,9.0,0.0,2.0,10.0,0.0,4.7,False,False,False,False,True
1426,60.0,172.72,165.0,4.49,0.0,0.0,121.0,100.0,100.0,3.0,69.0,0.0,0.0,0.0,0.0,0.0,78.0,193.0,0.0,6189.0,89473.0,952.0,6267.0,89666.0,952.0,0.0,0.0,0.0,0.0,0.0,0.0,0.0,0.0,0.0,0.0,1.0,3.0,3.0,0.0,6.0,82.0,13.7,1.0,7.0,13.7,0.0,0.0,False,False,False,False,True
1427,110.0,175.26,171.0,4.48,38.5,0.0,131.0,100.0,100.0,3.0,79.0,0.0,0.0,0.0,0.0,0.0,8.0,-24.0,0.0,6263.0,83517.0,563.0,6271.0,83493.0,563.0,0.0,0.0,0.0,0.0,0.0,0.0,0.0,0.0,0.0,0.0,1.0,-3.0,-3.0,0.0,8.0,96.0,11.9,1.0,8.0,11.9,0.0,6.8,False,False,False,False,True
1428,160.0,187.96,207.0,4.52,30.5,0.0,116.0,7.26,4.45,7.0,239.0,24656.0,41188.0,303806.0,2168.0,919.0,16148.0,62043.0,770.0,35.0,14.0,0.0,16183.0,62057.0,770.0,460.6,16.0,28.0,65.4,182.0,7.2,7.7,1.0,0.0,137.8,10.0,33.0,3.0,0.0,1.0,0.0,0.0,0.0,10.0,3.0,16.96,0.0,False,True,False,False,False
1429,137.0,198.12,253.0,100.0,34.5,0.0,117.0,100.0,100.0,5.0,171.0,0.0,0.0,0.0,0.0,0.0,21.0,84.0,0.0,3520.0,31553.0,508.0,3541.0,31637.0,508.0,0.0,0.0,0.0,0.0,0.0,0.0,0.0,0.0,0.0,0.0,1.0,4.0,4.0,0.0,2.0,21.0,8.0,0.0,2.0,8.0,0.0,1.5,False,False,False,True,False
1430,96.0,180.34,202.0,100.0,0.0,0.0,0.0,100.0,100.0,6.0,215.0,0.0,0.0,0.0,0.0,0.0,9026.0,57695.0,499.0,1044.0,10016.0,65.0,10070.0,67711.0,564.0,0.0,0.0,0.0,0.0,0.0,0.0,0.0,0.0,0.0,0.0,11.0,62.0,5.7,1.0,2.0,11.0,7.5,0.0,11.0,5.7,0.0,0.3,False,False,True,False,False
1431,18.0,175.26,182.0,4.42,35.5,0.0,127.0,100.0,100.0,1.0,22.0,0.0,47.0,0.0,0.0,0.0,2225.0,18124.0,70.0,6059.0,96816.0,832.0,8284.0,114940.0,902.0,423.0,0.0,1.0,0.0,0.0,0.0,0.0,0.0,0.0,0.0,2.0,7.0,5.0,0.0,3.0,59.0,13.5,0.0,5.0,12.0,9.0,9.65,False,False,False,False,True
1432,3.0,175.26,199.0,4.36,33.5,0.0,0.0,100.0,100.0,1.0,12.0,0.0,0.0,0.0,0.0,0.0,10781.0,59865.0,403.0,3169.0,40533.0,222.0,13950.0,100398.0,625.0,0.0,0.0,0.0,0.0,0.0,0.0,0.0,0.0,0.0,0.0,11.0,64.0,4.8,0.0,4.0,48.0,9.9,0.0,16.0,7.1,0.0,15.7,False,False,True,False,False
1433,125.0,177.8,207.0,100.0,37.5,0.0,118.0,100.0,100.0,5.0,172.0,19.0,38.0,0.0,0.0,19.0,15501.0,85763.0,614.0,3067.0,26634.0,174.0,18568.0,112397.0,788.0,0.0,1.0,2.0,50.0,0.0,0.0,-22.5,0.0,1.0,-50.0,7.0,29.0,4.1,0.0,2.0,15.0,8.5,0.0,9.0,5.4,0.0,2.1,False,False,True,False,False
1434,110.0,187.96,199.0,4.47,33.5,0.0,123.0,6.99,4.27,7.0,219.0,0.0,0.0,0.0,0.0,0.0,0.0,0.0,0.0,2950.0,55266.0,486.0,2950.0,55266.0,486.0,0.0,0.0,0.0,0.0,0.0,0.0,0.0,0.0,0.0,0.0,0.0,0.0,0.0,0.0,1.0,32.0,16.0,0.0,1.0,16.0,0.0,0.35,False,False,False,False,True
1435,49.0,182.88,207.0,100.0,35.0,0.0,114.0,7.01,100.0,4.0,127.0,20840.0,31559.0,253154.0,1894.0,782.0,4855.0,-1382.0,69.0,33.0,-264.0,0.0,4888.0,-1646.0,69.0,572.2199999999999,25.0,38.0,63.4,300.0,7.8,7.8,2.0,0.0,135.7,4.0,-8.0,-1.8,0.0,1.0,-8.0,-8.0,0.0,4.0,-1.8,17.339999999999996,0.0,False,True,False,False,False
1436,12.0,182.88,207.0,100.0,0.0,0.0,0.0,100.0,100.0,5.0,164.0,14263.0,21882.0,199330.0,1404.0,317.0,5914.0,23169.0,419.0,109.0,960.0,24.0,6023.0,24129.0,443.0,2240.8,17.0,27.0,63.6,261.0,9.0,9.0,2.0,0.0,161.0,5.0,17.0,3.0,0.0,1.0,6.0,6.0,0.0,5.0,3.0,27.939999999999998,1.0200000000000002,False,True,False,False,False
1437,157.0,190.5,235.0,4.54,35.0,0.0,126.0,7.01,100.0,6.0,197.0,0.0,0.0,0.0,0.0,0.0,71.0,871.0,0.0,3331.0,37963.0,237.0,3402.0,38834.0,237.0,0.0,0.0,0.0,0.0,0.0,0.0,0.0,0.0,0.0,0.0,1.0,15.0,15.0,0.0,5.0,44.0,9.8,0.0,5.0,9.8,0.0,2.6,False,False,False,False,True
1438,163.0,190.5,217.0,100.0,0.0,0.0,0.0,100.0,100.0,3.0,68.0,18781.0,28045.0,278723.0,2479.0,350.0,17297.0,66547.0,901.0,21.0,360.0,0.0,17318.0,66907.0,901.0,605.6400000000001,16.0,23.0,66.7,225.0,9.8,11.4,2.0,0.0,176.95,11.0,41.0,3.1,0.0,1.0,20.0,20.0,0.0,11.0,3.1,28.840000000000003,0.0,False,True,False,False,False
1439,67.0,187.96,203.0,4.53,36.0,0.0,116.0,6.91,4.35,6.0,205.0,39.0,52.0,1911.0,39.0,0.0,118.0,1018.0,0.0,7097.0,83038.0,521.0,7215.0,84056.0,521.0,0.0,1.0,1.0,100.0,49.0,49.0,69.0,1.0,0.0,841.6,1.0,8.0,8.0,0.0,7.0,89.0,11.1,0.0,7.0,11.1,0.0,1.5,False,False,False,False,True
1440,163.0,182.88,176.0,4.4,40.0,0.0,135.0,100.0,100.0,3.0,73.0,0.0,0.0,0.0,0.0,0.0,92.0,533.0,0.0,2228.0,34563.0,384.0,2320.0,35096.0,384.0,0.0,0.0,0.0,0.0,0.0,0.0,0.0,0.0,0.0,0.0,1.0,10.0,10.0,0.0,3.0,37.0,11.7,0.0,3.0,11.7,0.0,2.3,False,False,False,False,True
1441,165.0,182.88,219.0,4.58,31.5,0.0,122.0,100.0,100.0,4.0,115.0,36.0,111.0,72.0,0.0,0.0,13965.0,75896.0,799.0,2037.0,14554.0,118.0,16002.0,90450.0,917.0,3381.7799999999997,0.0,1.0,0.0,0.0,0.0,0.0,0.0,0.0,0.0,7.0,34.0,4.6,0.0,2.0,14.0,7.0,0.0,9.0,4.8,31.9,5.2,False,False,True,False,False
1442,160.0,190.5,208.0,100.0,40.5,0.0,134.0,100.0,100.0,1.0,21.0,0.0,0.0,0.0,0.0,0.0,155.0,293.0,27.0,2825.0,51796.0,295.0,2980.0,52089.0,322.0,0.0,0.0,0.0,0.0,0.0,0.0,0.0,0.0,0.0,0.0,1.0,2.0,2.0,0.0,3.0,48.0,14.7,0.0,3.0,12.3,0.0,2.6,False,False,False,False,True
1443,137.0,180.34,175.0,4.43,36.5,13.0,124.0,100.0,100.0,4.0,131.0,0.0,0.0,0.0,0.0,0.0,29757.0,116380.0,1878.0,8620.0,94358.0,627.0,38377.0,210738.0,2505.0,0.0,0.0,0.0,0.0,0.0,0.0,0.0,0.0,0.0,0.0,8.0,35.0,4.4,0.0,2.0,15.5,8.0,0.0,7.0,5.0,0.0,3.8,False,False,False,False,True
1444,179.0,193.04,246.0,100.0,0.0,0.0,0.0,100.0,100.0,1.0,25.0,0.0,0.0,0.0,0.0,0.0,47.0,188.0,0.0,2690.0,33521.0,448.0,2737.0,33709.0,448.0,0.0,0.0,0.0,0.0,0.0,0.0,0.0,0.0,0.0,0.0,1.0,4.0,4.0,0.0,3.0,40.0,12.7,1.0,3.0,12.7,0.0,5.5,False,False,False,True,False
1445,66.0,190.5,245.0,100.0,35.0,0.0,123.0,6.91,4.25,2.0,34.0,0.0,0.0,0.0,0.0,0.0,0.0,0.0,0.0,0.0,0.0,0.0,0.0,0.0,0.0,0.0,0.0,0.0,0.0,0.0,0.0,0.0,0.0,0.0,0.0,0.0,0.0,0.0,0.0,0.0,0.0,0.0,0.0,0.0,0.0,0.0,8.2,False,False,False,True,False
1446,3.0,193.04,242.0,100.0,0.0,0.0,0.0,100.0,100.0,3.0,101.0,0.0,0.0,0.0,0.0,0.0,0.0,0.0,0.0,1298.0,17383.0,315.0,1298.0,17383.0,315.0,0.0,0.0,0.0,0.0,0.0,0.0,0.0,0.0,0.0,0.0,0.0,0.0,0.0,0.0,1.0,15.0,12.0,0.0,1.0,12.0,0.0,0.0,False,False,False,True,False
1447,75.0,193.04,229.0,100.0,34.0,0.0,124.0,100.0,100.0,2.0,33.0,15893.0,24489.0,175162.0,1472.0,927.0,9666.0,30809.0,527.0,39.0,585.0,0.0,9705.0,31394.0,527.0,2011.62,14.0,22.0,64.5,149.0,5.8,5.9,1.0,1.0,134.1,6.0,21.0,3.5,0.0,1.0,15.0,15.0,0.0,6.0,3.5,51.58,7.460000000000001,False,True,False,False,False
1448,88.0,195.57999999999998,239.0,100.0,36.5,20.0,121.0,100.0,100.0,5.0,162.0,0.0,0.0,0.0,0.0,0.0,0.0,0.0,0.0,3373.0,47872.0,490.0,3373.0,47872.0,490.0,0.0,0.0,0.0,0.0,0.0,0.0,0.0,0.0,0.0,0.0,0.0,0.0,0.0,0.0,3.0,34.0,11.3,0.0,3.0,11.3,0.0,1.4,False,False,False,True,False
1449,121.0,195.57999999999998,249.0,100.0,32.5,0.0,118.0,100.0,100.0,2.0,35.0,0.0,0.0,0.0,0.0,0.0,0.0,0.0,0.0,4645.0,53519.0,344.0,4645.0,53519.0,344.0,0.0,0.0,0.0,0.0,0.0,0.0,0.0,0.0,0.0,0.0,0.0,0.0,0.0,0.0,5.0,54.0,11.6,0.0,5.0,11.6,0.0,3.05,False,False,False,True,False
1450,52.0,182.88,204.0,4.62,0.0,0.0,0.0,100.0,100.0,7.0,237.0,31.0,31.0,558.0,31.0,0.0,7244.0,40872.0,442.0,1727.0,20474.0,62.0,8971.0,61346.0,504.0,369.52,1.0,1.0,100.0,18.0,18.0,38.0,1.0,0.0,581.2,6.0,36.0,4.9,0.0,2.0,19.0,10.7,0.0,7.0,6.3,11.92,0.0,False,False,True,False,False
1451,157.0,198.12,231.0,100.0,33.0,0.0,114.0,7.22,4.41,6.0,188.0,14327.0,22953.0,161421.0,981.0,528.0,4322.0,-2000.0,211.0,0.0,0.0,0.0,4322.0,-2000.0,211.0,0.0,20.0,32.0,60.5,230.0,6.7,7.7,1.0,0.0,136.7,6.0,-7.0,-1.3,0.0,0.0,0.0,0.0,0.0,6.0,-1.3,0.0,0.0,False,True,False,False,False
1452,160.0,180.34,215.0,100.0,0.0,0.0,0.0,100.0,100.0,3.0,71.0,0.0,0.0,0.0,0.0,0.0,9103.0,62900.0,676.0,1051.0,8896.0,43.0,10154.0,71796.0,719.0,0.0,0.0,0.0,0.0,0.0,0.0,0.0,0.0,0.0,0.0,11.0,57.0,5.4,1.0,2.0,17.0,7.0,0.0,12.0,5.8,0.0,3.0,False,False,True,False,False
1453,125.0,180.34,183.0,4.38,39.5,0.0,129.0,6.9,100.0,2.0,63.0,0.0,0.0,0.0,0.0,0.0,111.0,910.0,0.0,3298.0,64962.0,557.0,3409.0,65872.0,557.0,0.0,0.0,0.0,0.0,0.0,0.0,0.0,0.0,0.0,0.0,1.0,4.0,4.0,0.0,3.0,57.0,17.8,0.0,3.0,17.8,0.0,6.65,False,False,False,False,True
1454,96.0,187.96,220.0,4.46,39.5,22.0,129.0,100.0,100.0,2.0,39.0,0.0,0.0,0.0,0.0,0.0,90.0,-58.0,25.0,2800.0,43994.0,298.0,2890.0,43936.0,323.0,0.0,0.0,0.0,0.0,0.0,0.0,0.0,0.0,0.0,0.0,1.0,0.0,0.0,0.0,3.0,30.0,13.0,0.0,3.0,13.0,0.0,3.5,False,False,False,False,True
1455,130.0,198.12,253.0,100.0,36.0,0.0,125.0,100.0,100.0,2.0,42.0,0.0,0.0,0.0,0.0,0.0,39.0,-39.0,0.0,1449.0,20763.0,61.0,1488.0,20724.0,61.0,0.0,0.0,0.0,0.0,0.0,0.0,0.0,0.0,0.0,0.0,1.0,-1.0,-1.0,0.0,2.0,38.0,13.3,0.0,2.0,13.3,0.0,5.7,False,False,False,True,False
1456,12.0,187.96,201.0,100.0,0.0,0.0,0.0,100.0,100.0,5.0,177.0,0.0,0.0,0.0,0.0,0.0,1127.0,11855.0,98.0,3286.0,59389.0,463.0,4413.0,71244.0,561.0,0.0,0.0,0.0,0.0,0.0,0.0,0.0,0.0,0.0,0.0,2.0,17.0,10.0,0.0,3.0,75.0,18.8,1.0,5.0,15.0,0.0,16.2,False,False,False,False,True
1457,137.0,190.5,213.0,100.0,0.0,0.0,0.0,100.0,100.0,4.0,135.0,29218.0,43133.0,322893.0,2104.0,1013.0,3189.0,-10766.0,60.0,0.0,0.0,0.0,3189.0,-10766.0,60.0,0.0,28.0,42.0,68.0,278.0,7.1,6.7,2.0,1.0,133.7,3.0,-9.0,-2.8,0.0,0.0,0.0,0.0,0.0,3.0,-2.8,0.0,7.420000000000001,False,True,False,False,False
1458,105.0,182.88,192.0,4.33,0.0,0.0,0.0,100.0,100.0,6.0,191.0,0.0,0.0,0.0,0.0,0.0,140.0,1261.0,0.0,2665.0,37215.0,253.0,2805.0,38476.0,253.0,0.0,0.0,0.0,0.0,0.0,0.0,0.0,0.0,0.0,0.0,1.0,1.5,1.5,0.0,1.0,24.0,9.2,0.0,1.0,9.2,0.0,3.7,False,False,False,False,True
1459,185.0,193.04,198.0,4.47,35.0,0.0,133.0,100.0,100.0,6.0,195.0,0.0,0.0,0.0,0.0,0.0,0.0,0.0,0.0,5073.0,83219.0,888.0,5073.0,83219.0,888.0,0.0,0.0,0.0,0.0,0.0,0.0,0.0,0.0,0.0,0.0,0.0,0.0,0.0,0.0,5.0,81.0,14.6,1.0,5.0,14.6,0.0,4.65,False,False,False,False,True
1460,92.0,180.34,187.0,4.45,33.5,0.0,121.0,100.0,4.29,2.0,50.0,18.0,18.0,450.0,18.0,0.0,582.0,1515.0,48.0,9105.0,135849.0,1465.0,9687.0,137364.0,1513.0,0.0,1.0,1.0,100.0,25.0,25.0,45.0,1.0,0.0,640.0,1.0,4.0,4.0,0.0,5.0,72.0,14.2,0.0,5.0,13.3,0.0,10.65,False,False,False,False,True
1461,142.0,185.42,204.0,4.51,41.0,0.0,128.0,100.0,100.0,2.0,55.0,0.0,0.0,0.0,0.0,0.0,48.0,0.0,0.0,7326.0,91834.0,740.0,7374.0,91834.0,740.0,0.0,0.0,0.0,0.0,0.0,0.0,0.0,0.0,0.0,0.0,1.0,0.0,0.0,0.0,5.0,60.0,10.0,0.0,5.0,10.0,0.0,9.2,False,False,False,False,True
1462,43.0,193.04,244.0,4.43,40.5,0.0,129.0,100.0,100.0,1.0,4.0,5265.0,9238.0,69172.0,487.0,508.0,4421.0,21743.0,227.0,0.0,0.0,0.0,4421.0,21743.0,227.0,0.0,10.0,19.0,60.0,82.0,7.3,7.2,0.0,1.0,135.4,7.0,26.0,5.0,0.0,0.0,0.0,0.0,0.0,7.0,5.0,0.0,22.67,False,True,False,False,False
1463,165.0,180.34,215.0,4.46,37.0,0.0,124.0,100.0,100.0,1.0,8.0,0.0,0.0,0.0,0.0,0.0,15758.0,94620.0,933.0,1729.0,20995.0,188.0,17487.0,115615.0,1121.0,0.0,0.0,0.0,0.0,0.0,0.0,0.0,0.0,0.0,0.0,18.0,113.0,6.2,1.0,2.0,22.0,12.7,0.0,20.0,6.4,0.0,12.2,False,False,True,False,False
1464,91.0,195.57999999999998,251.0,100.0,33.5,0.0,127.0,100.0,4.27,2.0,58.0,0.0,0.0,0.0,0.0,0.0,0.0,0.0,0.0,1652.0,18733.0,223.0,1652.0,18733.0,223.0,0.0,0.0,0.0,0.0,0.0,0.0,0.0,0.0,0.0,0.0,0.0,0.0,0.0,0.0,2.0,15.0,10.3,0.0,2.0,10.3,0.0,0.9,False,False,False,True,False
1465,28.0,177.8,177.0,4.44,39.5,0.0,133.0,100.0,100.0,4.0,133.0,0.0,0.0,0.0,0.0,0.0,25.0,500.0,0.0,2197.0,34428.0,317.0,2222.0,34928.0,317.0,0.0,0.0,0.0,0.0,0.0,0.0,0.0,0.0,0.0,0.0,1.0,20.0,20.0,0.0,2.0,27.0,13.5,0.0,2.0,13.9,0.0,1.9,False,False,False,False,True
1466,43.0,193.04,229.0,4.55,35.5,18.0,126.0,100.0,100.0,5.0,150.0,0.0,0.0,0.0,0.0,0.0,65.0,585.0,0.0,3516.0,49216.0,247.0,3581.0,49801.0,247.0,0.0,0.0,0.0,0.0,0.0,0.0,0.0,0.0,0.0,0.0,1.0,9.0,9.0,0.0,2.0,25.0,12.0,0.0,2.0,12.0,0.0,0.0,False,False,False,False,True
1467,123.0,185.42,196.0,100.0,35.0,0.0,125.0,6.57,3.93,1.0,20.0,0.0,0.0,0.0,0.0,0.0,0.0,0.0,0.0,3888.0,63969.0,275.0,3888.0,63969.0,275.0,0.0,0.0,0.0,0.0,0.0,0.0,0.0,0.0,0.0,0.0,0.0,0.0,0.0,0.0,5.0,97.0,16.2,0.0,5.0,16.2,0.0,7.3,False,False,False,False,True
1468,173.0,177.8,201.0,100.0,39.0,0.0,125.0,100.0,100.0,3.0,81.0,0.0,0.0,0.0,0.0,0.0,12796.0,80602.0,756.0,1656.0,20297.0,104.0,14452.0,100899.0,860.0,0.0,0.0,0.0,0.0,0.0,0.0,0.0,0.0,0.0,0.0,11.0,60.0,5.6,0.0,1.0,13.0,7.0,0.0,13.0,6.1,0.0,7.4,False,False,True,False,False
1469,132.0,193.04,253.0,100.0,36.0,23.0,124.0,7.25,4.46,2.0,61.0,0.0,0.0,0.0,0.0,0.0,13.0,0.0,0.0,1926.0,20434.0,473.0,1939.0,20434.0,473.0,0.0,0.0,0.0,0.0,0.0,0.0,0.0,0.0,0.0,0.0,1.0,0.0,0.0,0.0,1.0,15.0,9.0,1.0,1.0,9.0,0.0,0.85,False,False,False,True,False
1470,123.0,190.5,214.0,100.0,0.0,0.0,0.0,100.0,100.0,1.0,2.0,16869.0,23835.0,238195.0,2513.0,283.0,1778.0,1378.0,12.0,0.0,0.0,0.0,1778.0,1378.0,12.0,0.0,22.0,30.0,69.4,330.0,9.5,12.1,4.0,0.0,201.9,2.0,-1.0,-0.5,0.0,0.0,0.0,0.0,0.0,2.0,-0.5,0.0,18.339999999999996,False,True,False,False,False
1471,176.0,187.96,203.0,4.56,32.5,0.0,121.0,7.28,4.44,5.0,140.0,36304.0,59966.0,436440.0,3239.0,1405.0,19810.0,57241.0,816.0,0.0,0.0,0.0,19810.0,57241.0,816.0,0.0,17.0,28.0,61.5,199.0,7.1,7.0,1.0,0.0,137.6,9.0,27.0,2.3,0.0,0.0,0.0,0.0,0.0,9.0,2.3,0.0,0.36,False,True,False,False,False
1472,163.0,190.5,213.0,4.54,37.0,0.0,128.0,100.0,100.0,3.0,74.0,0.0,0.0,0.0,0.0,0.0,0.0,0.0,0.0,3744.0,54371.0,567.0,3744.0,54371.0,567.0,0.0,0.0,0.0,0.0,0.0,0.0,0.0,0.0,0.0,0.0,0.0,0.0,0.0,0.0,4.0,59.0,12.0,0.0,4.0,12.0,0.0,2.3,False,False,False,False,True
1473,28.0,175.26,182.0,4.4,37.5,0.0,124.0,100.0,100.0,3.0,100.0,0.0,0.0,0.0,0.0,0.0,475.0,3965.0,0.0,3286.0,40767.0,253.0,3761.0,44732.0,253.0,0.0,0.0,0.0,0.0,0.0,0.0,0.0,0.0,0.0,0.0,1.0,12.0,9.0,0.0,2.0,24.0,9.6,0.0,2.0,10.0,0.0,2.8000000000000003,False,False,False,False,True
1474,60.0,190.5,220.0,4.64,37.5,0.0,122.0,6.89,4.25,5.0,139.0,30534.0,48836.0,402548.0,3420.0,1336.0,13731.0,34952.0,355.0,15.0,315.0,0.0,13746.0,35267.0,355.0,768.0,20.0,30.0,65.0,241.0,7.4,7.8,2.0,1.0,143.0,9.0,19.0,2.4,0.0,1.0,21.0,21.0,0.0,9.0,2.4,51.2,0.08,False,True,False,False,False
1475,72.0,165.1,179.0,100.0,35.5,0.0,116.0,100.0,100.0,6.0,212.0,0.0,0.0,0.0,0.0,0.0,17209.0,93593.0,836.0,3677.0,43480.0,283.0,20886.0,137073.0,1119.0,0.0,0.0,0.0,0.0,0.0,0.0,0.0,0.0,0.0,0.0,17.0,109.0,5.5,1.0,3.0,37.0,10.4,0.0,22.0,6.0,0.0,2.3,False,False,True,False,False
1476,52.0,200.66,264.0,100.0,31.0,21.0,122.0,100.0,4.08,3.0,93.0,0.0,0.0,0.0,0.0,0.0,0.0,0.0,0.0,1100.0,19743.0,70.0,1100.0,19743.0,70.0,0.0,0.0,0.0,0.0,0.0,0.0,0.0,0.0,0.0,0.0,0.0,0.0,0.0,0.0,2.0,33.0,18.5,0.0,2.0,18.5,0.0,1.3,False,False,False,True,False
1477,132.0,177.8,204.0,100.0,0.0,16.0,0.0,100.0,100.0,6.0,185.0,0.0,0.0,0.0,0.0,0.0,101.0,528.0,0.0,4206.0,56145.0,285.0,4307.0,56673.0,285.0,0.0,0.0,0.0,0.0,0.0,0.0,0.0,0.0,0.0,0.0,1.0,4.0,4.0,0.0,4.0,60.0,14.0,0.0,4.0,12.0,0.0,8.6,False,False,False,False,True
1478,28.0,200.66,248.0,100.0,33.5,0.0,115.0,100.0,100.0,5.0,147.0,0.0,0.0,0.0,0.0,0.0,0.0,0.0,0.0,2499.0,31529.0,494.0,2499.0,31529.0,494.0,0.0,0.0,0.0,0.0,0.0,0.0,0.0,0.0,0.0,0.0,0.0,0.0,0.0,0.0,2.0,19.0,12.0,0.0,2.0,12.0,0.0,1.6,False,False,False,True,False
1479,183.0,185.42,206.0,4.62,39.0,0.0,130.0,100.0,100.0,5.0,159.0,1.0,87.0,18.0,0.0,0.0,0.0,0.0,0.0,3227.0,65506.0,471.0,3227.0,65506.0,471.0,0.0,0.0,1.0,0.0,0.0,0.0,0.0,0.0,0.0,0.0,0.0,0.0,0.0,0.0,4.0,75.0,18.3,1.0,4.0,18.3,0.0,5.35,False,False,False,False,True
1480,125.0,193.04,241.0,100.0,32.0,20.0,117.0,7.3,4.36,7.0,247.0,23.0,23.0,552.0,23.0,0.0,273.0,408.0,0.0,2332.0,31949.0,419.0,2605.0,32357.0,419.0,0.0,1.0,1.0,100.0,24.0,24.0,44.0,1.0,0.0,631.6,1.0,0.0,0.0,0.0,1.0,24.0,12.0,0.0,1.0,12.0,0.0,0.0,False,False,False,True,False
1481,157.0,187.96,213.0,4.58,37.5,23.0,125.0,100.0,4.27,3.0,94.0,0.0,0.0,0.0,0.0,0.0,229.0,1593.0,0.0,5708.0,64313.0,496.0,5937.0,65906.0,496.0,0.0,0.0,0.0,0.0,0.0,0.0,0.0,0.0,0.0,0.0,1.0,9.0,9.0,0.0,3.0,35.0,9.6,0.0,3.0,9.6,0.0,4.1,False,False,False,False,True
1482,3.0,177.8,204.0,100.0,0.0,0.0,0.0,100.0,100.0,1.0,1.0,17193.0,25718.0,233317.0,2263.0,363.0,4228.0,5304.0,220.0,0.0,0.0,0.0,4228.0,5304.0,220.0,0.0,20.0,28.0,66.7,249.0,8.8,9.2,2.0,0.0,162.0,4.0,-1.0,-0.1,0.0,0.0,0.0,0.0,0.0,4.0,-0.1,0.0,6.2,False,True,False,False,False
1483,83.0,180.34,206.0,100.0,0.0,0.0,0.0,100.0,100.0,5.0,165.0,0.0,0.0,0.0,0.0,0.0,16783.0,91460.0,1385.0,2568.0,19440.0,33.0,19351.0,110900.0,1418.0,0.0,0.0,0.0,0.0,0.0,0.0,0.0,0.0,0.0,0.0,19.0,102.5,5.1,2.0,3.0,16.0,5.0,0.0,25.0,5.9,0.0,2.8000000000000003,False,False,True,False,False
1484,66.0,193.04,252.0,100.0,0.0,0.0,0.0,100.0,100.0,4.0,115.0,0.0,0.0,0.0,0.0,0.0,0.0,0.0,0.0,2891.0,32901.0,167.0,2891.0,32901.0,167.0,0.0,0.0,0.0,0.0,0.0,0.0,0.0,0.0,0.0,0.0,0.0,0.0,0.0,0.0,3.0,28.0,10.0,0.0,3.0,10.0,0.0,4.2,False,False,False,True,False
1485,197.0,185.42,235.0,100.0,32.0,26.0,117.0,100.0,100.0,4.0,134.0,41.0,82.0,657.0,19.0,0.0,15769.0,96288.0,903.0,1158.0,6180.0,0.0,16927.0,102468.0,903.0,1048.48,0.5,1.0,50.0,5.0,5.0,5.0,0.0,0.0,92.0,17.0,108.0,5.3,1.0,2.0,12.0,6.0,0.0,18.0,5.2,27.0,3.3,False,False,True,False,False
1486,25.0,185.42,202.0,4.54,37.0,0.0,121.0,100.0,100.0,4.0,110.0,0.0,0.0,0.0,0.0,0.0,0.0,0.0,0.0,2246.0,41293.0,287.0,2246.0,41293.0,287.0,0.0,0.0,0.0,0.0,0.0,0.0,0.0,0.0,0.0,0.0,0.0,0.0,0.0,0.0,4.0,59.0,16.8,0.0,4.0,16.8,0.0,0.0,False,False,False,False,True
1487,91.0,198.12,251.0,100.0,0.0,0.0,0.0,100.0,100.0,4.0,121.0,0.0,0.0,0.0,0.0,0.0,0.0,0.0,0.0,1527.0,13138.0,73.0,1527.0,13138.0,73.0,0.0,0.0,0.0,0.0,0.0,0.0,0.0,0.0,0.0,0.0,0.0,0.0,0.0,0.0,2.0,15.0,7.7,0.0,2.0,7.7,0.0,2.65,False,False,False,True,False
1488,46.0,187.96,241.0,4.61,35.0,0.0,124.0,100.0,100.0,7.0,231.0,0.0,0.0,0.0,0.0,0.0,1474.0,5090.0,105.0,2424.0,34478.0,225.0,3898.0,39568.0,330.0,0.0,0.0,0.0,0.0,0.0,0.0,0.0,0.0,0.0,0.0,2.0,4.0,2.75,0.0,2.0,41.0,12.7,0.0,4.0,10.3,0.0,0.3,False,False,False,True,False
1489,46.0,182.88,216.0,4.39,33.5,0.0,122.0,100.0,100.0,3.0,66.0,0.0,0.0,0.0,0.0,0.0,6153.0,36850.0,466.0,668.0,6772.0,18.0,6821.0,43622.0,484.0,0.0,0.0,0.0,0.0,0.0,0.0,0.0,0.0,0.0,0.0,10.0,47.0,3.9,0.0,1.0,9.0,6.0,0.0,11.0,4.2,0.0,2.3,False,False,True,False,False
1490,52.0,190.5,243.0,100.0,0.0,0.0,0.0,100.0,100.0,1.0,13.0,0.0,0.0,0.0,0.0,0.0,428.0,4846.0,142.0,4257.0,64731.0,648.0,4685.0,69577.0,790.0,0.0,0.0,0.0,0.0,0.0,0.0,0.0,0.0,0.0,0.0,1.0,5.0,5.0,0.0,4.0,54.0,14.75,0.0,5.0,15.7,0.0,11.6,False,False,False,True,False
1491,165.0,182.88,216.0,100.0,0.0,0.0,0.0,100.0,100.0,2.0,46.0,0.0,0.0,0.0,0.0,0.0,5855.0,38854.0,376.0,578.0,7012.0,34.0,6433.0,45866.0,410.0,0.0,0.0,0.0,0.0,0.0,0.0,0.0,0.0,0.0,0.0,12.0,63.0,6.1,1.0,1.0,23.0,12.0,0.0,14.0,6.7,0.0,0.7,False,False,True,False,False
1492,3.0,182.88,196.0,4.45,38.5,0.0,133.0,100.0,100.0,3.0,80.0,0.0,0.0,0.0,0.0,0.0,73.0,1031.0,0.0,2732.0,48374.0,448.0,2805.0,49405.0,448.0,0.0,0.0,0.0,0.0,0.0,0.0,0.0,0.0,0.0,0.0,1.0,4.0,4.0,0.0,2.0,35.0,14.5,0.0,2.0,15.0,0.0,4.75,False,False,False,False,True
1493,46.0,190.5,213.0,4.61,38.0,0.0,127.0,100.0,100.0,2.0,33.0,0.0,0.0,0.0,0.0,0.0,25.0,50.0,0.0,2456.0,31215.0,418.0,2481.0,31265.0,418.0,0.0,0.0,0.0,0.0,0.0,0.0,0.0,0.0,0.0,0.0,1.0,2.0,2.0,0.0,4.0,47.0,11.4,0.0,4.0,10.0,0.0,7.0,False,False,False,False,True
1494,192.0,180.34,215.0,100.0,0.0,0.0,0.0,100.0,100.0,3.0,65.0,0.0,0.0,0.0,0.0,0.0,271.0,1452.0,0.0,6622.0,73881.0,651.0,6893.0,75333.0,651.0,0.0,0.0,0.0,0.0,0.0,0.0,0.0,0.0,0.0,0.0,1.0,1.0,1.0,0.0,6.0,69.0,9.9,0.0,6.0,9.9,0.0,0.8,False,False,False,False,True
1495,91.0,172.72,205.0,4.53,35.5,27.0,0.0,6.82,4.12,3.0,83.0,0.0,0.0,0.0,0.0,0.0,16428.0,87690.0,1287.0,1616.0,10763.0,26.0,18044.0,98453.0,1313.0,0.0,0.0,0.0,0.0,0.0,0.0,0.0,0.0,0.0,0.0,13.0,74.0,4.6,1.0,2.0,11.0,6.0,0.0,16.0,4.8,0.0,3.15,False,False,True,False,False
1496,5.0,172.72,168.0,4.38,36.0,0.0,119.0,7.02,4.32,4.0,135.0,26.0,26.0,-52.0,0.0,0.0,322.0,3714.0,44.0,9079.0,132852.0,785.0,9401.0,136566.0,829.0,333.32,1.0,1.0,100.0,-2.0,-2.0,-2.0,0.0,0.0,83.2,1.0,4.0,4.0,0.0,5.0,63.0,13.8,0.0,5.0,14.2,12.82,4.65,False,False,False,False,True
1497,186.0,190.5,231.0,4.47,0.0,0.0,0.0,100.0,100.0,7.0,246.0,0.0,0.0,0.0,0.0,0.0,22.0,44.0,0.0,1754.0,18803.0,114.0,1776.0,18847.0,114.0,0.0,0.0,0.0,0.0,0.0,0.0,0.0,0.0,0.0,0.0,1.0,2.0,2.0,0.0,1.0,13.0,8.0,0.0,2.0,7.3,0.0,0.0,False,False,False,True,False
1498,76.0,193.04,210.0,100.0,0.0,0.0,0.0,100.0,100.0,1.0,2.0,29712.0,45370.0,405210.0,2601.0,692.0,18906.0,86480.0,928.0,6.0,30.0,6.0,18912.0,86510.0,934.0,151.56,17.0,26.0,65.7,237.0,9.1,8.9,1.0,0.0,151.3,12.0,45.0,4.3,0.0,1.0,5.0,5.0,1.0,12.0,4.3,25.259999999999998,23.939999999999998,False,True,False,False,False
1499,121.0,180.34,221.0,4.71,38.0,23.0,125.0,100.0,100.0,5.0,147.0,0.0,0.0,0.0,0.0,0.0,0.0,0.0,0.0,0.0,0.0,0.0,0.0,0.0,0.0,0.0,0.0,0.0,0.0,0.0,0.0,0.0,0.0,0.0,0.0,0.0,0.0,0.0,0.0,0.0,0.0,0.0,0.0,0.0,0.0,0.0,0.0,False,False,True,False,False
1500,129.0,187.96,176.0,4.41,39.0,0.0,124.0,6.9,4.31,4.0,102.0,0.0,0.0,0.0,0.0,0.0,0.0,0.0,0.0,3657.0,56897.0,613.0,3657.0,56897.0,613.0,0.0,0.0,0.0,0.0,0.0,0.0,0.0,0.0,0.0,0.0,0.0,0.0,0.0,0.0,4.0,52.0,15.8,1.0,4.0,15.8,0.0,2.25,False,False,False,False,True
1501,130.0,172.72,174.0,4.39,39.5,0.0,129.0,100.0,4.16,5.0,142.0,0.0,0.0,0.0,0.0,0.0,369.0,3531.0,42.0,1830.0,29579.0,118.0,2199.0,33110.0,160.0,0.0,0.0,0.0,0.0,0.0,0.0,0.0,0.0,0.0,0.0,1.0,15.0,8.5,0.0,2.0,40.0,15.3,0.0,3.0,14.2,0.0,6.4,False,False,False,False,True
1502,82.0,182.88,221.0,4.33,41.5,0.0,129.0,6.94,4.15,4.0,129.0,0.0,0.0,0.0,0.0,0.0,4072.0,21731.0,276.0,845.0,7435.0,41.0,4917.0,29166.0,317.0,0.0,0.0,0.0,0.0,0.0,0.0,0.0,0.0,0.0,0.0,5.0,16.0,3.5,0.0,2.0,13.0,9.0,0.0,6.0,4.8,0.0,6.75,False,False,True,False,False
1503,123.0,190.5,209.0,100.0,0.0,0.0,0.0,100.0,100.0,1.0,4.0,0.0,0.0,0.0,0.0,0.0,0.0,0.0,0.0,0.0,0.0,0.0,0.0,0.0,0.0,0.0,0.0,0.0,0.0,0.0,0.0,0.0,0.0,0.0,0.0,0.0,0.0,0.0,0.0,0.0,0.0,0.0,0.0,0.0,0.0,0.0,0.0,False,False,False,False,True
1504,129.0,175.26,192.0,4.55,29.5,0.0,115.0,100.0,100.0,4.0,125.0,37.0,53.0,666.0,15.0,0.0,12923.0,76675.0,553.0,2095.0,16878.0,88.0,15018.0,93553.0,641.0,1208.54,1.0,1.0,100.0,18.0,18.0,18.0,0.0,0.0,251.2,12.0,80.0,5.65,0.0,3.0,23.0,7.1,0.0,14.0,5.6,21.22,13.45,False,False,True,False,False
1505,173.0,175.26,188.0,4.42,32.0,12.0,118.0,100.0,100.0,6.0,182.0,0.0,0.0,0.0,0.0,0.0,349.0,3369.0,15.0,2595.0,42041.0,334.0,2944.0,45410.0,349.0,0.0,0.0,0.0,0.0,0.0,0.0,0.0,0.0,0.0,0.0,1.0,7.0,7.0,0.0,2.0,34.0,14.5,0.0,3.0,14.7,0.0,5.75,False,False,False,False,True
1506,91.0,190.5,212.0,4.44,37.5,0.0,127.0,100.0,100.0,7.0,253.0,0.0,0.0,0.0,0.0,0.0,226.0,2328.0,0.0,3931.0,57416.0,440.0,4157.0,59744.0,440.0,0.0,0.0,0.0,0.0,0.0,0.0,0.0,0.0,0.0,0.0,1.0,7.0,7.0,0.0,2.0,33.0,12.0,0.0,2.0,12.0,0.0,0.0,False,False,False,False,True
1507,82.0,177.8,193.0,4.56,0.0,0.0,0.0,100.0,100.0,6.0,205.0,0.0,0.0,0.0,0.0,0.0,8624.0,48345.0,364.0,896.0,12774.0,24.0,9520.0,61119.0,388.0,0.0,0.0,0.0,0.0,0.0,0.0,0.0,0.0,0.0,0.0,7.0,35.0,5.4,0.0,2.0,15.0,8.3,0.0,9.0,6.1,0.0,0.0,False,False,True,False,False
1508,186.0,187.96,216.0,100.0,0.0,0.0,0.0,100.0,100.0,1.0,8.0,29254.0,45561.0,375837.0,2448.0,959.0,4719.0,15534.0,344.0,0.0,-1430.0,0.0,4719.0,14104.0,344.0,0.0,20.0,33.0,66.7,275.0,8.4,8.3,1.0,0.0,151.2,2.0,8.0,3.3,0.0,0.0,-26.0,0.0,0.0,2.0,3.3,0.0,0.0,False,True,False,False,False
1509,137.0,180.34,209.0,4.48,40.0,0.0,124.0,6.81,4.06,5.0,166.0,0.0,0.0,0.0,0.0,0.0,3522.0,20763.0,275.0,3656.0,43255.0,240.0,7178.0,64018.0,515.0,0.0,0.0,0.0,0.0,0.0,0.0,0.0,0.0,0.0,0.0,1.0,8.0,5.0,0.0,2.0,20.0,9.3,0.0,3.0,8.0,0.0,13.5,False,False,True,False,False
1510,75.0,185.42,215.0,100.0,0.0,0.0,0.0,100.0,100.0,6.0,218.0,26697.0,45722.0,320920.0,3048.0,854.0,5970.0,-1744.0,199.0,16.0,-64.0,0.0,5986.0,-1808.0,199.0,137.92,17.0,31.0,61.1,241.0,7.3,8.1,2.0,0.0,138.0,3.5,-2.0,-0.5,0.0,1.0,-4.0,-4.0,0.0,3.5,-0.5,8.62,0.0,False,True,False,False,False
1511,149.0,185.42,221.0,4.39,40.0,0.0,126.0,100.0,100.0,1.0,32.0,0.0,0.0,0.0,0.0,0.0,280.0,385.0,0.0,2837.0,39988.0,293.0,3117.0,40373.0,293.0,0.0,0.0,0.0,0.0,0.0,0.0,0.0,0.0,0.0,0.0,1.0,-1.0,-1.0,0.0,3.0,31.0,10.1,0.0,3.0,9.5,0.0,7.6,False,False,False,False,True
1512,178.0,175.26,220.0,4.46,36.0,25.0,118.0,100.0,100.0,3.0,88.0,0.0,0.0,0.0,0.0,0.0,0.0,0.0,0.0,0.0,0.0,0.0,0.0,0.0,0.0,0.0,0.0,0.0,0.0,0.0,0.0,0.0,0.0,0.0,0.0,0.0,0.0,0.0,0.0,0.0,0.0,0.0,0.0,0.0,0.0,0.0,2.3,False,False,True,False,False
1513,110.0,193.04,223.0,100.0,0.0,0.0,0.0,100.0,100.0,1.0,3.0,12486.0,18769.0,163550.0,1296.0,313.0,5916.0,24881.0,347.0,0.0,0.0,0.0,5916.0,24881.0,347.0,0.0,24.0,36.0,70.0,294.0,9.1,10.5,2.0,0.0,167.2,11.0,38.0,4.4,0.0,0.0,0.0,0.0,0.0,11.0,4.4,0.0,15.42,False,True,False,False,False
1514,139.0,187.96,198.0,4.46,36.0,0.0,121.0,6.7,4.02,3.0,100.0,1886.0,3123.0,21316.0,171.0,130.0,3849.0,23057.0,183.0,2675.0,35846.0,372.0,6524.0,58903.0,555.0,1611.52,2.0,3.0,66.7,32.0,7.2,6.7,0.0,0.0,128.9,2.0,12.0,6.1,0.0,5.0,50.0,12.0,1.0,5.0,8.0,11.2,2.55,False,False,False,False,True
1515,91.0,190.5,219.0,100.0,0.0,0.0,0.0,6.82,4.23,1.0,10.0,10268.0,14680.0,130608.0,1136.0,234.0,3733.0,14828.0,287.0,0.0,0.0,0.0,3733.0,14828.0,287.0,0.0,8.0,13.0,75.0,131.0,7.7,10.0,1.0,0.0,169.55,3.0,12.0,3.3,0.0,0.0,0.0,0.0,0.0,3.0,3.3,0.0,0.0,False,True,False,False,False
1516,3.0,177.8,221.0,100.0,0.0,20.0,0.0,100.0,100.0,6.0,186.0,0.0,0.0,0.0,0.0,0.0,7720.0,41041.0,321.0,932.0,9625.0,158.0,8652.0,50666.0,479.0,0.0,0.0,0.0,0.0,0.0,0.0,0.0,0.0,0.0,0.0,10.0,45.0,4.7,0.0,1.0,11.0,10.0,0.0,10.0,5.6,0.0,1.6,False,False,True,False,False
1517,52.0,182.88,186.0,4.39,36.0,13.0,124.0,100.0,100.0,2.0,34.0,0.0,0.0,0.0,0.0,0.0,260.0,4372.0,94.0,3015.0,41630.0,326.0,3275.0,46002.0,420.0,0.0,0.0,0.0,0.0,0.0,0.0,0.0,0.0,0.0,0.0,1.0,15.0,14.0,0.0,3.0,36.0,12.0,0.0,3.0,12.0,0.0,11.5,False,False,False,False,True
1518,5.0,195.57999999999998,244.0,4.61,35.0,0.0,117.0,100.0,100.0,6.0,194.0,0.0,0.0,0.0,0.0,0.0,0.0,0.0,0.0,1677.0,20483.0,132.0,1677.0,20483.0,132.0,0.0,0.0,0.0,0.0,0.0,0.0,0.0,0.0,0.0,0.0,0.0,0.0,0.0,0.0,4.0,48.0,12.0,0.0,4.0,12.0,0.0,0.0,False,False,False,True,False
1519,186.0,185.42,197.0,4.47,37.0,0.0,127.0,6.94,4.18,3.0,92.0,28.0,73.0,252.0,0.0,0.0,104.0,829.0,28.0,4329.0,57680.0,447.0,4433.0,58509.0,475.0,945.28,0.0,1.0,0.0,0.0,0.0,0.0,0.0,0.0,0.0,1.0,7.0,7.0,0.0,4.0,59.0,12.3,0.0,4.0,12.3,33.76,4.1,False,False,False,False,True
1520,135.0,185.42,212.0,4.43,39.5,19.0,122.0,100.0,100.0,5.0,170.0,43.0,43.0,946.0,0.0,0.0,141.0,-440.0,0.0,2347.0,40281.0,243.0,2488.0,39841.0,243.0,0.0,1.0,1.0,100.0,22.0,22.0,22.0,0.0,0.0,284.8,1.0,-8.0,-8.0,0.0,2.0,44.0,17.7,0.0,3.0,17.0,0.0,4.65,False,False,False,False,True
1521,163.0,195.57999999999998,235.0,100.0,35.0,0.0,121.0,100.0,100.0,6.0,193.0,8691.0,14089.0,113378.0,733.0,326.0,3885.0,17678.0,286.0,15.0,90.0,0.0,3900.0,17768.0,286.0,85.19999999999999,4.0,8.0,62.7,88.0,7.0,7.0,0.0,0.0,126.2,2.0,9.0,4.0,0.0,1.0,6.0,6.0,0.0,2.0,4.0,5.68,0.0,False,True,False,False,False
1522,165.0,187.96,205.0,4.34,39.5,0.0,136.0,100.0,100.0,2.0,52.0,0.0,0.0,0.0,0.0,0.0,71.0,-50.0,0.0,2505.0,36282.0,400.0,2576.0,36232.0,400.0,0.0,0.0,0.0,0.0,0.0,0.0,0.0,0.0,0.0,0.0,1.0,-4.0,-4.0,0.0,3.0,38.0,13.0,0.0,3.0,12.7,0.0,2.7,False,False,False,False,True
1523,76.0,182.88,200.0,100.0,0.0,0.0,0.0,100.0,100.0,1.0,6.0,12.0,12.0,300.0,6.0,0.0,36.0,96.0,0.0,4392.0,68809.0,452.0,4428.0,68905.0,452.0,0.0,2.0,2.0,100.0,50.0,25.0,35.0,1.0,0.0,475.0,1.0,1.0,1.0,0.0,4.0,65.0,13.3,0.0,4.0,13.3,0.0,10.4,False,False,False,False,True
1524,129.0,187.96,214.0,100.0,0.0,0.0,0.0,100.0,100.0,1.0,12.0,38129.0,60777.0,450239.0,2944.0,855.0,13312.0,55896.0,1215.0,37.0,666.0,15.0,13349.0,56562.0,1230.0,1606.14,21.0,31.0,65.2,239.0,7.0,7.5,1.0,0.0,133.1,7.0,29.0,3.9,1.0,1.0,18.0,18.0,0.0,7.0,3.9,42.42,18.1,False,True,False,False,False
1525,186.0,190.5,212.0,4.45,39.0,0.0,124.0,6.88,4.03,1.0,9.0,0.0,0.0,0.0,0.0,0.0,211.0,1073.0,38.0,5451.0,75078.0,585.0,5662.0,76151.0,623.0,0.0,0.0,0.0,0.0,0.0,0.0,0.0,0.0,0.0,0.0,1.0,5.0,5.0,0.0,6.0,68.0,12.8,0.0,6.0,12.8,0.0,6.5,False,False,False,False,True
1526,43.0,185.42,189.0,4.41,42.0,17.0,129.0,6.64,4.05,1.0,31.0,61.0,61.0,2092.0,47.0,0.0,365.0,5331.0,89.0,4723.0,70742.0,452.0,5088.0,76073.0,541.0,26.92,1.0,1.0,100.0,30.0,30.0,50.0,1.0,0.0,682.0,1.0,7.0,7.0,0.0,3.0,39.0,15.0,0.0,3.0,13.0,13.46,2.85,False,False,False,False,True
1527,186.0,185.42,203.0,4.52,37.5,0.0,129.0,100.0,100.0,2.0,37.0,0.0,0.0,0.0,0.0,0.0,0.0,0.0,0.0,0.0,0.0,0.0,0.0,0.0,0.0,0.0,0.0,0.0,0.0,0.0,0.0,0.0,0.0,0.0,0.0,0.0,0.0,0.0,0.0,0.0,0.0,0.0,0.0,0.0,0.0,0.0,1.1,False,False,False,False,True
1528,173.0,190.5,217.0,100.0,36.0,0.0,114.0,7.2,4.23,7.0,245.0,17966.0,29856.0,236542.0,2070.0,813.0,10648.0,24785.0,651.0,0.0,0.0,15.0,10648.0,24785.0,666.0,0.0,16.5,28.0,60.7,213.5,7.5,8.5,2.0,0.0,148.3,10.0,24.0,3.1,0.0,0.0,0.0,0.0,1.0,10.0,3.1,0.0,0.0,False,True,False,False,False
1529,149.0,182.88,211.0,4.95,32.0,0.0,108.0,7.21,4.37,5.0,150.0,21545.0,30627.0,253033.0,1701.0,800.0,7209.0,11355.0,381.0,13.0,195.0,0.0,7222.0,11550.0,381.0,794.56,21.0,27.0,70.6,212.0,8.1,8.1,1.0,0.0,152.2,7.0,8.0,2.2,0.0,1.0,15.0,15.0,0.0,7.0,2.2,61.12,3.24,False,True,False,False,False
1530,62.0,195.57999999999998,271.0,4.64,33.5,28.0,121.0,7.02,4.26,3.0,82.0,0.0,0.0,0.0,0.0,0.0,0.0,0.0,0.0,866.0,9292.0,125.0,866.0,9292.0,125.0,0.0,0.0,0.0,0.0,0.0,0.0,0.0,0.0,0.0,0.0,0.0,0.0,0.0,0.0,1.0,15.0,12.0,0.0,1.0,12.0,0.0,1.4,False,False,False,True,False
1531,178.0,187.96,208.0,4.5,36.5,13.0,119.0,100.0,100.0,7.0,225.0,0.0,0.0,0.0,0.0,0.0,292.0,2976.0,0.0,2844.0,46747.0,511.0,3136.0,49723.0,511.0,0.0,0.0,0.0,0.0,0.0,0.0,0.0,0.0,0.0,0.0,1.0,15.0,15.0,0.0,3.0,33.0,16.2,0.0,3.0,16.2,0.0,0.0,False,False,False,False,True
1532,165.0,172.72,191.0,4.42,33.0,0.0,125.0,100.0,100.0,5.0,167.0,0.0,0.0,0.0,0.0,0.0,3774.0,27491.0,286.0,982.0,8292.0,54.0,4756.0,35783.0,340.0,0.0,0.0,0.0,0.0,0.0,0.0,0.0,0.0,0.0,0.0,3.0,12.0,3.3,0.0,1.0,13.0,6.5,0.0,3.0,6.3,0.0,0.0,False,False,True,False,False
1533,165.0,193.04,245.0,4.69,0.0,0.0,0.0,100.0,4.32,4.0,101.0,0.0,0.0,0.0,0.0,0.0,25.0,300.0,0.0,1951.0,26614.0,198.0,1976.0,26914.0,198.0,0.0,0.0,0.0,0.0,0.0,0.0,0.0,0.0,0.0,0.0,1.0,12.0,12.0,0.0,4.0,44.0,13.0,0.0,4.0,13.0,0.0,2.6,False,False,False,True,False
1534,30.0,180.34,206.0,100.0,0.0,0.0,0.0,100.0,100.0,4.0,127.0,37.0,37.0,74.0,37.0,0.0,14100.0,70965.0,863.0,2129.0,14497.0,52.0,16229.0,85462.0,915.0,1238.76,1.0,1.0,100.0,2.0,2.0,22.0,1.0,0.0,446.8,17.0,68.0,5.1,1.0,2.0,17.0,6.0,0.0,19.0,5.2,33.48,0.95,False,False,True,False,False
1535,72.0,193.04,250.0,4.68,40.0,0.0,126.0,6.82,4.23,2.0,53.0,0.0,0.0,0.0,0.0,0.0,211.0,1020.0,39.0,1552.0,21198.0,178.0,1763.0,22218.0,217.0,0.0,0.0,0.0,0.0,0.0,0.0,0.0,0.0,0.0,0.0,1.0,2.0,2.0,0.0,2.0,32.0,11.0,0.0,1.0,9.0,0.0,1.45,False,False,False,True,False
1536,166.0,175.26,190.0,100.0,0.0,21.0,0.0,100.0,100.0,5.0,152.0,0.0,0.0,0.0,0.0,0.0,1679.0,9207.0,81.0,5314.0,68549.0,580.0,6993.0,77756.0,661.0,0.0,0.0,0.0,0.0,0.0,0.0,0.0,0.0,0.0,0.0,1.0,5.0,3.0,0.0,4.0,35.0,11.3,0.0,5.0,11.0,0.0,1.15,False,False,False,False,True
1537,123.0,193.04,247.0,4.65,34.5,0.0,117.0,100.0,4.45,4.0,123.0,0.0,0.0,0.0,0.0,0.0,0.0,0.0,0.0,1767.0,23858.0,180.0,1767.0,23858.0,180.0,0.0,0.0,0.0,0.0,0.0,0.0,0.0,0.0,0.0,0.0,0.0,0.0,0.0,0.0,2.0,20.0,12.8,0.0,2.0,12.8,0.0,1.8,False,False,False,True,False
1538,76.0,190.5,209.0,4.33,38.5,11.0,126.0,100.0,100.0,1.0,23.0,0.0,0.0,0.0,0.0,0.0,0.0,0.0,0.0,0.0,0.0,0.0,0.0,0.0,0.0,0.0,0.0,0.0,0.0,0.0,0.0,0.0,0.0,0.0,0.0,0.0,0.0,0.0,0.0,0.0,0.0,0.0,0.0,0.0,0.0,0.0,12.649999999999999,False,False,False,False,True
1539,82.0,182.88,188.0,4.46,34.0,0.0,120.0,7.16,100.0,5.0,156.0,0.0,0.0,0.0,0.0,0.0,106.0,592.0,26.0,4051.0,61721.0,456.0,4157.0,62313.0,482.0,0.0,0.0,0.0,0.0,0.0,0.0,0.0,0.0,0.0,0.0,1.0,5.0,5.0,0.0,3.0,44.0,13.5,0.0,3.0,13.5,0.0,0.8,False,False,False,False,True
1540,46.0,185.42,200.0,100.0,0.0,0.0,0.0,100.0,100.0,5.0,171.0,16949.0,27127.0,221693.0,1838.0,492.0,12857.0,58777.0,807.0,38.0,-905.0,14.0,12895.0,57872.0,821.0,658.3199999999999,13.0,22.0,62.2,157.0,7.9,8.9,1.0,0.0,150.0,7.0,31.0,4.1,0.0,1.0,-13.0,5.0,0.0,7.0,3.9,4.68,0.0,False,True,False,False,False
1541,179.0,193.04,203.0,4.47,36.0,0.0,126.0,100.0,100.0,7.0,235.0,36.0,84.0,270.0,0.0,0.0,31.0,71.0,0.0,3071.0,43574.0,212.0,3102.0,43645.0,212.0,0.0,0.0,1.0,0.0,0.0,0.0,0.0,0.0,0.0,0.0,1.0,5.0,5.0,0.0,3.0,38.0,14.5,0.0,3.0,14.5,0.0,6.1,False,False,False,False,True
1542,172.0,172.72,213.0,4.46,37.5,18.0,120.0,7.01,4.15,6.0,181.0,0.0,0.0,0.0,0.0,0.0,18738.0,96438.0,774.0,2181.0,16390.0,45.0,20919.0,112828.0,819.0,0.0,0.0,0.0,0.0,0.0,0.0,0.0,0.0,0.0,0.0,15.0,60.0,4.3,0.0,2.0,13.0,6.0,0.0,18.0,5.0,0.0,2.4,False,False,True,False,False
1543,110.0,187.96,193.0,4.36,40.5,0.0,134.0,100.0,100.0,4.0,113.0,0.0,0.0,0.0,0.0,0.0,136.0,1375.0,17.0,1998.0,33987.0,356.0,2134.0,35362.0,373.0,0.0,0.0,0.0,0.0,0.0,0.0,0.0,0.0,0.0,0.0,1.0,18.0,11.75,0.0,4.0,72.0,15.1,1.0,4.0,15.1,0.0,8.6,False,False,False,False,True
1544,183.0,175.26,191.0,4.47,42.5,19.0,126.0,100.0,100.0,6.0,184.0,12.0,28.0,72.0,0.0,0.0,350.0,750.0,0.0,5926.0,72652.0,272.0,6276.0,73402.0,272.0,579.68,0.0,1.0,0.0,0.0,0.0,0.0,0.0,0.0,0.0,1.0,1.0,1.0,0.0,4.0,51.0,10.8,0.0,4.0,10.8,27.8,6.15,False,False,False,False,True
1545,165.0,185.42,205.0,100.0,0.0,18.0,0.0,100.0,100.0,6.0,213.0,0.0,0.0,0.0,0.0,0.0,140.0,1434.0,12.0,3175.0,42674.0,173.0,3315.0,44108.0,185.0,0.0,0.0,0.0,0.0,0.0,0.0,0.0,0.0,0.0,0.0,1.0,15.0,8.0,0.0,3.0,41.0,11.7,0.0,3.0,11.0,0.0,9.2,False,False,False,False,True
1546,160.0,198.12,249.0,4.62,37.0,0.0,118.0,7.19,100.0,4.0,131.0,0.0,0.0,0.0,0.0,0.0,0.0,0.0,0.0,2086.0,23047.0,340.0,2086.0,23047.0,340.0,0.0,0.0,0.0,0.0,0.0,0.0,0.0,0.0,0.0,0.0,0.0,0.0,0.0,0.0,2.0,15.0,8.7,0.0,2.0,8.7,0.0,1.2,False,False,False,True,False
1547,178.0,185.42,214.0,100.0,0.0,0.0,0.0,100.0,100.0,1.0,1.0,18040.0,26623.0,252040.0,2573.0,370.0,7157.0,27179.0,610.0,16.0,228.0,0.0,7173.0,27407.0,610.0,392.64,20.0,29.0,73.8,281.0,9.2,10.8,3.0,0.0,175.0,8.0,27.0,3.0,1.0,1.0,15.0,15.0,0.0,8.0,3.0,24.54,10.48,False,True,False,False,False
1548,46.0,198.12,231.0,4.52,37.0,0.0,128.0,100.0,4.11,6.0,185.0,0.0,0.0,0.0,0.0,0.0,16.0,0.0,0.0,2078.0,35527.0,160.0,2094.0,35527.0,160.0,0.0,0.0,0.0,0.0,0.0,0.0,0.0,0.0,0.0,0.0,1.0,0.0,0.0,0.0,4.0,60.0,14.9,0.0,4.0,14.9,0.0,0.0,False,False,False,False,True
1549,91.0,180.34,185.0,4.39,0.0,12.0,0.0,100.0,100.0,3.0,84.0,0.0,0.0,0.0,0.0,0.0,154.0,1748.0,30.0,3084.0,47227.0,516.0,3238.0,48975.0,546.0,0.0,0.0,0.0,0.0,0.0,0.0,0.0,0.0,0.0,0.0,1.0,10.0,10.0,0.0,2.0,38.0,13.5,0.0,2.0,13.5,0.0,0.0,False,False,False,False,True
1550,165.0,180.34,165.0,4.21,41.0,0.0,131.0,100.0,100.0,1.0,28.0,65.0,79.0,2193.0,41.0,0.0,171.0,1206.0,0.0,5484.0,81375.0,862.0,5655.0,82581.0,862.0,0.0,1.0,1.0,100.0,33.0,33.0,53.0,1.0,0.0,707.2,1.0,7.0,7.0,0.0,5.0,75.0,12.3,1.0,5.0,12.1,0.0,7.1,False,False,False,False,True
1551,163.0,180.34,210.0,4.38,38.0,0.0,134.0,100.0,100.0,4.0,120.0,0.0,0.0,0.0,0.0,0.0,8661.0,53846.0,393.0,557.0,3182.0,0.0,9218.0,57028.0,393.0,0.0,0.0,0.0,0.0,0.0,0.0,0.0,0.0,0.0,0.0,11.0,59.0,6.0,0.0,1.0,8.0,5.3,0.0,12.0,6.0,0.0,1.8,False,False,True,False,False
1552,159.0,182.88,204.0,100.0,35.0,0.0,120.0,100.0,100.0,7.0,236.0,29.0,68.0,285.0,13.0,0.0,7944.0,38666.0,435.0,1782.0,12140.0,94.0,9726.0,50806.0,529.0,441.70000000000005,1.0,1.0,50.0,0.0,0.0,0.0,0.0,0.0,12.2,14.0,71.0,4.3,0.0,3.0,22.0,6.3,0.0,19.0,4.6,12.64,0.0,False,False,True,False,False
1553,88.0,195.57999999999998,250.0,100.0,0.0,22.0,0.0,100.0,100.0,2.0,50.0,12.0,12.0,84.0,12.0,0.0,0.0,0.0,0.0,682.0,11421.0,152.0,682.0,11421.0,152.0,0.0,1.0,1.0,100.0,7.0,7.0,27.0,1.0,0.0,488.8,0.0,0.0,0.0,0.0,1.0,20.0,19.0,0.0,1.0,19.0,0.0,0.0,False,False,False,True,False
1554,157.0,187.96,206.0,4.44,38.5,0.0,127.0,100.0,100.0,4.0,136.0,0.0,0.0,0.0,0.0,0.0,0.0,0.0,0.0,2011.0,30399.0,209.0,2011.0,30399.0,209.0,0.0,0.0,0.0,0.0,0.0,0.0,0.0,0.0,0.0,0.0,0.0,0.0,0.0,0.0,4.0,55.0,13.0,0.0,4.0,13.0,0.0,0.0,False,False,False,False,True
1555,135.0,195.57999999999998,246.0,4.7,0.0,0.0,0.0,100.0,100.0,6.0,202.0,0.0,1.0,0.0,0.0,0.0,1.0,2.0,0.0,2546.0,33987.0,286.0,2547.0,33989.0,286.0,2.6,0.0,1.0,0.0,0.0,0.0,0.0,0.0,0.0,0.0,1.0,2.0,2.0,0.0,2.0,26.0,11.0,0.0,2.0,11.0,2.6,0.0,False,False,False,True,False
1556,160.0,185.42,214.0,100.0,34.5,19.0,125.0,6.84,4.21,2.0,58.0,0.0,0.0,0.0,0.0,0.0,95.0,20.0,0.0,3422.0,43732.0,295.0,3517.0,43752.0,295.0,0.0,0.0,0.0,0.0,0.0,0.0,0.0,0.0,0.0,0.0,1.0,3.0,3.0,0.0,3.0,33.0,11.3,0.0,3.0,10.3,0.0,0.0,False,False,False,False,True
1557,167.0,175.26,214.0,4.52,35.0,16.0,120.0,6.9,4.06,6.0,193.0,0.0,0.0,0.0,0.0,0.0,16262.0,81808.0,778.0,1944.0,10258.0,29.0,18206.0,92066.0,807.0,0.0,0.0,0.0,0.0,0.0,0.0,0.0,0.0,0.0,0.0,12.0,50.0,4.7,0.0,2.0,7.0,6.0,0.0,15.0,4.4,0.0,0.0,False,False,True,False,False
1558,62.0,187.96,204.0,4.61,37.5,0.0,124.0,100.0,100.0,3.0,74.0,0.0,0.0,0.0,0.0,0.0,80.0,235.0,0.0,2555.0,36695.0,340.0,2635.0,36930.0,340.0,0.0,0.0,0.0,0.0,0.0,0.0,0.0,0.0,0.0,0.0,1.0,6.0,5.0,0.0,3.0,44.0,13.3,0.0,3.0,13.0,0.0,0.0,False,False,False,False,True
1559,96.0,187.96,223.0,100.0,0.0,0.0,0.0,100.0,100.0,1.0,25.0,17247.0,27002.0,236007.0,1677.0,577.0,7090.0,29317.0,288.0,8.0,120.0,0.0,7098.0,29437.0,288.0,356.47999999999996,18.0,27.0,65.2,244.0,7.3,8.3,1.0,0.0,154.2,8.0,33.0,5.0,0.0,1.0,15.0,15.0,0.0,8.0,5.0,44.559999999999995,0.0,False,True,False,False,False
1560,43.0,185.42,196.0,4.34,38.5,0.0,128.0,6.82,4.27,4.0,103.0,0.0,0.0,0.0,0.0,0.0,230.0,1525.0,12.0,2716.0,45218.0,282.0,2946.0,46743.0,294.0,0.0,0.0,0.0,0.0,0.0,0.0,0.0,0.0,0.0,0.0,1.0,4.0,4.0,0.0,3.0,37.0,17.5,0.0,3.0,17.0,0.0,0.0,False,False,False,False,True
1561,123.0,185.42,202.0,100.0,0.0,0.0,0.0,100.0,100.0,1.0,19.0,0.0,8.0,0.0,0.0,0.0,368.0,2575.0,38.0,3237.0,48958.0,403.0,3605.0,51533.0,441.0,0.0,0.0,1.0,0.0,0.0,0.0,0.0,0.0,0.0,0.0,1.0,9.0,4.5,0.0,4.0,70.0,13.7,0.0,4.0,13.7,0.0,0.0,False,False,False,False,True
1562,52.0,175.26,198.0,4.42,35.0,15.0,124.0,100.0,100.0,4.0,114.0,0.0,0.0,0.0,0.0,0.0,6436.0,35687.0,365.0,1016.0,7253.0,15.0,7452.0,42940.0,380.0,0.0,0.0,0.0,0.0,0.0,0.0,0.0,0.0,0.0,0.0,9.0,49.0,5.4,0.0,2.0,12.0,5.8,0.0,11.0,5.1,0.0,0.0,False,False,True,False,False
1563,121.0,195.57999999999998,258.0,4.74,31.0,0.0,115.0,7.25,4.4,5.0,163.0,639.0,1940.0,7698.0,141.0,0.0,6286.0,25766.0,296.0,6844.0,82440.0,517.0,13130.0,108206.0,813.0,4346.76,1.0,2.0,20.0,9.0,1.8,1.8,0.0,0.0,35.1,3.0,5.0,2.0,0.0,2.0,19.0,15.0,0.0,3.0,9.5,7.6,0.0,False,False,False,True,False
1564,165.0,187.96,214.0,100.0,0.0,0.0,0.0,100.0,100.0,7.0,231.0,10821.0,16349.0,136406.0,993.0,346.0,2046.0,1077.0,193.0,26.0,78.0,0.0,2072.0,1155.0,193.0,932.36,19.0,31.0,66.7,260.0,9.2,8.7,2.0,1.0,160.4,4.0,0.0,0.0,0.0,1.0,3.0,3.0,0.0,4.0,0.0,35.86,0.0,False,True,False,False,False
1565,84.0,185.42,183.0,4.37,39.5,0.0,130.0,100.0,100.0,3.0,102.0,0.0,0.0,0.0,0.0,0.0,14.0,227.0,0.0,2822.0,35615.0,301.0,2836.0,35842.0,301.0,0.0,0.0,0.0,0.0,0.0,0.0,0.0,0.0,0.0,0.0,1.0,16.0,16.0,0.0,2.0,34.0,9.3,0.0,2.0,9.3,0.0,0.0,False,False,False,False,True
1566,129.0,195.57999999999998,247.0,4.63,39.0,0.0,122.0,100.0,100.0,2.0,46.0,0.0,0.0,0.0,0.0,0.0,0.0,0.0,0.0,2576.0,26944.0,366.0,2576.0,26944.0,366.0,0.0,0.0,0.0,0.0,0.0,0.0,0.0,0.0,0.0,0.0,0.0,0.0,0.0,0.0,2.0,19.0,9.3,0.0,2.0,9.3,0.0,0.0,False,False,False,True,False
1567,129.0,180.34,205.0,100.0,0.0,0.0,0.0,100.0,100.0,3.0,94.0,32821.0,51524.0,462632.0,3918.0,775.0,9662.0,26365.0,768.0,60.0,1116.0,48.0,9722.0,27481.0,816.0,2619.6,22.0,32.0,65.2,291.0,9.4,10.8,2.0,0.0,169.3,6.0,19.0,2.9,0.0,1.0,20.0,20.0,1.0,6.0,3.0,39.66,0.0,False,True,False,False,False
1568,72.0,182.88,212.0,4.43,39.5,0.0,130.0,100.0,4.33,5.0,151.0,0.0,0.0,0.0,0.0,0.0,8003.0,46866.0,387.0,916.0,9800.0,44.0,8919.0,56666.0,431.0,0.0,0.0,0.0,0.0,0.0,0.0,0.0,0.0,0.0,0.0,12.0,57.0,5.1,0.0,2.0,16.0,7.7,0.0,13.0,5.8,0.0,0.0,False,False,True,False,False
1569,165.0,180.34,191.0,4.29,0.0,0.0,0.0,100.0,100.0,1.0,23.0,14.0,28.0,420.0,0.0,0.0,0.0,0.0,0.0,2006.0,26971.0,312.0,2006.0,26971.0,312.0,0.0,1.0,2.0,50.0,30.0,15.0,15.0,0.0,0.0,176.0,0.0,0.0,0.0,0.0,3.0,42.0,12.5,0.0,3.0,12.5,0.0,0.0,False,False,False,False,True
1570,110.0,182.88,221.0,4.46,38.0,18.0,130.0,100.0,4.4,1.0,22.0,0.0,0.0,0.0,0.0,0.0,10472.0,59815.0,710.0,1135.0,10613.0,74.0,11607.0,70428.0,784.0,0.0,0.0,0.0,0.0,0.0,0.0,0.0,0.0,0.0,0.0,16.0,78.0,5.2,1.0,2.0,16.0,10.0,0.0,16.0,5.6,0.0,0.0,False,False,True,False,False
1571,96.0,187.96,205.0,4.54,38.5,0.0,125.0,100.0,100.0,2.0,55.0,0.0,0.0,0.0,0.0,0.0,0.0,0.0,0.0,0.0,0.0,0.0,0.0,0.0,0.0,0.0,0.0,0.0,0.0,0.0,0.0,0.0,0.0,0.0,0.0,0.0,0.0,0.0,0.0,0.0,0.0,0.0,0.0,0.0,0.0,0.0,0.0,False,False,False,False,True
1572,25.0,172.72,205.0,4.4,38.0,16.0,127.0,100.0,4.34,2.0,60.0,0.0,0.0,0.0,0.0,0.0,0.0,0.0,0.0,0.0,0.0,0.0,0.0,0.0,0.0,0.0,0.0,0.0,0.0,0.0,0.0,0.0,0.0,0.0,0.0,0.0,0.0,0.0,0.0,0.0,0.0,0.0,0.0,0.0,0.0,0.0,0.0,False,False,True,False,False
1573,55.0,195.57999999999998,253.0,4.82,34.5,16.0,121.0,100.0,4.4,5.0,173.0,0.0,0.0,0.0,0.0,0.0,0.0,0.0,0.0,154.0,2174.0,0.0,154.0,2174.0,0.0,0.0,0.0,0.0,0.0,0.0,0.0,0.0,0.0,0.0,0.0,0.0,0.0,0.0,0.0,1.0,20.0,14.0,0.0,1.0,14.0,0.0,0.0,False,False,False,True,False
1574,165.0,195.57999999999998,241.0,4.84,30.0,0.0,0.0,7.15,4.4,4.0,120.0,0.0,0.0,0.0,0.0,0.0,0.0,0.0,0.0,859.0,10648.0,76.0,859.0,10648.0,76.0,0.0,0.0,0.0,0.0,0.0,0.0,0.0,0.0,0.0,0.0,0.0,0.0,0.0,0.0,2.0,19.0,11.0,0.0,2.0,11.0,0.0,0.0,False,False,False,True,False
1575,123.0,177.8,202.0,4.43,38.5,0.0,128.0,100.0,100.0,2.0,38.0,0.0,0.0,0.0,0.0,0.0,14493.0,96555.0,1094.0,1618.0,15523.0,137.0,16111.0,112078.0,1231.0,0.0,0.0,0.0,0.0,0.0,0.0,0.0,0.0,0.0,0.0,13.0,83.0,6.7,1.0,2.0,14.0,7.0,0.0,14.0,7.3,0.0,0.0,False,False,True,False,False
1576,67.0,193.04,214.0,4.47,39.0,0.0,128.0,100.0,100.0,2.0,34.0,0.0,0.0,0.0,0.0,0.0,0.0,0.0,0.0,1977.0,32094.0,242.0,1977.0,32094.0,242.0,0.0,0.0,0.0,0.0,0.0,0.0,0.0,0.0,0.0,0.0,0.0,0.0,0.0,0.0,4.0,74.0,15.0,1.0,4.0,15.0,0.0,0.0,False,False,False,False,True
1577,33.0,190.5,196.0,4.41,37.5,0.0,0.0,100.0,100.0,5.0,166.0,119.0,138.0,4068.0,25.0,19.0,31.0,135.0,0.0,6102.0,79579.0,713.0,6133.0,79714.0,713.0,317.28000000000003,1.0,1.0,100.0,30.0,30.0,44.0,0.0,0.0,469.6,1.0,9.0,9.0,0.0,5.0,64.0,11.4,0.0,5.0,11.4,26.44,0.0,False,False,False,False,True
1578,123.0,193.04,236.0,100.0,31.5,0.0,112.0,7.13,4.33,6.0,185.0,11755.0,19009.0,149141.0,1254.0,573.0,5712.0,22915.0,507.0,30.0,224.0,28.0,5742.0,23139.0,535.0,1056.32,15.0,24.0,65.0,182.0,7.8,8.3,1.0,0.0,149.5,7.0,18.0,2.7,0.0,1.0,8.0,8.0,1.0,7.0,3.0,35.68,0.0,False,True,False,False,False
1579,11.0,175.26,204.0,4.44,33.5,21.0,120.0,100.0,100.0,4.0,117.0,27.0,38.0,288.0,13.0,11.0,11407.0,63359.0,482.0,1447.0,12765.0,141.0,12854.0,76124.0,623.0,0.0,1.0,1.0,100.0,2.0,2.0,2.0,0.0,0.0,116.8,9.0,44.0,4.5,0.0,2.0,10.0,7.0,0.0,11.0,4.8,0.0,0.0,False,False,True,False,False
1580,159.0,195.57999999999998,243.0,100.0,34.0,0.0,114.0,100.0,100.0,5.0,165.0,0.0,0.0,0.0,0.0,0.0,7.0,84.0,0.0,2070.0,29171.0,176.0,2077.0,29255.0,176.0,0.0,0.0,0.0,0.0,0.0,0.0,0.0,0.0,0.0,0.0,1.0,12.0,12.0,0.0,4.0,57.0,14.0,0.0,4.0,14.0,0.0,0.0,False,False,False,True,False
1581,126.0,185.42,226.0,4.61,34.5,0.0,120.0,100.0,100.0,6.0,179.0,0.0,0.0,0.0,0.0,0.0,0.0,0.0,0.0,0.0,0.0,0.0,0.0,0.0,0.0,0.0,0.0,0.0,0.0,0.0,0.0,0.0,0.0,0.0,0.0,0.0,0.0,0.0,0.0,0.0,0.0,0.0,0.0,0.0,0.0,0.0,0.0,False,False,True,False,False
1582,99.0,182.88,206.0,4.41,0.0,0.0,0.0,100.0,100.0,2.0,39.0,0.0,0.0,0.0,0.0,0.0,0.0,0.0,0.0,0.0,0.0,0.0,0.0,0.0,0.0,0.0,0.0,0.0,0.0,0.0,0.0,0.0,0.0,0.0,0.0,0.0,0.0,0.0,0.0,0.0,0.0,0.0,0.0,0.0,0.0,0.0,0.0,False,False,False,False,True
1583,177.0,185.42,184.0,4.61,36.0,0.0,123.0,100.0,100.0,7.0,238.0,0.0,0.0,0.0,0.0,0.0,0.0,0.0,0.0,0.0,0.0,0.0,0.0,0.0,0.0,0.0,0.0,0.0,0.0,0.0,0.0,0.0,0.0,0.0,0.0,0.0,0.0,0.0,0.0,0.0,0.0,0.0,0.0,0.0,0.0,0.0,0.0,False,False,False,False,True
1584,129.0,177.8,205.0,4.55,0.0,0.0,117.0,100.0,100.0,5.0,147.0,0.0,0.0,0.0,0.0,0.0,5727.0,35244.0,570.0,5474.0,70614.0,223.0,11201.0,105858.0,793.0,0.0,0.0,0.0,0.0,0.0,0.0,0.0,0.0,0.0,0.0,7.0,50.0,5.7,1.0,2.0,27.0,10.8,0.0,3.0,9.0,0.0,0.0,False,False,True,False,False
1585,16.0,175.26,211.0,100.0,0.0,0.0,0.0,100.0,100.0,1.0,6.0,0.0,0.0,0.0,0.0,0.0,11585.0,70642.0,772.0,1497.0,18070.0,172.0,13082.0,88712.0,944.0,0.0,0.0,0.0,0.0,0.0,0.0,0.0,0.0,0.0,0.0,15.0,82.0,5.7,1.0,3.0,30.0,10.0,0.0,19.0,6.8,0.0,0.0,False,False,True,False,False
1586,66.0,185.42,224.0,4.57,0.0,0.0,0.0,100.0,100.0,3.0,83.0,0.0,0.0,0.0,0.0,0.0,7951.0,41056.0,462.0,391.0,3154.0,25.0,8342.0,44210.0,487.0,0.0,0.0,0.0,0.0,0.0,0.0,0.0,0.0,0.0,0.0,14.0,53.0,3.3,1.0,1.0,8.0,7.0,0.0,15.0,3.9,0.0,0.0,False,False,True,False,False
1587,129.0,177.8,154.0,4.51,37.0,0.0,131.0,6.65,4.15,7.0,235.0,41.0,77.0,287.0,41.0,12.0,188.0,1633.0,39.0,6775.0,84147.0,551.0,6963.0,85780.0,590.0,0.0,1.0,1.0,100.0,7.0,7.0,27.0,1.0,0.0,488.8,1.0,4.0,4.0,0.0,4.0,57.0,11.5,0.0,5.0,12.0,0.0,0.0,False,False,False,False,True
1588,20.0,190.5,241.0,4.71,34.0,22.0,118.0,6.97,4.39,3.0,67.0,11.0,34.0,99.0,0.0,0.0,482.0,2276.0,88.0,2177.0,29698.0,230.0,2659.0,31974.0,318.0,209.66,0.0,1.0,0.0,0.0,0.0,0.0,0.0,0.0,0.0,2.0,5.0,2.5,0.0,4.0,47.0,13.0,0.0,4.0,10.0,8.2,0.0,False,False,False,True,False
1589,32.0,172.72,174.0,4.46,38.0,0.0,128.0,100.0,4.41,6.0,208.0,14.0,14.0,420.0,14.0,0.0,509.0,3709.0,15.0,4113.0,53487.0,320.0,4622.0,57196.0,335.0,0.0,1.0,1.0,100.0,30.0,30.0,50.0,1.0,0.0,682.0,1.0,9.0,4.5,0.0,4.0,49.0,9.9,0.0,5.0,9.8,0.0,0.0,False,False,False,False,True
1590,163.0,195.57999999999998,205.0,4.3,33.0,0.0,126.0,100.0,100.0,4.0,108.0,0.0,0.0,0.0,0.0,0.0,0.0,0.0,0.0,0.0,0.0,0.0,0.0,0.0,0.0,0.0,0.0,0.0,0.0,0.0,0.0,0.0,0.0,0.0,0.0,0.0,0.0,0.0,0.0,0.0,0.0,0.0,0.0,0.0,0.0,0.0,0.0,False,False,False,False,True
1591,123.0,182.88,221.0,4.48,38.5,0.0,132.0,100.0,100.0,2.0,36.0,12.0,12.0,84.0,0.0,0.0,12362.0,64487.0,721.0,922.0,7181.0,83.0,13284.0,71668.0,804.0,123.35999999999999,1.0,1.0,100.0,7.0,7.0,7.0,0.0,0.0,158.8,17.0,95.0,5.15,1.0,1.0,13.0,7.0,0.0,18.0,5.2,10.28,0.0,False,False,True,False,False
1592,66.0,198.12,251.0,100.0,35.0,0.0,120.0,7.18,4.47,7.0,255.0,0.0,0.0,0.0,0.0,0.0,0.0,0.0,0.0,1338.0,17526.0,75.0,1338.0,17526.0,75.0,0.0,0.0,0.0,0.0,0.0,0.0,0.0,0.0,0.0,0.0,0.0,0.0,0.0,0.0,2.0,25.0,12.5,0.0,2.0,12.5,0.0,0.0,False,False,False,True,False
1593,11.0,185.42,190.0,4.37,34.5,0.0,124.0,100.0,100.0,5.0,158.0,0.0,0.0,0.0,0.0,0.0,0.0,0.0,0.0,0.0,0.0,0.0,0.0,0.0,0.0,0.0,0.0,0.0,0.0,0.0,0.0,0.0,0.0,0.0,0.0,0.0,0.0,0.0,0.0,0.0,0.0,0.0,0.0,0.0,0.0,0.0,0.0,False,False,False,False,True
1594,184.0,177.8,191.0,4.34,40.0,14.0,132.0,6.75,4.12,4.0,128.0,0.0,0.0,0.0,0.0,0.0,0.0,0.0,0.0,0.0,0.0,0.0,0.0,0.0,0.0,0.0,0.0,0.0,0.0,0.0,0.0,0.0,0.0,0.0,0.0,0.0,0.0,0.0,0.0,0.0,0.0,0.0,0.0,0.0,0.0,0.0,0.0,False,False,False,False,True
1595,121.0,193.04,216.0,100.0,0.0,0.0,0.0,100.0,100.0,6.0,189.0,10842.0,17435.0,123898.0,687.0,267.0,7562.0,41913.0,659.0,0.0,0.0,0.0,7562.0,41913.0,659.0,0.0,13.0,22.0,64.0,136.0,7.0,7.0,1.0,0.0,127.6,9.0,39.0,5.3,1.0,0.0,0.0,0.0,0.0,9.0,5.3,0.0,0.0,False,True,False,False,False
1596,91.0,198.12,248.0,100.0,0.0,0.0,0.0,100.0,100.0,1.0,10.0,0.0,0.0,0.0,0.0,0.0,27.0,-90.0,0.0,1726.0,22269.0,163.0,1753.0,22179.0,163.0,0.0,0.0,0.0,0.0,0.0,0.0,0.0,0.0,0.0,0.0,1.0,-2.0,-2.0,0.0,3.0,30.0,11.9,0.0,3.0,11.9,0.0,0.0,False,False,False,True,False
1597,52.0,177.8,185.0,4.4,33.5,0.0,120.0,100.0,4.27,7.0,244.0,0.0,0.0,0.0,0.0,0.0,341.0,1610.0,43.0,4190.0,45937.0,185.0,4531.0,47547.0,228.0,0.0,0.0,0.0,0.0,0.0,0.0,0.0,0.0,0.0,0.0,1.0,8.0,8.0,0.0,3.0,29.0,8.7,0.0,3.0,8.7,0.0,0.0,False,False,False,False,True
1598,30.0,185.42,234.0,100.0,0.0,0.0,0.0,100.0,100.0,7.0,239.0,21.0,37.0,399.0,0.0,0.0,11202.0,58946.0,544.0,1275.0,6469.0,0.0,12477.0,65415.0,544.0,192.0,1.0,1.0,100.0,19.0,19.0,19.0,0.0,0.0,259.6,8.0,43.0,5.0,0.0,1.0,5.0,3.0,0.0,10.0,4.8,12.0,0.0,False,False,True,False,False
1599,88.0,182.88,217.0,4.51,35.0,0.0,124.0,100.0,100.0,7.0,223.0,0.0,0.0,0.0,0.0,0.0,8827.0,51900.0,421.0,527.0,6270.0,0.0,9354.0,58170.0,421.0,0.0,0.0,0.0,0.0,0.0,0.0,0.0,0.0,0.0,0.0,14.5,81.0,5.4,0.0,1.0,16.0,9.5,0.0,15.0,6.0,0.0,0.0,False,False,True,False,False
1600,176.0,198.12,260.0,4.81,32.5,0.0,114.0,100.0,100.0,7.0,248.0,0.0,0.0,0.0,0.0,0.0,19.0,57.0,19.0,1315.0,17440.0,68.0,1334.0,17497.0,87.0,0.0,0.0,0.0,0.0,0.0,0.0,0.0,0.0,0.0,0.0,1.0,3.0,3.0,1.0,1.0,16.0,12.0,0.0,1.0,12.0,0.0,0.0,False,False,False,True,False
1601,159.0,190.5,218.0,100.0,0.0,0.0,0.0,100.0,100.0,6.0,181.0,10234.0,15646.0,135768.0,899.0,360.0,1942.0,-2944.0,36.0,0.0,0.0,0.0,1942.0,-2944.0,36.0,0.0,13.0,18.0,66.7,226.0,8.1,7.9,0.0,0.0,140.9,2.0,-3.0,-1.5,0.0,0.0,0.0,0.0,0.0,2.0,-1.5,0.0,0.0,False,True,False,False,False
1602,5.0,193.04,219.0,100.0,0.0,0.0,0.0,100.0,100.0,1.0,8.0,82.0,94.0,892.0,15.0,0.0,21.0,63.0,0.0,3655.0,56597.0,493.0,3676.0,56660.0,493.0,0.0,1.0,1.0,100.0,11.0,11.0,11.0,0.0,0.0,192.4,1.0,3.0,3.0,0.0,6.0,78.0,17.3,1.0,6.0,17.3,0.0,0.0,False,False,False,False,True
1603,43.0,190.5,212.0,100.0,0.0,0.0,0.0,100.0,100.0,6.0,197.0,18722.0,29280.0,219459.0,1571.0,778.0,4683.0,-1879.0,401.0,0.0,0.0,0.0,4683.0,-1879.0,401.0,0.0,12.0,21.0,62.5,171.0,7.5,7.6,1.0,0.0,139.7,4.0,0.0,0.0,0.0,0.0,0.0,0.0,0.0,4.0,0.0,0.0,0.0,False,True,False,False,False
1604,3.0,187.96,217.0,100.0,0.0,0.0,0.0,100.0,100.0,3.0,92.0,6887.0,10548.0,99872.0,803.0,306.0,6024.0,27847.0,535.0,0.0,0.0,0.0,6024.0,27847.0,535.0,0.0,12.0,18.0,66.7,192.0,9.5,9.5,1.0,0.0,156.8,9.0,36.0,5.0,0.0,0.0,0.0,0.0,0.0,9.0,5.0,0.0,0.0,False,True,False,False,False
1605,141.0,172.72,211.0,4.6,34.5,0.0,117.0,100.0,100.0,7.0,233.0,0.0,38.0,0.0,0.0,0.0,12417.0,57349.0,458.0,794.0,5074.0,7.0,13211.0,62423.0,465.0,0.0,0.0,1.0,0.0,0.0,0.0,0.0,0.0,0.0,0.0,10.0,31.0,4.2,0.0,1.0,9.0,5.5,0.0,9.0,4.5,0.0,0.0,False,False,True,False,False
1606,91.0,187.96,226.0,100.0,0.0,0.0,0.0,100.0,100.0,6.0,188.0,12.0,12.0,180.0,0.0,0.0,3369.0,18212.0,249.0,91.0,754.0,0.0,3460.0,18966.0,249.0,0.0,1.0,1.0,100.0,15.0,15.0,15.0,0.0,0.0,226.0,6.0,30.0,5.0,0.0,1.0,8.0,8.0,0.0,6.0,5.0,0.0,0.0,False,False,True,False,False
1607,135.0,180.34,186.0,4.59,36.0,0.0,124.0,100.0,100.0,7.0,242.0,0.0,38.0,0.0,0.0,0.0,39.0,285.0,0.0,5322.0,66470.0,505.0,5361.0,66755.0,505.0,0.0,0.0,1.0,0.0,0.0,0.0,0.0,0.0,0.0,0.0,1.0,3.0,3.0,0.0,4.0,60.0,11.7,0.0,4.0,12.0,0.0,0.0,False,False,False,False,True
1608,71.0,180.34,213.0,4.58,37.5,0.0,124.0,100.0,100.0,6.0,184.0,0.0,16.0,0.0,0.0,0.0,16923.0,92779.0,916.0,1492.0,13108.0,97.0,18415.0,105887.0,1013.0,382.4,0.0,1.0,0.0,0.0,0.0,0.0,0.0,0.0,0.0,14.0,83.0,5.4,1.0,1.0,12.0,6.0,0.0,15.0,5.5,23.9,0.0,False,False,True,False,False
1609,67.0,177.8,194.0,4.39,41.5,23.0,134.0,6.82,4.17,3.0,79.0,17.0,56.0,714.0,0.0,0.0,147.0,989.0,0.0,4690.0,47910.0,243.0,4837.0,48899.0,243.0,0.0,0.0,1.0,0.0,0.0,0.0,0.0,0.0,0.0,0.0,1.0,5.0,5.0,0.0,5.0,44.0,8.2,0.0,5.0,8.65,0.0,0.0,False,False,False,False,True
1610,3.0,190.5,274.0,4.91,34.0,26.0,119.0,7.34,4.45,5.0,175.0,0.0,0.0,0.0,0.0,0.0,0.0,0.0,0.0,235.0,2419.0,23.0,235.0,2419.0,23.0,0.0,0.0,0.0,0.0,0.0,0.0,0.0,0.0,0.0,0.0,0.0,0.0,0.0,0.0,1.0,8.0,8.0,0.0,1.0,8.0,0.0,0.0,False,False,False,True,False
1611,84.0,193.04,204.0,4.46,30.0,0.0,114.0,100.0,100.0,7.0,240.0,0.0,0.0,0.0,0.0,0.0,19.0,647.0,0.0,3180.0,37936.0,284.0,3199.0,38583.0,284.0,0.0,0.0,0.0,0.0,0.0,0.0,0.0,0.0,0.0,0.0,1.0,36.0,36.0,0.0,4.0,48.0,12.0,0.0,4.0,12.0,0.0,0.0,False,False,False,False,True
1612,64.0,193.04,220.0,100.0,0.0,0.0,0.0,100.0,100.0,7.0,227.0,17998.0,27310.0,217994.0,1626.0,537.0,6541.0,22186.0,255.0,41.0,589.0,0.0,6582.0,22775.0,255.0,517.5,19.0,29.0,64.1,222.0,7.7,7.5,1.0,0.0,140.0,6.0,18.0,3.6,0.0,1.0,17.0,17.0,0.0,6.0,3.6,9.86,0.0,False,True,False,False,False
1613,180.0,182.88,205.0,4.42,0.0,13.0,0.0,100.0,100.0,4.0,133.0,0.0,17.0,0.0,0.0,0.0,1.0,3.0,0.0,2248.0,36211.0,435.0,2249.0,36214.0,435.0,0.0,0.0,1.0,0.0,0.0,0.0,0.0,0.0,0.0,0.0,1.0,3.0,3.0,0.0,7.0,87.0,15.4,1.0,7.0,15.4,0.0,0.0,False,False,False,False,True
1614,163.0,172.72,200.0,100.0,35.0,13.0,124.0,100.0,100.0,4.0,126.0,0.0,0.0,0.0,0.0,0.0,6266.0,35754.0,579.0,602.0,6137.0,28.0,6868.0,41891.0,607.0,0.0,0.0,0.0,0.0,0.0,0.0,0.0,0.0,0.0,0.0,10.0,52.0,5.3,1.0,1.0,9.0,9.0,0.0,11.0,5.5,0.0,0.0,False,False,True,False,False
1615,32.0,187.96,212.0,100.0,0.0,0.0,0.0,100.0,100.0,5.0,144.0,11074.0,15457.0,123552.0,1084.0,173.0,3686.0,-747.0,159.0,0.0,0.0,0.0,3686.0,-747.0,159.0,0.0,30.0,42.0,69.8,340.0,8.2,9.0,3.0,0.0,160.8,10.0,-3.0,-1.5,0.0,0.0,0.0,0.0,0.0,10.0,-1.5,0.0,0.0,False,True,False,False,False
1616,82.0,195.57999999999998,219.0,4.63,32.0,0.0,117.0,100.0,100.0,2.0,40.0,9710.0,15063.0,125498.0,1088.0,356.0,3791.0,12186.0,191.0,0.0,234.0,0.0,3791.0,12420.0,191.0,0.0,9.0,19.0,66.0,128.0,7.5,7.5,1.0,0.0,143.0,4.0,11.0,3.0,0.0,0.0,18.0,0.0,0.0,4.0,3.0,0.0,0.0,False,True,False,False,False
1617,6.0,177.8,219.0,100.0,39.5,0.0,123.0,100.0,100.0,4.0,105.0,0.0,0.0,0.0,0.0,0.0,0.0,0.0,0.0,0.0,0.0,0.0,0.0,0.0,0.0,0.0,0.0,0.0,0.0,0.0,0.0,0.0,0.0,0.0,0.0,0.0,0.0,0.0,0.0,0.0,0.0,0.0,0.0,0.0,0.0,0.0,0.0,False,False,True,False,False
1618,52.0,182.88,179.0,4.36,38.0,0.0,127.0,6.82,4.19,4.0,110.0,0.0,0.0,0.0,0.0,0.0,111.0,1430.0,0.0,800.0,15741.0,129.0,911.0,17171.0,129.0,0.0,0.0,0.0,0.0,0.0,0.0,0.0,0.0,0.0,0.0,1.0,15.0,15.0,0.0,1.0,32.0,12.0,0.0,1.0,14.7,0.0,0.0,False,False,False,False,True
1619,142.0,177.8,194.0,4.39,32.5,0.0,117.0,100.0,100.0,7.0,228.0,0.0,0.0,0.0,0.0,0.0,2991.0,18440.0,188.0,2104.0,23684.0,182.0,5095.0,42124.0,370.0,0.0,0.0,0.0,0.0,0.0,0.0,0.0,0.0,0.0,0.0,3.0,8.0,5.8,0.0,2.0,12.0,7.65,0.0,3.0,4.9,0.0,0.0,False,False,True,False,False
1620,76.0,195.57999999999998,251.0,100.0,0.0,0.0,0.0,100.0,100.0,2.0,42.0,0.0,0.0,0.0,0.0,0.0,0.0,0.0,0.0,2117.0,20690.0,89.0,2117.0,20690.0,89.0,0.0,0.0,0.0,0.0,0.0,0.0,0.0,0.0,0.0,0.0,0.0,0.0,0.0,0.0,3.0,28.0,9.7,0.0,3.0,9.7,0.0,0.0,False,False,False,True,False
1621,8.0,193.04,214.0,4.43,39.5,17.0,129.0,6.85,4.05,3.0,70.0,0.0,0.0,0.0,0.0,0.0,25.0,0.0,0.0,1021.0,12927.0,74.0,1046.0,12927.0,74.0,0.0,0.0,0.0,0.0,0.0,0.0,0.0,0.0,0.0,0.0,1.0,0.0,0.0,0.0,3.0,31.0,10.3,0.0,3.0,10.3,0.0,0.0,False,False,False,False,True
1622,184.0,175.26,206.0,4.32,40.5,0.0,130.0,100.0,4.41,4.0,104.0,0.0,0.0,0.0,0.0,0.0,6028.0,32172.0,354.0,835.0,6677.0,89.0,6863.0,38849.0,443.0,0.0,0.0,0.0,0.0,0.0,0.0,0.0,0.0,0.0,0.0,16.0,80.0,4.5,1.0,3.0,20.0,9.0,0.0,17.0,4.9,0.0,0.0,False,False,True,False,False
1623,88.0,187.96,219.0,100.0,0.0,0.0,0.0,100.0,100.0,1.0,1.0,0.0,0.0,0.0,0.0,0.0,0.0,0.0,0.0,0.0,0.0,0.0,0.0,0.0,0.0,0.0,0.0,0.0,0.0,0.0,0.0,0.0,0.0,0.0,0.0,0.0,0.0,0.0,0.0,0.0,0.0,0.0,0.0,0.0,0.0,0.0,0.0,False,True,False,False,False
1624,132.0,198.12,256.0,100.0,0.0,0.0,0.0,100.0,100.0,1.0,14.0,42.0,62.0,514.0,17.0,0.0,588.0,2834.0,137.0,1973.0,22389.0,300.0,2561.0,25223.0,437.0,1396.06,1.0,1.0,100.0,9.0,9.0,9.0,0.0,0.0,175.6,1.0,2.0,2.0,0.0,2.0,25.0,11.15,0.0,2.0,7.7,21.78,0.0,False,False,False,True,False
1625,32.0,177.8,163.0,4.46,32.0,0.0,121.0,100.0,100.0,6.0,203.0,0.0,0.0,0.0,0.0,0.0,878.0,5165.0,31.0,7292.0,78389.0,680.0,8170.0,83554.0,711.0,0.0,0.0,0.0,0.0,0.0,0.0,0.0,0.0,0.0,0.0,1.0,5.0,5.0,0.0,5.0,55.0,10.1,0.0,5.0,10.1,0.0,0.0,False,False,False,False,True
1626,187.0,180.34,190.0,4.4,36.5,0.0,119.0,100.0,100.0,3.0,69.0,152.0,152.0,4269.0,117.0,0.0,4166.0,28018.0,0.0,32052.0,431304.0,3951.0,36218.0,459322.0,3951.0,0.0,1.0,1.0,100.0,32.0,32.0,52.0,1.0,0.0,698.8,1.0,4.0,4.0,0.0,3.0,38.0,11.8,0.0,3.0,11.0,0.0,2.9000000000000004,False,False,False,False,True
1627,160.0,193.04,222.0,4.48,0.0,0.0,0.0,100.0,100.0,3.0,87.0,31.0,31.0,150.0,21.0,0.0,830.0,5138.0,57.0,2314.0,28864.0,250.0,3144.0,34002.0,307.0,731.7,1.0,1.0,100.0,6.0,6.0,26.0,1.0,0.0,480.4,1.0,7.0,5.0,0.0,3.0,37.0,11.5,0.0,3.0,10.3,25.14,0.0,False,False,False,False,True
